	brf_gmo	brf_gmo__nrlmf	brf_gso__nrlmf	brf_lmo	bxt_gmo	bxt_gmo__nrlmf	bxt_gmosa__nrlmf	bxt_gso__nrlmf
brf_gmo	1.0	4.2724609375e-05	0.5618896484375	4.2724609375e-05	4.2724609375e-05	4.2724609375e-05	0.0007379705255681819	0.0001220703125
brf_gmo__nrlmf	4.2724609375e-05	1.0	4.2724609375e-05	4.2724609375e-05	4.2724609375e-05	4.2724609375e-05	4.2724609375e-05	4.2724609375e-05
brf_gso__nrlmf	0.5618896484375	4.2724609375e-05	1.0	4.2724609375e-05	4.2724609375e-05	4.2724609375e-05	4.2724609375e-05	4.2724609375e-05
brf_lmo	4.2724609375e-05	4.2724609375e-05	4.2724609375e-05	1.0	4.2724609375e-05	4.2724609375e-05	0.4809208622685185	0.4809208622685185
bxt_gmo	4.2724609375e-05	4.2724609375e-05	4.2724609375e-05	4.2724609375e-05	1.0	4.2724609375e-05	0.024958292643229168	0.0015975288722826087
bxt_gmo__nrlmf	4.2724609375e-05	4.2724609375e-05	4.2724609375e-05	4.2724609375e-05	4.2724609375e-05	1.0	4.2724609375e-05	4.2724609375e-05
bxt_gmosa__nrlmf	0.0007379705255681819	4.2724609375e-05	4.2724609375e-05	0.4809208622685185	0.024958292643229168	4.2724609375e-05	1.0	0.4809208622685185
bxt_gso__nrlmf	0.0001220703125	4.2724609375e-05	4.2724609375e-05	0.4809208622685185	0.0015975288722826087	4.2724609375e-05	0.4809208622685185	1.0
