	brf_gmo	brf_gmo__nrlmf	brf_gso__nrlmf	brf_lmo	bxt_gmo	bxt_gmo__nrlmf	bxt_gmosa__nrlmf	bxt_gso__nrlmf
brf_gmo	1.0	4.2724609375e-05	0.00018575917119565219	4.2724609375e-05	4.2724609375e-05	4.2724609375e-05	4.2724609375e-05	8.138020833333333e-05
brf_gmo__nrlmf	4.2724609375e-05	1.0	4.2724609375e-05	4.2724609375e-05	4.2724609375e-05	0.00024922688802083337	4.2724609375e-05	4.2724609375e-05
brf_gso__nrlmf	0.00018575917119565219	4.2724609375e-05	1.0	4.2724609375e-05	4.2724609375e-05	4.2724609375e-05	4.2724609375e-05	4.2724609375e-05
brf_lmo	4.2724609375e-05	4.2724609375e-05	4.2724609375e-05	1.0	4.2724609375e-05	4.2724609375e-05	0.348388671875	0.22768930288461536
bxt_gmo	4.2724609375e-05	4.2724609375e-05	4.2724609375e-05	4.2724609375e-05	1.0	4.2724609375e-05	0.000341796875	0.00011652166193181819
bxt_gmo__nrlmf	4.2724609375e-05	0.00024922688802083337	4.2724609375e-05	4.2724609375e-05	4.2724609375e-05	1.0	4.2724609375e-05	4.2724609375e-05
bxt_gmosa__nrlmf	4.2724609375e-05	4.2724609375e-05	4.2724609375e-05	0.348388671875	0.000341796875	4.2724609375e-05	1.0	0.348388671875
bxt_gso__nrlmf	8.138020833333333e-05	4.2724609375e-05	4.2724609375e-05	0.22768930288461536	0.00011652166193181819	4.2724609375e-05	0.348388671875	1.0
