	brf_gmo	brf_gmo__nrlmf	brf_gso__nrlmf	brf_lmo	bxt_gmo	bxt_gmo__nrlmf	bxt_gmosa__nrlmf	bxt_gso__nrlmf
brf_gmo	1.0	6.573016826923077e-05	6.573016826923077e-05	6.573016826923077e-05	6.573016826923077e-05	0.00035184972426470593	6.573016826923077e-05	6.573016826923077e-05
brf_gmo__nrlmf	6.573016826923077e-05	1.0	0.705718994140625	0.0019338507401315788	6.573016826923077e-05	0.019731001420454544	0.1888427734375	0.00035184972426470593
brf_gso__nrlmf	6.573016826923077e-05	0.705718994140625	1.0	0.029123942057291668	6.573016826923077e-05	0.0001220703125	0.008382161458333334	0.00299072265625
brf_lmo	6.573016826923077e-05	0.0019338507401315788	0.029123942057291668	1.0	6.573016826923077e-05	0.0015665690104166665	0.3893636067708333	0.022216796875
bxt_gmo	6.573016826923077e-05	6.573016826923077e-05	6.573016826923077e-05	6.573016826923077e-05	1.0	6.573016826923077e-05	6.573016826923077e-05	6.573016826923077e-05
bxt_gmo__nrlmf	0.00035184972426470593	0.019731001420454544	0.0001220703125	0.0015665690104166665	6.573016826923077e-05	1.0	6.573016826923077e-05	0.0002848307291666667
bxt_gmosa__nrlmf	6.573016826923077e-05	0.1888427734375	0.008382161458333334	0.3893636067708333	6.573016826923077e-05	6.573016826923077e-05	1.0	0.032470703125
bxt_gso__nrlmf	6.573016826923077e-05	0.00035184972426470593	0.00299072265625	0.022216796875	6.573016826923077e-05	0.0002848307291666667	0.032470703125	1.0
