	brf_gmo	brf_gmo__nrlmf	brf_gso__nrlmf	brf_lmo	bxt_gmo	bxt_gmo__nrlmf	bxt_gmosa__nrlmf	bxt_gso__nrlmf
brf_gmo	1.0	0.010172526041666666	0.3073779296875	0.00015079273897058824	5.340576171875e-05	0.0006296258223684211	5.340576171875e-05	5.340576171875e-05
brf_gmo__nrlmf	0.010172526041666666	1.0	0.01666259765625	0.00033230251736111107	5.340576171875e-05	0.030390200407608696	5.340576171875e-05	5.340576171875e-05
brf_gso__nrlmf	0.3073779296875	0.01666259765625	1.0	5.340576171875e-05	5.340576171875e-05	0.00469970703125	5.340576171875e-05	5.340576171875e-05
brf_lmo	0.00015079273897058824	0.00033230251736111107	5.340576171875e-05	1.0	0.899932861328125	0.44924135561342593	5.340576171875e-05	5.340576171875e-05
bxt_gmo	5.340576171875e-05	5.340576171875e-05	5.340576171875e-05	0.899932861328125	1.0	0.13611348470052084	5.340576171875e-05	5.340576171875e-05
bxt_gmo__nrlmf	0.0006296258223684211	0.030390200407608696	0.00469970703125	0.44924135561342593	0.13611348470052084	1.0	5.340576171875e-05	5.340576171875e-05
bxt_gmosa__nrlmf	5.340576171875e-05	5.340576171875e-05	5.340576171875e-05	5.340576171875e-05	5.340576171875e-05	5.340576171875e-05	1.0	0.32076322115384615
bxt_gso__nrlmf	5.340576171875e-05	5.340576171875e-05	5.340576171875e-05	5.340576171875e-05	5.340576171875e-05	5.340576171875e-05	0.32076322115384615	1.0
