	bxt_gmo	bxt_gmosa	bxt_gso	bxt_gso_1k__nrlmf	bxt_gso__nrlmf	bxt_lmo	bxt_lmo__nrlmf	bxt_lso	bxt_lso__nrlmf
bxt_gmo	1.0	0.00021972656249999998	0.00018310546875	0.00018310546875	0.00018310546875	0.00018310546875	0.00021972656249999998	0.0196380615234375	0.0009047564338235295
bxt_gmosa	0.00021972656249999998	1.0	0.979949951171875	0.0005126953125	0.00039236886160714287	0.27183314732142855	0.00115966796875	0.0014455694901315788	0.00021972656249999998
bxt_gso	0.00018310546875	0.979949951171875	1.0	0.003021240234375	0.0006866455078125	0.257080078125	0.004603794642857143	0.053494966947115384	0.00039236886160714287
bxt_gso_1k__nrlmf	0.00018310546875	0.0005126953125	0.003021240234375	1.0	0.6338012695312499	0.00021972656249999998	0.7521171569824219	0.9256452287946428	0.01248446377840909
bxt_gso__nrlmf	0.00018310546875	0.00039236886160714287	0.0006866455078125	0.6338012695312499	1.0	0.00018310546875	0.9256452287946428	0.7341347971270161	0.017195991847826088
bxt_lmo	0.00018310546875	0.27183314732142855	0.257080078125	0.00021972656249999998	0.00018310546875	1.0	0.000274658203125	0.000274658203125	0.00018310546875
bxt_lmo__nrlmf	0.00021972656249999998	0.00115966796875	0.004603794642857143	0.7521171569824219	0.9256452287946428	0.000274658203125	1.0	0.9256452287946428	0.041748046875
bxt_lso	0.0196380615234375	0.0014455694901315788	0.053494966947115384	0.9256452287946428	0.7341347971270161	0.000274658203125	0.9256452287946428	1.0	0.3131103515625
bxt_lso__nrlmf	0.0009047564338235295	0.00021972656249999998	0.00039236886160714287	0.01248446377840909	0.017195991847826088	0.00018310546875	0.041748046875	0.3131103515625	1.0
