	bxt_gmo	bxt_gmosa	bxt_gso	bxt_gso_1k__nrlmf	bxt_gso__nrlmf	bxt_lmo	bxt_lmo__nrlmf	bxt_lso	bxt_lso__nrlmf
bxt_gmo	1.0	4.225510817307692e-05	4.225510817307692e-05	4.225510817307692e-05	4.225510817307692e-05	4.225510817307692e-05	0.0001220703125	4.225510817307692e-05	4.225510817307692e-05
bxt_gmosa	4.225510817307692e-05	1.0	0.008082798549107142	4.225510817307692e-05	4.225510817307692e-05	0.15065445438508063	4.225510817307692e-05	4.225510817307692e-05	4.225510817307692e-05
bxt_gso	4.225510817307692e-05	0.008082798549107142	1.0	4.225510817307692e-05	4.225510817307692e-05	0.04796100484913793	4.225510817307692e-05	4.225510817307692e-05	4.225510817307692e-05
bxt_gso_1k__nrlmf	4.225510817307692e-05	4.225510817307692e-05	4.225510817307692e-05	1.0	0.19727325439453125	4.225510817307692e-05	0.29939408735795453	4.225510817307692e-05	0.09990234375
bxt_gso__nrlmf	4.225510817307692e-05	4.225510817307692e-05	4.225510817307692e-05	0.19727325439453125	1.0	4.225510817307692e-05	0.781951904296875	4.225510817307692e-05	0.7258823939732143
bxt_lmo	4.225510817307692e-05	0.15065445438508063	0.04796100484913793	4.225510817307692e-05	4.225510817307692e-05	1.0	4.225510817307692e-05	4.225510817307692e-05	4.225510817307692e-05
bxt_lmo__nrlmf	0.0001220703125	4.225510817307692e-05	4.225510817307692e-05	0.29939408735795453	0.781951904296875	4.225510817307692e-05	1.0	4.225510817307692e-05	0.7078749712775736
bxt_lso	4.225510817307692e-05	4.225510817307692e-05	4.225510817307692e-05	4.225510817307692e-05	4.225510817307692e-05	4.225510817307692e-05	4.225510817307692e-05	1.0	4.225510817307692e-05
bxt_lso__nrlmf	4.225510817307692e-05	4.225510817307692e-05	4.225510817307692e-05	0.09990234375	0.7258823939732143	4.225510817307692e-05	0.7078749712775736	4.225510817307692e-05	1.0
