	bxt_gmo	bxt_gmosa	bxt_gso	bxt_gso_1k__nrlmf	bxt_gso__nrlmf	bxt_lmo	bxt_lmo__nrlmf	bxt_lso	bxt_lso__nrlmf
bxt_gmo	1.0	3.923688616071428e-05	3.923688616071428e-05	0.2822858537946429	0.24480124080882354	3.923688616071428e-05	0.0031186995967741934	3.923688616071428e-05	0.0174407958984375
bxt_gmosa	3.923688616071428e-05	1.0	3.923688616071428e-05	3.923688616071428e-05	3.923688616071428e-05	3.923688616071428e-05	3.923688616071428e-05	3.923688616071428e-05	3.923688616071428e-05
bxt_gso	3.923688616071428e-05	3.923688616071428e-05	1.0	3.923688616071428e-05	3.923688616071428e-05	7.57677801724138e-05	3.923688616071428e-05	3.923688616071428e-05	3.923688616071428e-05
bxt_gso_1k__nrlmf	0.2822858537946429	3.923688616071428e-05	3.923688616071428e-05	1.0	0.03162730823863637	3.923688616071428e-05	0.00091552734375	3.923688616071428e-05	3.923688616071428e-05
bxt_gso__nrlmf	0.24480124080882354	3.923688616071428e-05	3.923688616071428e-05	0.03162730823863637	1.0	3.923688616071428e-05	0.4637451171875	3.923688616071428e-05	3.923688616071428e-05
bxt_lmo	3.923688616071428e-05	3.923688616071428e-05	7.57677801724138e-05	3.923688616071428e-05	3.923688616071428e-05	1.0	3.923688616071428e-05	3.923688616071428e-05	3.923688616071428e-05
bxt_lmo__nrlmf	0.0031186995967741934	3.923688616071428e-05	3.923688616071428e-05	0.00091552734375	0.4637451171875	3.923688616071428e-05	1.0	3.923688616071428e-05	3.923688616071428e-05
bxt_lso	3.923688616071428e-05	3.923688616071428e-05	3.923688616071428e-05	3.923688616071428e-05	3.923688616071428e-05	3.923688616071428e-05	3.923688616071428e-05	1.0	3.923688616071428e-05
bxt_lso__nrlmf	0.0174407958984375	3.923688616071428e-05	3.923688616071428e-05	3.923688616071428e-05	3.923688616071428e-05	3.923688616071428e-05	3.923688616071428e-05	3.923688616071428e-05	1.0
