	bxt_gmo	bxt_gmosa	bxt_gso	bxt_gso_1k__nrlmf	bxt_gso__nrlmf	bxt_lmo	bxt_lmo__nrlmf	bxt_lso	bxt_lso__nrlmf
bxt_gmo	1.0	0.0001220703125	0.0001220703125	0.0001220703125	0.0001220703125	0.0001220703125	0.0001220703125	0.0001220703125	0.0001220703125
bxt_gmosa	0.0001220703125	1.0	0.7521171569824219	0.7698752663352273	0.7521171569824219	0.00335693359375	0.027374267578125	0.8848388671875	0.0006866455078125
bxt_gso	0.0001220703125	0.7521171569824219	1.0	0.15555826822916666	0.3406898235452586	0.007167271205357142	0.11527193509615385	0.20450265066964285	0.00025353064903846156
bxt_gso_1k__nrlmf	0.0001220703125	0.7698752663352273	0.15555826822916666	1.0	0.7521171569824219	0.00335693359375	0.02426545516304348	0.8848388671875	0.00025353064903846156
bxt_gso__nrlmf	0.0001220703125	0.7521171569824219	0.3406898235452586	0.7521171569824219	1.0	0.004047594572368421	0.06380859375	0.979949951171875	0.0001220703125
bxt_lmo	0.0001220703125	0.00335693359375	0.007167271205357142	0.00335693359375	0.004047594572368421	1.0	0.02142333984375	0.0006866455078125	0.00021972656249999998
bxt_lmo__nrlmf	0.0001220703125	0.027374267578125	0.11527193509615385	0.02426545516304348	0.06380859375	0.02142333984375	1.0	0.004833984375	0.00025353064903846156
bxt_lso	0.0001220703125	0.8848388671875	0.20450265066964285	0.8848388671875	0.979949951171875	0.0006866455078125	0.004833984375	1.0	0.00039236886160714287
bxt_lso__nrlmf	0.0001220703125	0.0006866455078125	0.00025353064903846156	0.00025353064903846156	0.0001220703125	0.00021972656249999998	0.00025353064903846156	0.00039236886160714287	1.0
