	bxt_gmo	bxt_gmosa	bxt_gso	bxt_gso_1k__nrlmf	bxt_gso__nrlmf	bxt_lmo	bxt_lmo__nrlmf	bxt_lso	bxt_lso__nrlmf
bxt_gmo	1.0	4.39453125e-05	4.39453125e-05	0.0002651872306034483	0.0002651872306034483	4.39453125e-05	8.138020833333333e-05	4.39453125e-05	4.39453125e-05
bxt_gmosa	4.39453125e-05	1.0	4.39453125e-05	4.39453125e-05	4.39453125e-05	0.00377655029296875	4.39453125e-05	4.39453125e-05	4.39453125e-05
bxt_gso	4.39453125e-05	4.39453125e-05	1.0	4.39453125e-05	4.39453125e-05	8.138020833333333e-05	4.39453125e-05	4.39453125e-05	4.39453125e-05
bxt_gso_1k__nrlmf	0.0002651872306034483	4.39453125e-05	4.39453125e-05	1.0	0.016912286931818184	4.39453125e-05	0.0031186995967741934	4.39453125e-05	0.00069580078125
bxt_gso__nrlmf	0.0002651872306034483	4.39453125e-05	4.39453125e-05	0.016912286931818184	1.0	4.39453125e-05	0.0782614315257353	4.39453125e-05	0.252227783203125
bxt_lmo	4.39453125e-05	0.00377655029296875	8.138020833333333e-05	4.39453125e-05	4.39453125e-05	1.0	4.39453125e-05	4.39453125e-05	4.39453125e-05
bxt_lmo__nrlmf	8.138020833333333e-05	4.39453125e-05	4.39453125e-05	0.0031186995967741934	0.0782614315257353	4.39453125e-05	1.0	4.39453125e-05	0.252227783203125
bxt_lso	4.39453125e-05	4.39453125e-05	4.39453125e-05	4.39453125e-05	4.39453125e-05	4.39453125e-05	4.39453125e-05	1.0	4.39453125e-05
bxt_lso__nrlmf	4.39453125e-05	4.39453125e-05	4.39453125e-05	0.00069580078125	0.252227783203125	4.39453125e-05	0.252227783203125	4.39453125e-05	1.0
