	bxt_gmo	bxt_gmosa	bxt_gso	bxt_gso_1k__nrlmf	bxt_gso__nrlmf	bxt_lmo	bxt_lmo__nrlmf	bxt_lso	bxt_lso__nrlmf
bxt_gmo	1.0	9.1552734375e-05	9.1552734375e-05	9.1552734375e-05	9.1552734375e-05	9.1552734375e-05	9.1552734375e-05	9.1552734375e-05	9.1552734375e-05
bxt_gmosa	9.1552734375e-05	1.0	0.979949951171875	0.09055269681490384	0.0157470703125	0.001373291015625	0.0005782277960526315	0.020491890285326088	0.055634765625
bxt_gso	9.1552734375e-05	0.979949951171875	1.0	0.020491890285326088	0.043487548828125	0.15555826822916666	0.18496268136160715	0.0003662109375	0.0005782277960526315
bxt_gso_1k__nrlmf	9.1552734375e-05	0.09055269681490384	0.020491890285326088	1.0	0.9256452287946428	0.5945068359375	0.5945068359375	9.1552734375e-05	9.1552734375e-05
bxt_gso__nrlmf	9.1552734375e-05	0.0157470703125	0.043487548828125	0.9256452287946428	1.0	0.8279490751378676	0.6133560672883064	0.00025353064903846156	0.0003662109375
bxt_lmo	9.1552734375e-05	0.001373291015625	0.15555826822916666	0.5945068359375	0.8279490751378676	1.0	0.8279490751378676	9.1552734375e-05	0.0004523782169117647
bxt_lmo__nrlmf	9.1552734375e-05	0.0005782277960526315	0.18496268136160715	0.5945068359375	0.6133560672883064	0.8279490751378676	1.0	9.1552734375e-05	0.0004523782169117647
bxt_lso	9.1552734375e-05	0.020491890285326088	0.0003662109375	9.1552734375e-05	0.00025353064903846156	9.1552734375e-05	9.1552734375e-05	1.0	0.6711616516113281
bxt_lso__nrlmf	9.1552734375e-05	0.055634765625	0.0005782277960526315	9.1552734375e-05	0.0003662109375	0.0004523782169117647	0.0004523782169117647	0.6711616516113281	1.0
