	bxt_gmo	bxt_gmosa	bxt_gso	bxt_gso_1k__nrlmf	bxt_gso__nrlmf	bxt_lmo	bxt_lmo__nrlmf	bxt_lso	bxt_lso__nrlmf
bxt_gmo	1.0	4.225510817307692e-05	4.225510817307692e-05	0.1373614142922794	0.0040283203125	4.225510817307692e-05	0.3583426339285714	4.225510817307692e-05	0.0007455008370535714
bxt_gmosa	4.225510817307692e-05	1.0	0.004855248235887097	4.225510817307692e-05	4.225510817307692e-05	0.0016290072737068966	4.225510817307692e-05	4.225510817307692e-05	4.225510817307692e-05
bxt_gso	4.225510817307692e-05	0.004855248235887097	1.0	4.225510817307692e-05	4.225510817307692e-05	0.899932861328125	4.225510817307692e-05	4.225510817307692e-05	4.225510817307692e-05
bxt_gso_1k__nrlmf	0.1373614142922794	4.225510817307692e-05	4.225510817307692e-05	1.0	0.027232776988636364	4.225510817307692e-05	0.005802154541015625	4.225510817307692e-05	4.225510817307692e-05
bxt_gso__nrlmf	0.0040283203125	4.225510817307692e-05	4.225510817307692e-05	0.027232776988636364	1.0	4.225510817307692e-05	0.0005696614583333334	4.225510817307692e-05	4.225510817307692e-05
bxt_lmo	4.225510817307692e-05	0.0016290072737068966	0.899932861328125	4.225510817307692e-05	4.225510817307692e-05	1.0	4.225510817307692e-05	4.225510817307692e-05	4.225510817307692e-05
bxt_lmo__nrlmf	0.3583426339285714	4.225510817307692e-05	4.225510817307692e-05	0.005802154541015625	0.0005696614583333334	4.225510817307692e-05	1.0	4.225510817307692e-05	4.225510817307692e-05
bxt_lso	4.225510817307692e-05	4.225510817307692e-05	4.225510817307692e-05	4.225510817307692e-05	4.225510817307692e-05	4.225510817307692e-05	4.225510817307692e-05	1.0	4.225510817307692e-05
bxt_lso__nrlmf	0.0007455008370535714	4.225510817307692e-05	4.225510817307692e-05	4.225510817307692e-05	4.225510817307692e-05	4.225510817307692e-05	4.225510817307692e-05	4.225510817307692e-05	1.0
