	bxt_gmo	bxt_gmosa	bxt_gso	bxt_gso_1k__nrlmf	bxt_gso__nrlmf	bxt_lmo	bxt_lmo__nrlmf	bxt_lso	bxt_lso__nrlmf
bxt_gmo	1.0	4.225510817307692e-05	4.225510817307692e-05	0.415283203125	0.012359619140625	4.225510817307692e-05	0.34148092830882354	4.225510817307692e-05	0.00120849609375
bxt_gmosa	4.225510817307692e-05	1.0	0.000980922154017857	4.225510817307692e-05	4.225510817307692e-05	0.00120849609375	4.225510817307692e-05	4.225510817307692e-05	4.225510817307692e-05
bxt_gso	4.225510817307692e-05	0.000980922154017857	1.0	4.225510817307692e-05	4.225510817307692e-05	0.596588134765625	4.225510817307692e-05	4.225510817307692e-05	4.225510817307692e-05
bxt_gso_1k__nrlmf	0.415283203125	4.225510817307692e-05	4.225510817307692e-05	1.0	0.06292169744318182	4.225510817307692e-05	0.012359619140625	4.225510817307692e-05	4.225510817307692e-05
bxt_gso__nrlmf	0.012359619140625	4.225510817307692e-05	4.225510817307692e-05	0.06292169744318182	1.0	4.225510817307692e-05	0.00020345052083333334	4.225510817307692e-05	4.225510817307692e-05
bxt_lmo	4.225510817307692e-05	0.00120849609375	0.596588134765625	4.225510817307692e-05	4.225510817307692e-05	1.0	4.225510817307692e-05	4.225510817307692e-05	4.225510817307692e-05
bxt_lmo__nrlmf	0.34148092830882354	4.225510817307692e-05	4.225510817307692e-05	0.012359619140625	0.00020345052083333334	4.225510817307692e-05	1.0	4.225510817307692e-05	4.225510817307692e-05
bxt_lso	4.225510817307692e-05	4.225510817307692e-05	4.225510817307692e-05	4.225510817307692e-05	4.225510817307692e-05	4.225510817307692e-05	4.225510817307692e-05	1.0	4.225510817307692e-05
bxt_lso__nrlmf	0.00120849609375	4.225510817307692e-05	4.225510817307692e-05	4.225510817307692e-05	4.225510817307692e-05	4.225510817307692e-05	4.225510817307692e-05	4.225510817307692e-05	1.0
