	bxt_gmo	bxt_gmosa	bxt_gso	bxt_gso_1k__nrlmf	bxt_gso__nrlmf	bxt_lmo	bxt_lmo__nrlmf	bxt_lso	bxt_lso__nrlmf
bxt_gmo	1.0	4.39453125e-05	4.39453125e-05	0.0010172526041666667	0.0016290072737068966	4.39453125e-05	0.030697093290441176	4.39453125e-05	0.0012948172433035715
bxt_gmosa	4.39453125e-05	1.0	0.00707244873046875	4.39453125e-05	4.39453125e-05	0.0019491872479838709	4.39453125e-05	4.39453125e-05	4.39453125e-05
bxt_gso	4.39453125e-05	0.00707244873046875	1.0	4.39453125e-05	4.39453125e-05	0.19831891741071428	4.39453125e-05	4.39453125e-05	4.39453125e-05
bxt_gso_1k__nrlmf	0.0010172526041666667	4.39453125e-05	4.39453125e-05	1.0	0.274444580078125	4.39453125e-05	0.0019491872479838709	4.39453125e-05	4.39453125e-05
bxt_gso__nrlmf	0.0016290072737068966	4.39453125e-05	4.39453125e-05	0.274444580078125	1.0	4.39453125e-05	0.011985085227272728	4.39453125e-05	8.451021634615384e-05
bxt_lmo	4.39453125e-05	0.0019491872479838709	0.19831891741071428	4.39453125e-05	4.39453125e-05	1.0	4.39453125e-05	4.39453125e-05	4.39453125e-05
bxt_lmo__nrlmf	0.030697093290441176	4.39453125e-05	4.39453125e-05	0.0019491872479838709	0.011985085227272728	4.39453125e-05	1.0	4.39453125e-05	4.39453125e-05
bxt_lso	4.39453125e-05	4.39453125e-05	4.39453125e-05	4.39453125e-05	4.39453125e-05	4.39453125e-05	4.39453125e-05	1.0	4.39453125e-05
bxt_lso__nrlmf	0.0012948172433035715	4.39453125e-05	4.39453125e-05	4.39453125e-05	8.451021634615384e-05	4.39453125e-05	4.39453125e-05	4.39453125e-05	1.0
