	bxt_gmo	bxt_gmosa	bxt_gso	bxt_gso_1k__nrlmf	bxt_gso__nrlmf	bxt_lmo	bxt_lmo__nrlmf	bxt_lso	bxt_lso__nrlmf
bxt_gmo	1.0	4.39453125e-05	4.39453125e-05	0.016912286931818184	0.00707244873046875	4.39453125e-05	0.23780691964285713	4.39453125e-05	0.00020345052083333334
bxt_gmosa	4.39453125e-05	1.0	0.00274658203125	4.39453125e-05	4.39453125e-05	0.004855248235887097	4.39453125e-05	4.39453125e-05	4.39453125e-05
bxt_gso	4.39453125e-05	0.00274658203125	1.0	4.39453125e-05	4.39453125e-05	0.781951904296875	4.39453125e-05	4.39453125e-05	4.39453125e-05
bxt_gso_1k__nrlmf	0.016912286931818184	4.39453125e-05	4.39453125e-05	1.0	0.09894157858455882	4.39453125e-05	0.004855248235887097	4.39453125e-05	4.39453125e-05
bxt_gso__nrlmf	0.00707244873046875	4.39453125e-05	4.39453125e-05	0.09894157858455882	1.0	4.39453125e-05	0.004167227909482758	4.39453125e-05	8.451021634615384e-05
bxt_lmo	4.39453125e-05	0.004855248235887097	0.781951904296875	4.39453125e-05	4.39453125e-05	1.0	4.39453125e-05	4.39453125e-05	4.39453125e-05
bxt_lmo__nrlmf	0.23780691964285713	4.39453125e-05	4.39453125e-05	0.004855248235887097	0.004167227909482758	4.39453125e-05	1.0	4.39453125e-05	4.39453125e-05
bxt_lso	4.39453125e-05	4.39453125e-05	4.39453125e-05	4.39453125e-05	4.39453125e-05	4.39453125e-05	4.39453125e-05	1.0	4.39453125e-05
bxt_lso__nrlmf	0.00020345052083333334	4.39453125e-05	4.39453125e-05	4.39453125e-05	8.451021634615384e-05	4.39453125e-05	4.39453125e-05	4.39453125e-05	1.0
