	bxt_gmo	bxt_gmosa	bxt_gso	bxt_gso_1k__nrlmf	bxt_gso__nrlmf	bxt_lmo	bxt_lmo__nrlmf	bxt_lso	bxt_lso__nrlmf
bxt_gmo	1.0	0.0033436650815217395	0.005035400390625	0.0016479492187499998	0.000146484375	0.000146484375	0.000146484375	0.0009940011160714285	0.00054931640625
bxt_gmosa	0.0033436650815217395	1.0	0.060791015625	0.0004047594572368421	0.0001938763786764706	0.5779436383928571	0.000146484375	0.029620830829326924	0.45867919921875
bxt_gso	0.005035400390625	0.060791015625	1.0	0.0004047594572368421	0.000146484375	0.07357406616210938	0.000146484375	0.0001938763786764706	0.860260009765625
bxt_gso_1k__nrlmf	0.0016479492187499998	0.0004047594572368421	0.0004047594572368421	1.0	0.04967389787946429	0.000146484375	0.02232421875	0.000146484375	0.000146484375
bxt_gso__nrlmf	0.000146484375	0.0001938763786764706	0.000146484375	0.04967389787946429	1.0	0.000146484375	0.35182883522727276	0.000146484375	0.000146484375
bxt_lmo	0.000146484375	0.5779436383928571	0.07357406616210938	0.000146484375	0.000146484375	1.0	0.000146484375	0.04967389787946429	0.060791015625
bxt_lmo__nrlmf	0.000146484375	0.000146484375	0.000146484375	0.02232421875	0.35182883522727276	0.000146484375	1.0	0.000146484375	0.000146484375
bxt_lso	0.0009940011160714285	0.029620830829326924	0.0001938763786764706	0.000146484375	0.000146484375	0.04967389787946429	0.000146484375	1.0	0.06698116179435483
bxt_lso__nrlmf	0.00054931640625	0.45867919921875	0.860260009765625	0.000146484375	0.000146484375	0.060791015625	0.000146484375	0.06698116179435483	1.0
