	bxt_gmo	bxt_gmosa	bxt_gso	bxt_gso_1k__nrlmf	bxt_gso__nrlmf	bxt_lmo	bxt_lmo__nrlmf	bxt_lso	bxt_lso__nrlmf
bxt_gmo	1.0	6.103515625e-05	6.103515625e-05	0.0003204345703125	6.103515625e-05	0.0002496892755681818	0.0003204345703125	6.103515625e-05	0.4910242417279412
bxt_gmosa	6.103515625e-05	1.0	0.00042255108173076925	6.103515625e-05	6.103515625e-05	6.103515625e-05	6.103515625e-05	6.103515625e-05	6.103515625e-05
bxt_gso	6.103515625e-05	0.00042255108173076925	1.0	6.103515625e-05	6.103515625e-05	0.00010986328124999999	0.04024658203125	0.00010986328124999999	6.103515625e-05
bxt_gso_1k__nrlmf	0.0003204345703125	6.103515625e-05	6.103515625e-05	1.0	0.04346466064453125	0.979949951171875	0.04346466064453125	6.103515625e-05	0.0002496892755681818
bxt_gso__nrlmf	6.103515625e-05	6.103515625e-05	6.103515625e-05	0.04346466064453125	1.0	0.03098902209051724	0.5432582310267857	6.103515625e-05	0.00042255108173076925
bxt_lmo	0.0002496892755681818	6.103515625e-05	0.00010986328124999999	0.979949951171875	0.03098902209051724	1.0	0.3800603693181818	6.103515625e-05	0.014125279017857142
bxt_lmo__nrlmf	0.0003204345703125	6.103515625e-05	0.04024658203125	0.04346466064453125	0.5432582310267857	0.3800603693181818	1.0	6.103515625e-05	0.0010172526041666667
bxt_lso	6.103515625e-05	6.103515625e-05	0.00010986328124999999	6.103515625e-05	6.103515625e-05	6.103515625e-05	6.103515625e-05	1.0	6.103515625e-05
bxt_lso__nrlmf	0.4910242417279412	6.103515625e-05	6.103515625e-05	0.0002496892755681818	0.00042255108173076925	0.014125279017857142	0.0010172526041666667	6.103515625e-05	1.0
