	bxt_gmo	bxt_gmosa	bxt_gso	bxt_gso_1k__nrlmf	bxt_gso__nrlmf	bxt_lmo	bxt_lmo__nrlmf	bxt_lso	bxt_lso__nrlmf
bxt_gmo	1.0	9.1552734375e-05	9.1552734375e-05	0.0010437011718749999	9.1552734375e-05	0.057952880859375	0.10703822544642858	0.0003662109375	0.362823486328125
bxt_gmosa	9.1552734375e-05	1.0	0.09855143229166667	9.1552734375e-05	9.1552734375e-05	0.00023542131696428572	9.1552734375e-05	9.1552734375e-05	9.1552734375e-05
bxt_gso	9.1552734375e-05	0.09855143229166667	1.0	9.1552734375e-05	9.1552734375e-05	0.0004523782169117647	9.1552734375e-05	9.1552734375e-05	0.0001690204326923077
bxt_gso_1k__nrlmf	0.0010437011718749999	9.1552734375e-05	9.1552734375e-05	1.0	0.0004523782169117647	0.781951904296875	0.07986215444711539	0.07986215444711539	0.008439497514204544
bxt_gso__nrlmf	9.1552734375e-05	9.1552734375e-05	9.1552734375e-05	0.0004523782169117647	1.0	0.11600047144396551	0.0008095189144736842	0.781951904296875	0.008439497514204544
bxt_lmo	0.057952880859375	0.00023542131696428572	0.0004523782169117647	0.781951904296875	0.11600047144396551	1.0	0.397543514476103	0.14000244140624998	0.20363690776209675
bxt_lmo__nrlmf	0.10703822544642858	9.1552734375e-05	9.1552734375e-05	0.07986215444711539	0.0008095189144736842	0.397543514476103	1.0	0.0008095189144736842	0.397543514476103
bxt_lso	0.0003662109375	9.1552734375e-05	9.1552734375e-05	0.07986215444711539	0.781951904296875	0.14000244140624998	0.0008095189144736842	1.0	0.011941661005434784
bxt_lso__nrlmf	0.362823486328125	9.1552734375e-05	0.0001690204326923077	0.008439497514204544	0.008439497514204544	0.20363690776209675	0.397543514476103	0.011941661005434784	1.0
