	brf_gmo	brf_gmo__nrlmf	brf_gmosa	brf_gmosa__nrlmf	brf_gso	brf_gso__nrlmf	brf_lmo	brf_lmo__nrlmf
brf_gmo	1.0	0.03883192274305555	0.007832845052083334	0.005340576171875	0.0146331787109375	0.0213623046875	0.005340576171875	0.005340576171875
brf_gmo__nrlmf	0.03883192274305555	1.0	0.021433512369791668	0.054089355468749996	0.09407182173295454	0.3762613932291667	0.03883192274305555	0.3341064453125
brf_gmosa	0.007832845052083334	0.021433512369791668	1.0	0.02618408203125	0.0042724609375	0.0056396484374999995	0.03883192274305555	0.0146331787109375
brf_gmosa__nrlmf	0.005340576171875	0.054089355468749996	0.02618408203125	1.0	0.4851806640625	0.021433512369791668	0.8109130859375	0.023662860576923076
brf_gso	0.0146331787109375	0.09407182173295454	0.0042724609375	0.4851806640625	1.0	0.042724609375	0.979949951171875	0.09407182173295454
brf_gso__nrlmf	0.0213623046875	0.3762613932291667	0.0056396484374999995	0.021433512369791668	0.042724609375	1.0	0.028938802083333333	0.6424795297475961
brf_lmo	0.005340576171875	0.03883192274305555	0.03883192274305555	0.8109130859375	0.979949951171875	0.028938802083333333	1.0	0.01604546440972222
brf_lmo__nrlmf	0.005340576171875	0.3341064453125	0.0146331787109375	0.023662860576923076	0.09407182173295454	0.6424795297475961	0.01604546440972222	1.0
