	brf_gmosa	brf_gso	brf_gso__nrlmf	brf_lmo	brf_lmo__nrlmf	brf_lso
brf_gmosa	1.0	0.002288818359375	0.0075531005859375	0.04680633544921875	0.01934051513671875	0.1426141912286932
brf_gso	0.002288818359375	1.0	0.04831949869791667	0.979949951171875	0.110870361328125	0.1798248291015625
brf_gso__nrlmf	0.0075531005859375	0.04831949869791667	1.0	0.03875732421875	0.6392015729631696	0.03875732421875
brf_lmo	0.04680633544921875	0.979949951171875	0.03875732421875	1.0	0.01934051513671875	0.24395282451923075
brf_lmo__nrlmf	0.01934051513671875	0.110870361328125	0.6392015729631696	0.01934051513671875	1.0	0.04680633544921875
brf_lso	0.1426141912286932	0.1798248291015625	0.03875732421875	0.24395282451923075	0.04680633544921875	1.0
