	brf_gmo	brf_gmo__nrlmf	brf_gmosa	brf_gmosa__nrlmf	brf_gso	brf_gso__nrlmf	brf_lmo	brf_lmo__nrlmf
brf_gmo	1.0	0.00688620174632353	0.93988037109375	0.0019420276988636365	0.06167204483695653	0.00262451171875	0.02689401726973684	0.00293731689453125
brf_gmo__nrlmf	0.00688620174632353	1.0	0.06167204483695653	0.00262451171875	0.7318567346643519	0.00293731689453125	0.25894531249999997	0.014289008246527776
brf_gmosa	0.93988037109375	0.06167204483695653	1.0	0.0005126953125	0.00262451171875	0.00042724609375	0.0019420276988636365	0.00042724609375
brf_gmosa__nrlmf	0.0019420276988636365	0.00262451171875	0.0005126953125	1.0	0.001708984375	0.6808002178485577	0.0019420276988636365	0.06167204483695653
brf_gso	0.06167204483695653	0.7318567346643519	0.00262451171875	0.001708984375	1.0	0.0005126953125	0.24666341145833334	0.0019420276988636365
brf_gso__nrlmf	0.00262451171875	0.00293731689453125	0.00042724609375	0.6808002178485577	0.0005126953125	1.0	0.0009969075520833335	0.0005126953125
brf_lmo	0.02689401726973684	0.25894531249999997	0.0019420276988636365	0.0019420276988636365	0.24666341145833334	0.0009969075520833335	1.0	0.06167204483695653
brf_lmo__nrlmf	0.00293731689453125	0.014289008246527776	0.00042724609375	0.06167204483695653	0.0019420276988636365	0.0005126953125	0.06167204483695653	1.0
