	brf_gmo	brf_gmo__nrlmf	brf_gmosa	brf_gmosa__nrlmf	brf_gso	brf_gso__nrlmf	brf_lmo	brf_lmo__nrlmf
brf_gmo	1.0	7.120768229166667e-05	7.120768229166667e-05	8.994654605263157e-05	8.994654605263157e-05	0.28146229619565216	8.994654605263157e-05	0.19181315104166666
brf_gmo__nrlmf	7.120768229166667e-05	1.0	7.120768229166667e-05	7.120768229166667e-05	7.120768229166667e-05	8.994654605263157e-05	7.120768229166667e-05	8.994654605263157e-05
brf_gmosa	7.120768229166667e-05	7.120768229166667e-05	1.0	0.3762613932291667	0.93988037109375	8.994654605263157e-05	0.9332637080439815	8.994654605263157e-05
brf_gmosa__nrlmf	8.994654605263157e-05	7.120768229166667e-05	0.3762613932291667	1.0	0.13082275390625	7.120768229166667e-05	0.28146229619565216	7.120768229166667e-05
brf_gso	8.994654605263157e-05	7.120768229166667e-05	0.93988037109375	0.13082275390625	1.0	7.120768229166667e-05	0.8007577749399039	7.120768229166667e-05
brf_gso__nrlmf	0.28146229619565216	8.994654605263157e-05	8.994654605263157e-05	7.120768229166667e-05	7.120768229166667e-05	1.0	7.120768229166667e-05	0.42051269531249996
brf_lmo	8.994654605263157e-05	7.120768229166667e-05	0.9332637080439815	0.28146229619565216	0.8007577749399039	7.120768229166667e-05	1.0	7.120768229166667e-05
brf_lmo__nrlmf	0.19181315104166666	8.994654605263157e-05	8.994654605263157e-05	7.120768229166667e-05	7.120768229166667e-05	0.42051269531249996	7.120768229166667e-05	1.0
