	brf_gmo	brf_gmo__nrlmf	brf_gmosa	brf_gmosa__nrlmf	brf_gso	brf_gso__nrlmf	brf_lmo	brf_lmo__nrlmf
brf_gmo	1.0	0.31157483552631576	0.0093994140625	0.012034098307291668	0.0005696614583333334	0.0052490234375	0.0052490234375	0.010642311789772728
brf_gmo__nrlmf	0.31157483552631576	1.0	0.0005696614583333334	0.007476806640625	0.0005696614583333334	0.0023925781249999997	0.00213623046875	0.008355034722222222
brf_gmosa	0.0093994140625	0.0005696614583333334	1.0	0.353118896484375	0.11444854736328125	0.11444854736328125	0.20180257161458331	0.7600050706129807
brf_gmosa__nrlmf	0.012034098307291668	0.007476806640625	0.353118896484375	1.0	0.899932861328125	0.11444854736328125	0.4241253396739131	0.5548730468749999
brf_gso	0.0005696614583333334	0.0005696614583333334	0.11444854736328125	0.899932861328125	1.0	0.5548730468749999	0.899932861328125	0.3790838068181818
brf_gso__nrlmf	0.0052490234375	0.0023925781249999997	0.11444854736328125	0.11444854736328125	0.5548730468749999	1.0	0.3659261067708333	0.013540414663461538
brf_lmo	0.0052490234375	0.00213623046875	0.20180257161458331	0.4241253396739131	0.899932861328125	0.3659261067708333	1.0	0.15390912224264708
brf_lmo__nrlmf	0.010642311789772728	0.008355034722222222	0.7600050706129807	0.5548730468749999	0.3790838068181818	0.013540414663461538	0.15390912224264708	1.0
