	brf_gmo	brf_gmo__nrlmf	brf_gmosa	brf_gmosa__nrlmf	brf_gso	brf_gso__nrlmf	brf_lmo	brf_lmo__nrlmf
brf_gmo	1.0	7.768110795454545e-05	0.00013146033653846153	0.00013146033653846153	0.0006646050347222221	0.1513519287109375	0.0006646050347222221	0.9332637080439815
brf_gmo__nrlmf	7.768110795454545e-05	1.0	7.768110795454545e-05	7.768110795454545e-05	7.768110795454545e-05	0.0005340576171875	7.768110795454545e-05	0.0008544921875
brf_gmosa	0.00013146033653846153	7.768110795454545e-05	1.0	0.0042724609375	0.0035807291666666665	0.00017089843750000002	0.0035807291666666665	7.768110795454545e-05
brf_gmosa__nrlmf	0.00013146033653846153	7.768110795454545e-05	0.0042724609375	1.0	0.62931640625	7.768110795454545e-05	0.8840378981370192	7.768110795454545e-05
brf_gso	0.0006646050347222221	7.768110795454545e-05	0.0035807291666666665	0.62931640625	1.0	7.768110795454545e-05	0.979949951171875	7.768110795454545e-05
brf_gso__nrlmf	0.1513519287109375	0.0005340576171875	0.00017089843750000002	7.768110795454545e-05	7.768110795454545e-05	1.0	0.00017089843750000002	0.006278659986413044
brf_lmo	0.0006646050347222221	7.768110795454545e-05	0.0035807291666666665	0.8840378981370192	0.979949951171875	0.00017089843750000002	1.0	7.768110795454545e-05
brf_lmo__nrlmf	0.9332637080439815	0.0008544921875	7.768110795454545e-05	7.768110795454545e-05	7.768110795454545e-05	0.006278659986413044	7.768110795454545e-05	1.0
