	brf_gmosa	brf_gso	brf_gso__nrlmf	brf_lmo	brf_lmo__nrlmf	brf_lso
brf_gmosa	1.0	0.005340576171875	0.0002288818359375	0.063323974609375	0.0164794921875	0.781951904296875
brf_gso	0.005340576171875	1.0	0.005754743303571428	0.2910320575420673	0.5658939906529018	0.00377655029296875
brf_gso__nrlmf	0.0002288818359375	0.005754743303571428	1.0	0.00377655029296875	0.015309651692708334	0.0002288818359375
brf_lmo	0.063323974609375	0.2910320575420673	0.00377655029296875	1.0	0.034040971235795456	0.007839202880859375
brf_lmo__nrlmf	0.0164794921875	0.5658939906529018	0.015309651692708334	0.034040971235795456	1.0	0.005340576171875
brf_lso	0.781951904296875	0.00377655029296875	0.0002288818359375	0.007839202880859375	0.005340576171875	1.0
