	brf_gmosa	brf_gso	brf_gso__nrlmf	brf_lmo	brf_lmo__nrlmf	brf_lso
brf_gmosa	1.0	0.00057220458984375	0.00011444091796875	0.00011444091796875	0.00018310546875	0.00011444091796875
brf_gso	0.00057220458984375	1.0	0.000457763671875	0.8795275006975446	0.07865212180397728	0.93988037109375
brf_gso__nrlmf	0.00011444091796875	0.000457763671875	1.0	0.00011444091796875	0.001678466796875	0.000457763671875
brf_lmo	0.00011444091796875	0.8795275006975446	0.00011444091796875	1.0	0.13072967529296875	0.5716411884014423
brf_lmo__nrlmf	0.00018310546875	0.07865212180397728	0.001678466796875	0.13072967529296875	1.0	0.0077362060546875
brf_lso	0.00011444091796875	0.93988037109375	0.000457763671875	0.5716411884014423	0.0077362060546875	1.0
