	brf_gmo	brf_gmo__nrlmf	brf_gmosa	brf_gmosa__nrlmf	brf_gso	brf_gso__nrlmf	brf_lmo	brf_lmo__nrlmf
brf_gmo	1.0	0.84210205078125	0.07223745492788461	0.018798828125	0.4241253396739131	0.03076171875	0.019510904947916668	0.002848307291666667
brf_gmo__nrlmf	0.84210205078125	1.0	0.21778157552083333	0.03076171875	0.38422241210937497	0.06764729817708334	0.03076171875	0.002848307291666667
brf_gmosa	0.07223745492788461	0.21778157552083333	1.0	0.8512957537615741	0.007049560546875	0.4241253396739131	0.38422241210937497	0.6681787109374999
brf_gmosa__nrlmf	0.018798828125	0.03076171875	0.8512957537615741	1.0	0.03946200284090909	0.4380340576171875	0.3596462673611111	0.3068695068359375
brf_gso	0.4241253396739131	0.38422241210937497	0.007049560546875	0.03946200284090909	1.0	0.002848307291666667	0.3175695082720589	0.030517578125
brf_gso__nrlmf	0.03076171875	0.06764729817708334	0.4241253396739131	0.4380340576171875	0.002848307291666667	1.0	0.899932861328125	0.4241253396739131
brf_lmo	0.019510904947916668	0.03076171875	0.38422241210937497	0.3596462673611111	0.3175695082720589	0.899932861328125	1.0	0.1153564453125
brf_lmo__nrlmf	0.002848307291666667	0.002848307291666667	0.6681787109374999	0.3068695068359375	0.030517578125	0.4241253396739131	0.1153564453125	1.0
