	brf_gmo	brf_gmo__nrlmf	brf_gmosa	brf_gmosa__nrlmf	brf_gso	brf_gso__nrlmf	brf_lmo	brf_lmo__nrlmf
brf_gmo	1.0	0.8921214916087963	0.8921214916087963	0.538330078125	0.899932861328125	0.5394694010416667	0.5394694010416667	0.5559895833333334
brf_gmo__nrlmf	0.8921214916087963	1.0	0.54888916015625	0.2554931640625	0.7783524362664473	0.5394694010416667	0.5394694010416667	0.5394694010416667
brf_gmosa	0.8921214916087963	0.54888916015625	1.0	0.56439208984375	0.7866455078125	0.8233388264973959	0.5432598407451923	0.763815487132353
brf_gmosa__nrlmf	0.538330078125	0.2554931640625	0.56439208984375	1.0	0.2554931640625	0.5394694010416667	0.8138852326766305	0.7954508463541666
brf_gso	0.899932861328125	0.7783524362664473	0.7866455078125	0.2554931640625	1.0	0.5394694010416667	0.5394694010416667	0.5394694010416667
brf_gso__nrlmf	0.5394694010416667	0.5394694010416667	0.8233388264973959	0.5394694010416667	0.5394694010416667	1.0	0.8045820756392046	0.770657009548611
brf_lmo	0.5394694010416667	0.5394694010416667	0.5432598407451923	0.8138852326766305	0.5394694010416667	0.8045820756392046	1.0	0.8921214916087963
brf_lmo__nrlmf	0.5559895833333334	0.5394694010416667	0.763815487132353	0.7954508463541666	0.5394694010416667	0.770657009548611	0.8921214916087963	1.0
