	brf_gmosa	brf_gso	brf_gso__nrlmf	brf_lmo	brf_lmo__nrlmf	brf_lso
brf_gmosa	1.0	0.702362060546875	0.7561274937220982	0.420379638671875	0.6755759499289773	0.05474853515625
brf_gso	0.702362060546875	1.0	0.420379638671875	0.420379638671875	0.420379638671875	0.002288818359375
brf_gso__nrlmf	0.7561274937220982	0.420379638671875	1.0	0.7294288048377403	0.6755759499289773	0.0125885009765625
brf_lmo	0.420379638671875	0.420379638671875	0.7294288048377403	1.0	0.860260009765625	0.05474853515625
brf_lmo__nrlmf	0.6755759499289773	0.420379638671875	0.6755759499289773	0.860260009765625	1.0	0.05474853515625
brf_lso	0.05474853515625	0.002288818359375	0.0125885009765625	0.05474853515625	0.05474853515625	1.0
