	brf_gmosa	brf_gso	brf_gso__nrlmf	brf_lmo	brf_lmo__nrlmf	brf_lso
brf_gmosa	1.0	0.005035400390625	6.539481026785714e-05	0.001678466796875	6.539481026785714e-05	0.01373291015625
brf_gso	0.005035400390625	1.0	6.539481026785714e-05	0.274444580078125	6.539481026785714e-05	0.11205400739397321
brf_gso__nrlmf	6.539481026785714e-05	6.539481026785714e-05	1.0	0.00011444091796875	0.01373291015625	6.539481026785714e-05
brf_lmo	0.001678466796875	0.274444580078125	0.00011444091796875	1.0	6.539481026785714e-05	0.024684025691105768
brf_lmo__nrlmf	6.539481026785714e-05	6.539481026785714e-05	0.01373291015625	6.539481026785714e-05	1.0	6.539481026785714e-05
brf_lso	0.01373291015625	0.11205400739397321	6.539481026785714e-05	0.024684025691105768	6.539481026785714e-05	1.0
