	brf_gmo	brf_gmo__nrlmf	brf_gmosa	brf_gmosa__nrlmf	brf_gso	brf_gso__nrlmf	brf_lmo	brf_lmo__nrlmf
brf_gmo	1.0	6.573016826923077e-05	6.573016826923077e-05	0.0007036994485294119	6.573016826923077e-05	0.224945068359375	0.0007036994485294119	0.433197021484375
brf_gmo__nrlmf	6.573016826923077e-05	1.0	6.573016826923077e-05	0.00011393229166666667	6.573016826923077e-05	0.00299072265625	6.573016826923077e-05	0.01887313179347826
brf_gmosa	6.573016826923077e-05	6.573016826923077e-05	1.0	0.0019338507401315788	0.004475911458333333	6.573016826923077e-05	0.0015665690104166665	6.573016826923077e-05
brf_gmosa__nrlmf	0.0007036994485294119	0.00011393229166666667	0.0019338507401315788	1.0	0.3751878004807692	6.573016826923077e-05	0.3893636067708333	6.573016826923077e-05
brf_gso	6.573016826923077e-05	6.573016826923077e-05	0.004475911458333333	0.3751878004807692	1.0	6.573016826923077e-05	0.3073779296875	6.573016826923077e-05
brf_gso__nrlmf	0.224945068359375	0.00299072265625	6.573016826923077e-05	6.573016826923077e-05	6.573016826923077e-05	1.0	0.00011393229166666667	0.013982599431818182
brf_lmo	0.0007036994485294119	6.573016826923077e-05	0.0015665690104166665	0.3893636067708333	0.3073779296875	0.00011393229166666667	1.0	6.573016826923077e-05
brf_lmo__nrlmf	0.433197021484375	0.01887313179347826	6.573016826923077e-05	6.573016826923077e-05	6.573016826923077e-05	0.013982599431818182	6.573016826923077e-05	1.0
