	brf_gmo	brf_gmo__nrlmf	brf_gmosa	brf_gmosa__nrlmf	brf_gso	brf_gso__nrlmf	brf_lmo	brf_lmo__nrlmf
brf_gmo	1.0	0.0008544921875	0.7151322798295454	0.4154339958639706	0.28369140625	0.28369140625	0.32732747395833334	0.32732747395833334
brf_gmo__nrlmf	0.0008544921875	1.0	0.32732747395833334	0.32732747395833334	0.32732747395833334	0.769600246263587	0.28369140625	0.2554931640625
brf_gmosa	0.7151322798295454	0.32732747395833334	1.0	0.6605631510416666	0.32732747395833334	0.4154339958639706	0.8109130859375	0.8109130859375
brf_gmosa__nrlmf	0.4154339958639706	0.32732747395833334	0.6605631510416666	1.0	0.5949964021381579	0.46332465277777773	0.899932861328125	0.8109130859375
brf_gso	0.28369140625	0.32732747395833334	0.32732747395833334	0.5949964021381579	1.0	0.606475830078125	0.32732747395833334	0.32732747395833334
brf_gso__nrlmf	0.28369140625	0.769600246263587	0.4154339958639706	0.46332465277777773	0.606475830078125	1.0	0.32732747395833334	0.32732747395833334
brf_lmo	0.32732747395833334	0.28369140625	0.8109130859375	0.899932861328125	0.32732747395833334	0.32732747395833334	1.0	0.8109130859375
brf_lmo__nrlmf	0.32732747395833334	0.2554931640625	0.8109130859375	0.8109130859375	0.32732747395833334	0.32732747395833334	0.8109130859375	1.0
