	brf_gmo	brf_gmo__nrlmf	brf_gmosa	brf_gmosa__nrlmf	brf_gso	brf_gso__nrlmf	brf_lmo	brf_lmo__nrlmf
brf_gmo	1.0	0.0093994140625	0.6051119290865384	0.01978478064903846	0.001068115234375	0.077545166015625	0.0176025390625	0.6186839916087963
brf_gmo__nrlmf	0.0093994140625	1.0	0.12950303819444445	0.0067138671875	0.00042724609375	0.019420276988636364	0.006123860677083334	0.08343864889705883
brf_gmosa	0.6051119290865384	0.12950303819444445	1.0	0.04278564453125	0.01978478064903846	0.39262058423913043	0.257080078125	0.3790838068181818
brf_gmosa__nrlmf	0.01978478064903846	0.0067138671875	0.04278564453125	1.0	0.21200400904605263	0.51939453125	0.632171630859375	0.00042724609375
brf_gso	0.001068115234375	0.00042724609375	0.01978478064903846	0.21200400904605263	1.0	0.04659830729166667	0.257080078125	0.001068115234375
brf_gso__nrlmf	0.077545166015625	0.019420276988636364	0.39262058423913043	0.51939453125	0.04659830729166667	1.0	0.4380340576171875	0.0176025390625
brf_lmo	0.0176025390625	0.006123860677083334	0.257080078125	0.632171630859375	0.257080078125	0.4380340576171875	1.0	0.0011962890624999999
brf_lmo__nrlmf	0.6186839916087963	0.08343864889705883	0.3790838068181818	0.00042724609375	0.001068115234375	0.0176025390625	0.0011962890624999999	1.0
