	brf_gmosa	brf_gso	brf_gso__nrlmf	brf_lmo	brf_lmo__nrlmf	brf_lso
brf_gmosa	1.0	0.01068115234375	0.01068115234375	0.35237630208333337	0.04119873046875	0.01068115234375
brf_gso	0.01068115234375	1.0	0.4116668701171875	0.579681396484375	0.7561274937220982	0.17839704241071427
brf_gso__nrlmf	0.01068115234375	0.4116668701171875	1.0	0.19609451293945312	1.0	0.7561274937220982
brf_lmo	0.35237630208333337	0.579681396484375	0.19609451293945312	1.0	0.064178466796875	0.0838470458984375
brf_lmo__nrlmf	0.04119873046875	0.7561274937220982	1.0	0.064178466796875	1.0	0.5505648526278409
brf_lso	0.01068115234375	0.17839704241071427	0.7561274937220982	0.0838470458984375	0.5505648526278409	1.0
