	brf_gmo	brf_gmo__nrlmf	brf_gso__nrlmf	brf_lmo	bxt_gmo	bxt_gmo__nrlmf	bxt_gmosa__nrlmf	bxt_gso__nrlmf
brf_gmo	1.0	3.884055397727273e-05	0.0863353587962963	3.884055397727273e-05	3.884055397727273e-05	3.884055397727273e-05	3.884055397727273e-05	3.884055397727273e-05
brf_gmo__nrlmf	3.884055397727273e-05	1.0	3.884055397727273e-05	3.884055397727273e-05	3.884055397727273e-05	3.884055397727273e-05	3.884055397727273e-05	3.884055397727273e-05
brf_gso__nrlmf	0.0863353587962963	3.884055397727273e-05	1.0	3.884055397727273e-05	3.884055397727273e-05	3.884055397727273e-05	3.884055397727273e-05	3.884055397727273e-05
brf_lmo	3.884055397727273e-05	3.884055397727273e-05	3.884055397727273e-05	1.0	3.884055397727273e-05	3.884055397727273e-05	0.07042987530048077	0.037563476562499996
bxt_gmo	3.884055397727273e-05	3.884055397727273e-05	3.884055397727273e-05	3.884055397727273e-05	1.0	3.884055397727273e-05	0.00018575917119565219	0.0008900960286458334
bxt_gmo__nrlmf	3.884055397727273e-05	3.884055397727273e-05	3.884055397727273e-05	3.884055397727273e-05	3.884055397727273e-05	1.0	3.884055397727273e-05	3.884055397727273e-05
bxt_gmosa__nrlmf	3.884055397727273e-05	3.884055397727273e-05	3.884055397727273e-05	0.07042987530048077	0.00018575917119565219	3.884055397727273e-05	1.0	0.433197021484375
bxt_gso__nrlmf	3.884055397727273e-05	3.884055397727273e-05	3.884055397727273e-05	0.037563476562499996	0.0008900960286458334	3.884055397727273e-05	0.433197021484375	1.0
