	brf_gmo	brf_gmo__nrlmf	brf_gso__nrlmf	brf_lmo	bxt_gmo	bxt_gmo__nrlmf	bxt_gmosa__nrlmf	bxt_gso__nrlmf
brf_gmo	1.0	3.884055397727273e-05	0.93988037109375	3.884055397727273e-05	3.884055397727273e-05	6.835937499999999e-05	3.884055397727273e-05	3.884055397727273e-05
brf_gmo__nrlmf	3.884055397727273e-05	1.0	6.835937499999999e-05	3.884055397727273e-05	3.884055397727273e-05	3.884055397727273e-05	3.884055397727273e-05	3.884055397727273e-05
brf_gso__nrlmf	0.93988037109375	6.835937499999999e-05	1.0	3.884055397727273e-05	3.884055397727273e-05	6.835937499999999e-05	3.884055397727273e-05	3.884055397727273e-05
brf_lmo	3.884055397727273e-05	3.884055397727273e-05	3.884055397727273e-05	1.0	0.011831430288461538	3.884055397727273e-05	3.884055397727273e-05	3.884055397727273e-05
bxt_gmo	3.884055397727273e-05	3.884055397727273e-05	3.884055397727273e-05	0.011831430288461538	1.0	3.884055397727273e-05	3.884055397727273e-05	3.884055397727273e-05
bxt_gmo__nrlmf	6.835937499999999e-05	3.884055397727273e-05	6.835937499999999e-05	3.884055397727273e-05	3.884055397727273e-05	1.0	3.884055397727273e-05	3.884055397727273e-05
bxt_gmosa__nrlmf	3.884055397727273e-05	3.884055397727273e-05	3.884055397727273e-05	3.884055397727273e-05	3.884055397727273e-05	3.884055397727273e-05	1.0	0.10845721209490741
bxt_gso__nrlmf	3.884055397727273e-05	3.884055397727273e-05	3.884055397727273e-05	3.884055397727273e-05	3.884055397727273e-05	3.884055397727273e-05	0.10845721209490741	1.0
