	brf_gmo	brf_gmo__nrlmf	brf_gso__nrlmf	brf_lmo	bxt_gmo	bxt_gmo__nrlmf	bxt_gmosa__nrlmf	bxt_gso__nrlmf
brf_gmo	1.0	0.4553786057692307	0.0045928955078125	0.0045928955078125	0.0002848307291666667	0.0002848307291666667	0.2119140625	0.21803792317708334
brf_gmo__nrlmf	0.4553786057692307	1.0	0.001993815104166667	0.001708984375	0.0002848307291666667	0.00042724609375	0.0665554470486111	0.124072265625
brf_gso__nrlmf	0.0045928955078125	0.001993815104166667	1.0	0.54888916015625	0.763815487132353	0.7008544921875001	0.763815487132353	0.8138852326766305
brf_lmo	0.0045928955078125	0.001708984375	0.54888916015625	1.0	0.926433856670673	1.0	0.926433856670673	1.0
bxt_gmo	0.0002848307291666667	0.0002848307291666667	0.763815487132353	0.926433856670673	1.0	0.8138852326766305	0.8138852326766305	0.8138852326766305
bxt_gmo__nrlmf	0.0002848307291666667	0.00042724609375	0.7008544921875001	1.0	0.8138852326766305	1.0	0.8138852326766305	0.926433856670673
bxt_gmosa__nrlmf	0.2119140625	0.0665554470486111	0.763815487132353	0.926433856670673	0.8138852326766305	0.8138852326766305	1.0	0.8138852326766305
bxt_gso__nrlmf	0.21803792317708334	0.124072265625	0.8138852326766305	1.0	0.8138852326766305	0.926433856670673	0.8138852326766305	1.0
