	brf_gmo	brf_gmo__nrlmf	brf_gso__nrlmf	brf_lmo	bxt_gmo	bxt_gmo__nrlmf	bxt_gmosa__nrlmf	bxt_gso__nrlmf
brf_gmo	1.0	4.0690104166666664e-05	6.573016826923077e-05	4.0690104166666664e-05	4.0690104166666664e-05	4.0690104166666664e-05	4.0690104166666664e-05	4.0690104166666664e-05
brf_gmo__nrlmf	4.0690104166666664e-05	1.0	4.0690104166666664e-05	4.0690104166666664e-05	4.0690104166666664e-05	4.0690104166666664e-05	4.0690104166666664e-05	4.0690104166666664e-05
brf_gso__nrlmf	6.573016826923077e-05	4.0690104166666664e-05	1.0	4.0690104166666664e-05	4.0690104166666664e-05	4.0690104166666664e-05	4.0690104166666664e-05	4.0690104166666664e-05
brf_lmo	4.0690104166666664e-05	4.0690104166666664e-05	4.0690104166666664e-05	1.0	6.573016826923077e-05	4.0690104166666664e-05	0.00015823929398148148	6.573016826923077e-05
bxt_gmo	4.0690104166666664e-05	4.0690104166666664e-05	4.0690104166666664e-05	6.573016826923077e-05	1.0	4.0690104166666664e-05	6.573016826923077e-05	6.573016826923077e-05
bxt_gmo__nrlmf	4.0690104166666664e-05	4.0690104166666664e-05	4.0690104166666664e-05	4.0690104166666664e-05	4.0690104166666664e-05	1.0	4.0690104166666664e-05	4.0690104166666664e-05
bxt_gmosa__nrlmf	4.0690104166666664e-05	4.0690104166666664e-05	4.0690104166666664e-05	0.00015823929398148148	6.573016826923077e-05	4.0690104166666664e-05	1.0	0.03863525390625
bxt_gso__nrlmf	4.0690104166666664e-05	4.0690104166666664e-05	4.0690104166666664e-05	6.573016826923077e-05	6.573016826923077e-05	4.0690104166666664e-05	0.03863525390625	1.0
