	brf_gmo	brf_gmo__nrlmf	brf_gso__nrlmf	brf_lmo	bxt_gmo	bxt_gmo__nrlmf	bxt_gmosa__nrlmf	bxt_gso__nrlmf
brf_gmo	1.0	0.8512957537615741	0.323681640625	0.15390912224264708	0.000213623046875	0.000213623046875	0.00335693359375	0.00335693359375
brf_gmo__nrlmf	0.8512957537615741	1.0	0.31157483552631576	0.2237820095486111	0.000213623046875	0.000213623046875	0.0013292100694444443	0.0016235351562499999
brf_gso__nrlmf	0.323681640625	0.31157483552631576	1.0	0.7375335693359375	0.00042724609375	0.000341796875	0.0033402876420454545	0.0006103515625
brf_lmo	0.15390912224264708	0.2237820095486111	0.7375335693359375	1.0	0.0013292100694444443	0.00335693359375	0.01922607421875	0.009627278645833334
bxt_gmo	0.000213623046875	0.000213623046875	0.00042724609375	0.0013292100694444443	1.0	0.7042236328125	0.860260009765625	0.84210205078125
bxt_gmo__nrlmf	0.000213623046875	0.000213623046875	0.000341796875	0.00335693359375	0.7042236328125	1.0	0.7375335693359375	0.7487744140625
bxt_gmosa__nrlmf	0.00335693359375	0.0013292100694444443	0.0033402876420454545	0.01922607421875	0.860260009765625	0.7375335693359375	1.0	0.7375335693359375
bxt_gso__nrlmf	0.00335693359375	0.0016235351562499999	0.0006103515625	0.009627278645833334	0.84210205078125	0.7487744140625	0.7375335693359375	1.0
