	brf_gmo	brf_gmo__nrlmf	brf_gso__nrlmf	brf_lmo	bxt_gmo	bxt_gmo__nrlmf	bxt_gmosa__nrlmf	bxt_gso__nrlmf
brf_gmo	1.0	0.006266276041666667	0.077545166015625	0.013540414663461538	0.000244140625	0.418701171875	0.0001708984375	0.0011962890624999999
brf_gmo__nrlmf	0.006266276041666667	1.0	0.0152587890625	0.0033402876420454545	0.0001708984375	0.0006646050347222221	0.0001708984375	0.0001708984375
brf_gso__nrlmf	0.077545166015625	0.0152587890625	1.0	0.4043391301081731	0.15555826822916666	0.146417236328125	0.10771627987132354	0.18309437144886365
brf_lmo	0.013540414663461538	0.0033402876420454545	0.4043391301081731	1.0	0.3762613932291667	0.04659830729166667	0.11497667100694443	0.3901953125
bxt_gmo	0.000244140625	0.0001708984375	0.15555826822916666	0.3762613932291667	1.0	0.000244140625	0.3341064453125	0.820892333984375
bxt_gmo__nrlmf	0.418701171875	0.0006646050347222221	0.146417236328125	0.04659830729166667	0.000244140625	1.0	0.0001708984375	0.0005340576171875
bxt_gmosa__nrlmf	0.0001708984375	0.0001708984375	0.10771627987132354	0.11497667100694443	0.3341064453125	0.0001708984375	1.0	0.12268708881578946
bxt_gso__nrlmf	0.0011962890624999999	0.0001708984375	0.18309437144886365	0.3901953125	0.820892333984375	0.0005340576171875	0.12268708881578946	1.0
