	brf_gmo	brf_gmo__nrlmf	brf_gso__nrlmf	brf_lmo	bxt_gmo	bxt_gmo__nrlmf	bxt_gmosa__nrlmf	bxt_gso__nrlmf
brf_gmo	1.0	4.497327302631579e-05	7.768110795454545e-05	4.497327302631579e-05	4.497327302631579e-05	4.497327302631579e-05	0.668548583984375	0.07959923377403846
brf_gmo__nrlmf	4.497327302631579e-05	1.0	4.497327302631579e-05	4.497327302631579e-05	4.497327302631579e-05	0.00011145550271739131	4.497327302631579e-05	4.497327302631579e-05
brf_gso__nrlmf	7.768110795454545e-05	4.497327302631579e-05	1.0	4.497327302631579e-05	4.497327302631579e-05	4.497327302631579e-05	4.497327302631579e-05	4.497327302631579e-05
brf_lmo	4.497327302631579e-05	4.497327302631579e-05	4.497327302631579e-05	1.0	4.497327302631579e-05	4.497327302631579e-05	7.768110795454545e-05	7.768110795454545e-05
bxt_gmo	4.497327302631579e-05	4.497327302631579e-05	4.497327302631579e-05	4.497327302631579e-05	1.0	4.497327302631579e-05	0.5477294921875	0.032470703125
bxt_gmo__nrlmf	4.497327302631579e-05	0.00011145550271739131	4.497327302631579e-05	4.497327302631579e-05	4.497327302631579e-05	1.0	4.497327302631579e-05	4.497327302631579e-05
bxt_gmosa__nrlmf	0.668548583984375	4.497327302631579e-05	4.497327302631579e-05	7.768110795454545e-05	0.5477294921875	4.497327302631579e-05	1.0	0.00024922688802083337
bxt_gso__nrlmf	0.07959923377403846	4.497327302631579e-05	4.497327302631579e-05	7.768110795454545e-05	0.032470703125	4.497327302631579e-05	0.00024922688802083337	1.0
