	brf_gmo	brf_gmo__nrlmf	brf_gso__nrlmf	brf_lmo	bxt_gmo	bxt_gmo__nrlmf	bxt_gmosa__nrlmf	bxt_gso__nrlmf
brf_gmo	1.0	0.04268576882102273	7.120768229166667e-05	7.120768229166667e-05	0.3893636067708333	0.038655598958333336	7.120768229166667e-05	7.120768229166667e-05
brf_gmo__nrlmf	0.04268576882102273	1.0	0.009264494243421052	7.120768229166667e-05	0.00030517578125	0.067291259765625	7.120768229166667e-05	7.120768229166667e-05
brf_gso__nrlmf	7.120768229166667e-05	0.009264494243421052	1.0	0.00037384033203125	0.00037384033203125	0.067291259765625	0.003323025173611111	0.021704101562499998
brf_lmo	7.120768229166667e-05	7.120768229166667e-05	0.00037384033203125	1.0	7.120768229166667e-05	7.120768229166667e-05	0.49542236328125	0.16112304687499998
bxt_gmo	0.3893636067708333	0.00030517578125	0.00037384033203125	7.120768229166667e-05	1.0	0.0007036994485294119	7.120768229166667e-05	7.120768229166667e-05
bxt_gmo__nrlmf	0.038655598958333336	0.067291259765625	0.067291259765625	7.120768229166667e-05	0.0007036994485294119	1.0	7.120768229166667e-05	0.00013146033653846153
bxt_gmosa__nrlmf	7.120768229166667e-05	7.120768229166667e-05	0.003323025173611111	0.49542236328125	7.120768229166667e-05	7.120768229166667e-05	1.0	0.22768930288461536
bxt_gso__nrlmf	7.120768229166667e-05	7.120768229166667e-05	0.021704101562499998	0.16112304687499998	7.120768229166667e-05	0.00013146033653846153	0.22768930288461536	1.0
