	brf_gmo	brf_gmo__nrlmf	brf_gso__nrlmf	brf_lmo	bxt_gmo	bxt_gmo__nrlmf	bxt_gmosa__nrlmf	bxt_gso__nrlmf
brf_gmo	1.0	0.0005696614583333334	0.07959923377403846	6.103515625e-05	6.103515625e-05	0.09690574363425926	6.103515625e-05	6.103515625e-05
brf_gmo__nrlmf	0.0005696614583333334	1.0	6.103515625e-05	6.103515625e-05	6.103515625e-05	0.0015665690104166665	6.103515625e-05	6.103515625e-05
brf_gso__nrlmf	0.07959923377403846	6.103515625e-05	1.0	0.0007476806640625	0.029123942057291668	0.043271484374999995	0.0015665690104166665	0.0028483072916666665
brf_lmo	6.103515625e-05	6.103515625e-05	0.0007476806640625	1.0	6.103515625e-05	6.103515625e-05	0.029123942057291668	0.002349853515625
bxt_gmo	6.103515625e-05	6.103515625e-05	0.029123942057291668	6.103515625e-05	1.0	6.103515625e-05	0.002349853515625	0.14385986328125
bxt_gmo__nrlmf	0.09690574363425926	0.0015665690104166665	0.043271484374999995	6.103515625e-05	6.103515625e-05	1.0	6.103515625e-05	6.103515625e-05
bxt_gmosa__nrlmf	6.103515625e-05	6.103515625e-05	0.0015665690104166665	0.029123942057291668	0.002349853515625	6.103515625e-05	1.0	0.006564053622159091
bxt_gso__nrlmf	6.103515625e-05	6.103515625e-05	0.0028483072916666665	0.002349853515625	0.14385986328125	6.103515625e-05	0.006564053622159091	1.0
