	brf_gmo	brf_gmo__nrlmf	brf_gso__nrlmf	brf_lmo	bxt_gmo	bxt_gmo__nrlmf	bxt_gmosa__nrlmf	bxt_gso__nrlmf
brf_gmo	1.0	0.0001068115234375	0.0005340576171875	0.01887313179347826	0.0001068115234375	0.0001068115234375	0.0001068115234375	0.0001068115234375
brf_gmo__nrlmf	0.0001068115234375	1.0	0.00013146033653846153	0.00018310546875	0.00013146033653846153	0.0009550206801470589	0.00013146033653846153	0.0005340576171875
brf_gso__nrlmf	0.0005340576171875	0.00013146033653846153	1.0	0.006876627604166667	0.215947265625	0.0001068115234375	0.3751878004807692	0.433197021484375
brf_lmo	0.01887313179347826	0.00018310546875	0.006876627604166667	1.0	0.3893636067708333	0.00013146033653846153	0.003957648026315789	0.002041286892361111
bxt_gmo	0.0001068115234375	0.00013146033653846153	0.215947265625	0.3893636067708333	1.0	0.0001068115234375	0.09712727864583334	0.00469970703125
bxt_gmo__nrlmf	0.0001068115234375	0.0009550206801470589	0.0001068115234375	0.00013146033653846153	0.0001068115234375	1.0	0.0001068115234375	0.00013146033653846153
bxt_gmosa__nrlmf	0.0001068115234375	0.00013146033653846153	0.3751878004807692	0.003957648026315789	0.09712727864583334	0.0001068115234375	1.0	0.009710138494318182
bxt_gso__nrlmf	0.0001068115234375	0.0005340576171875	0.433197021484375	0.002041286892361111	0.00469970703125	0.00013146033653846153	0.009710138494318182	1.0
