	brf_gmo	brf_gmo__nrlmf	brf_gso__nrlmf	brf_lmo	bxt_gmo	bxt_gmo__nrlmf	bxt_gmosa__nrlmf	bxt_gso__nrlmf
brf_gmo	1.0	0.0012488731971153845	0.4851806640625	0.0001068115234375	0.04942562705592105	0.0001068115234375	0.012566061580882354	0.08323530717329546
brf_gmo__nrlmf	0.0012488731971153845	1.0	0.00201416015625	0.0001068115234375	0.0003884055397727273	0.8512957537615741	0.0001068115234375	0.0001068115234375
brf_gso__nrlmf	0.4851806640625	0.00201416015625	1.0	0.0003884055397727273	1.0	0.06754557291666667	0.0031331380208333335	0.00902557373046875
brf_lmo	0.0001068115234375	0.0001068115234375	0.0003884055397727273	1.0	0.0001068115234375	0.0001068115234375	0.6051119290865384	0.06754557291666667
bxt_gmo	0.04942562705592105	0.0003884055397727273	1.0	0.0001068115234375	1.0	0.0001068115234375	0.1273193359375	0.471038818359375
bxt_gmo__nrlmf	0.0001068115234375	0.8512957537615741	0.06754557291666667	0.0001068115234375	0.0001068115234375	1.0	0.00018988715277777775	0.0009969075520833335
bxt_gmosa__nrlmf	0.012566061580882354	0.0001068115234375	0.0031331380208333335	0.6051119290865384	0.1273193359375	0.00018988715277777775	1.0	0.04509819878472222
bxt_gso__nrlmf	0.08323530717329546	0.0001068115234375	0.00902557373046875	0.06754557291666667	0.471038818359375	0.0009969075520833335	0.04509819878472222	1.0
