	brf_gmosa	brf_gso	brf_gso__nrlmf	brf_lmo	brf_lmo__nrlmf	brf_lso
brf_gmosa	1.0	4.161487926136364e-05	4.161487926136364e-05	4.161487926136364e-05	4.161487926136364e-05	0.065399169921875
brf_gso	4.161487926136364e-05	1.0	4.161487926136364e-05	0.04139491489955357	4.161487926136364e-05	0.04139491489955357
brf_gso__nrlmf	4.161487926136364e-05	4.161487926136364e-05	1.0	4.161487926136364e-05	0.0005340576171875	4.161487926136364e-05
brf_lmo	4.161487926136364e-05	0.04139491489955357	4.161487926136364e-05	1.0	4.161487926136364e-05	4.161487926136364e-05
brf_lmo__nrlmf	4.161487926136364e-05	4.161487926136364e-05	0.0005340576171875	4.161487926136364e-05	1.0	4.161487926136364e-05
brf_lso	0.065399169921875	0.04139491489955357	4.161487926136364e-05	4.161487926136364e-05	4.161487926136364e-05	1.0
