	brf_gmosa	brf_gso	brf_gso__nrlmf	brf_lmo	brf_lmo__nrlmf	brf_lso
brf_gmosa	1.0	4.161487926136364e-05	4.161487926136364e-05	4.161487926136364e-05	4.161487926136364e-05	0.0038733849158653845
brf_gso	4.161487926136364e-05	1.0	4.161487926136364e-05	0.03863525390625	4.161487926136364e-05	0.03863525390625
brf_gso__nrlmf	4.161487926136364e-05	4.161487926136364e-05	1.0	4.161487926136364e-05	0.00095367431640625	4.161487926136364e-05
brf_lmo	4.161487926136364e-05	0.03863525390625	4.161487926136364e-05	1.0	4.161487926136364e-05	4.161487926136364e-05
brf_lmo__nrlmf	4.161487926136364e-05	4.161487926136364e-05	0.00095367431640625	4.161487926136364e-05	1.0	4.161487926136364e-05
brf_lso	0.0038733849158653845	0.03863525390625	4.161487926136364e-05	4.161487926136364e-05	4.161487926136364e-05	1.0
