	brf_gmosa	brf_gso	brf_gso__nrlmf	brf_lmo	brf_lmo__nrlmf	brf_lso
brf_gmosa	1.0	4.57763671875e-05	4.57763671875e-05	4.57763671875e-05	4.57763671875e-05	0.00019073486328125
brf_gso	4.57763671875e-05	1.0	4.57763671875e-05	0.21142578125	4.57763671875e-05	0.006735665457589286
brf_gso__nrlmf	4.57763671875e-05	4.57763671875e-05	1.0	4.57763671875e-05	0.0004929762620192308	4.57763671875e-05
brf_lmo	4.57763671875e-05	0.21142578125	4.57763671875e-05	1.0	4.57763671875e-05	8.322975852272728e-05
brf_lmo__nrlmf	4.57763671875e-05	4.57763671875e-05	0.0004929762620192308	4.57763671875e-05	1.0	4.57763671875e-05
brf_lso	0.00019073486328125	0.006735665457589286	4.57763671875e-05	8.322975852272728e-05	4.57763671875e-05	1.0
