	brf_gmosa	brf_gso	brf_gso__nrlmf	brf_lmo	brf_lmo__nrlmf	brf_lso
brf_gmosa	1.0	3.814697265625e-05	3.814697265625e-05	3.814697265625e-05	3.814697265625e-05	3.814697265625e-05
brf_gso	3.814697265625e-05	1.0	3.814697265625e-05	0.322509765625	3.814697265625e-05	0.022920880998883928
brf_gso__nrlmf	3.814697265625e-05	3.814697265625e-05	1.0	3.814697265625e-05	0.010598989633413462	3.814697265625e-05
brf_lmo	3.814697265625e-05	0.322509765625	3.814697265625e-05	1.0	3.814697265625e-05	3.814697265625e-05
brf_lmo__nrlmf	3.814697265625e-05	3.814697265625e-05	0.010598989633413462	3.814697265625e-05	1.0	3.814697265625e-05
brf_lso	3.814697265625e-05	0.022920880998883928	3.814697265625e-05	3.814697265625e-05	3.814697265625e-05	1.0
