	brf_gmosa	brf_gso	brf_gso__nrlmf	brf_lmo	brf_lmo__nrlmf	brf_lso
brf_gmosa	1.0	4.161487926136364e-05	4.161487926136364e-05	4.161487926136364e-05	4.161487926136364e-05	0.00011444091796875
brf_gso	4.161487926136364e-05	1.0	4.161487926136364e-05	0.03863525390625	4.161487926136364e-05	0.015106201171875
brf_gso__nrlmf	4.161487926136364e-05	4.161487926136364e-05	1.0	4.161487926136364e-05	0.022920880998883928	4.161487926136364e-05
brf_lmo	4.161487926136364e-05	0.03863525390625	4.161487926136364e-05	1.0	4.161487926136364e-05	4.161487926136364e-05
brf_lmo__nrlmf	4.161487926136364e-05	4.161487926136364e-05	0.022920880998883928	4.161487926136364e-05	1.0	4.161487926136364e-05
brf_lso	0.00011444091796875	0.015106201171875	4.161487926136364e-05	4.161487926136364e-05	4.161487926136364e-05	1.0
