	brf_gmo	brf_gmo__nrlmf	brf_gmosa	brf_gmosa__nrlmf	brf_gso	brf_gso__nrlmf	brf_lmo	brf_lmo__nrlmf
brf_gmo	1.0	0.00014241536458333334	0.00014241536458333334	0.006266276041666667	0.00035603841145833337	0.00014241536458333334	0.0709228515625	0.02291107177734375
brf_gmo__nrlmf	0.00014241536458333334	1.0	0.00035603841145833337	0.00018988715277777775	0.00018988715277777775	0.00018988715277777775	0.00014241536458333334	0.00014241536458333334
brf_gmosa	0.00014241536458333334	0.00035603841145833337	1.0	0.0006573016826923076	0.6933096426504629	0.08719889322916667	0.05217149522569444	1.0
brf_gmosa__nrlmf	0.006266276041666667	0.00018988715277777775	0.0006573016826923076	1.0	0.14848743785511365	0.03523523667279412	0.6681787109374999	0.2942657470703125
brf_gso	0.00035603841145833337	0.00018988715277777775	0.6933096426504629	0.14848743785511365	1.0	0.00025634765625	0.00152587890625	0.6933096426504629
brf_gso__nrlmf	0.00014241536458333334	0.00018988715277777775	0.08719889322916667	0.03523523667279412	0.00025634765625	1.0	0.00014241536458333334	0.1579324473505435
brf_lmo	0.0709228515625	0.00014241536458333334	0.05217149522569444	0.6681787109374999	0.00152587890625	0.00014241536458333334	1.0	0.0709228515625
brf_lmo__nrlmf	0.02291107177734375	0.00014241536458333334	1.0	0.2942657470703125	0.6933096426504629	0.1579324473505435	0.0709228515625	1.0
