	brf_gmo	brf_gmo__nrlmf	brf_gmosa	brf_gmosa__nrlmf	brf_gso	brf_gso__nrlmf	brf_lmo	brf_lmo__nrlmf
brf_gmo	1.0	0.00014241536458333334	9.494357638888888e-05	9.494357638888888e-05	9.494357638888888e-05	0.00014241536458333334	9.494357638888888e-05	0.003148129111842105
brf_gmo__nrlmf	0.00014241536458333334	1.0	9.494357638888888e-05	9.494357638888888e-05	9.494357638888888e-05	9.494357638888888e-05	9.494357638888888e-05	0.00042724609375
brf_gmosa	9.494357638888888e-05	9.494357638888888e-05	1.0	0.10595703125	0.5645592730978262	0.0003286508413461538	0.6161956787109375	0.002764533547794118
brf_gmosa__nrlmf	9.494357638888888e-05	9.494357638888888e-05	0.10595703125	1.0	0.62931640625	0.00469970703125	0.6424795297475961	0.033284505208333336
brf_gso	9.494357638888888e-05	9.494357638888888e-05	0.5645592730978262	0.62931640625	1.0	0.00014241536458333334	0.8512957537615741	0.0014241536458333335
brf_gso__nrlmf	0.00014241536458333334	9.494357638888888e-05	0.0003286508413461538	0.00469970703125	0.00014241536458333334	1.0	0.003148129111842105	0.979949951171875
brf_lmo	9.494357638888888e-05	9.494357638888888e-05	0.6161956787109375	0.6424795297475961	0.8512957537615741	0.003148129111842105	1.0	0.00229644775390625
brf_lmo__nrlmf	0.003148129111842105	0.00042724609375	0.002764533547794118	0.033284505208333336	0.0014241536458333335	0.979949951171875	0.00229644775390625	1.0
