	brf_gmosa	brf_gso	brf_gso__nrlmf	brf_lmo	brf_lmo__nrlmf	brf_lso
brf_gmosa	1.0	0.149688720703125	6.539481026785714e-05	6.539481026785714e-05	6.539481026785714e-05	0.000152587890625
brf_gso	0.149688720703125	1.0	6.539481026785714e-05	6.539481026785714e-05	6.539481026785714e-05	0.000152587890625
brf_gso__nrlmf	6.539481026785714e-05	6.539481026785714e-05	1.0	0.4022761753627232	0.4637451171875	6.539481026785714e-05
brf_lmo	6.539481026785714e-05	6.539481026785714e-05	0.4022761753627232	1.0	0.01636505126953125	0.001373291015625
brf_lmo__nrlmf	6.539481026785714e-05	6.539481026785714e-05	0.4637451171875	0.01636505126953125	1.0	0.0003204345703125
brf_lso	0.000152587890625	0.000152587890625	6.539481026785714e-05	0.001373291015625	0.0003204345703125	1.0
