	brf_gmo	brf_gmo__nrlmf	brf_gmosa	brf_gmosa__nrlmf	brf_gso	brf_gso__nrlmf	brf_lmo	brf_lmo__nrlmf
brf_gmo	1.0	0.34749348958333337	0.12268708881578946	0.0009494357638888888	0.01031494140625	0.0007120768229166667	0.017146809895833334	0.04775103400735294
brf_gmo__nrlmf	0.34749348958333337	1.0	0.00469970703125	0.0002848307291666667	0.0002848307291666667	0.0002848307291666667	0.0007476806640625	0.005437677556818182
brf_gmosa	0.12268708881578946	0.00469970703125	1.0	0.03743743896484375	0.34749348958333337	0.0007476806640625	0.20140380859374998	0.3901953125
brf_gmosa__nrlmf	0.0009494357638888888	0.0002848307291666667	0.03743743896484375	1.0	0.11497667100694443	0.0007120768229166667	0.257080078125	0.34749348958333337
brf_gso	0.01031494140625	0.0002848307291666667	0.34749348958333337	0.11497667100694443	1.0	0.0007120768229166667	0.6933096426504629	0.6808002178485577
brf_gso__nrlmf	0.0007120768229166667	0.0002848307291666667	0.0007476806640625	0.0007120768229166667	0.0007120768229166667	1.0	0.007832845052083334	0.009005033052884616
brf_lmo	0.017146809895833334	0.0007476806640625	0.20140380859374998	0.257080078125	0.6933096426504629	0.007832845052083334	1.0	0.979949951171875
brf_lmo__nrlmf	0.04775103400735294	0.005437677556818182	0.3901953125	0.34749348958333337	0.6808002178485577	0.009005033052884616	0.979949951171875	1.0
