	brf_gmosa	brf_gso	brf_gso__nrlmf	brf_lmo	brf_lmo__nrlmf	brf_lso
brf_gmosa	1.0	0.49641927083333337	0.0016021728515625	0.30827113560267855	0.5225830078125	0.0838470458984375
brf_gso	0.49641927083333337	1.0	0.0016021728515625	0.7714022122896634	0.7714022122896634	0.0465087890625
brf_gso__nrlmf	0.0016021728515625	0.0016021728515625	1.0	0.01567840576171875	0.01567840576171875	0.979949951171875
brf_lmo	0.30827113560267855	0.7714022122896634	0.01567840576171875	1.0	0.979949951171875	0.32878875732421875
brf_lmo__nrlmf	0.5225830078125	0.7714022122896634	0.01567840576171875	0.979949951171875	1.0	0.6755759499289773
brf_lso	0.0838470458984375	0.0465087890625	0.979949951171875	0.32878875732421875	0.6755759499289773	1.0
