	brf_gmosa	brf_gso	brf_gso__nrlmf	brf_lmo	brf_lmo__nrlmf	brf_lso
brf_gmosa	1.0	0.03421783447265625	0.00091552734375	0.2883078835227273	0.012542724609375	1.0
brf_gso	0.03421783447265625	1.0	0.008392333984375	0.9642137799944196	0.0128936767578125	0.34305572509765625
brf_gso__nrlmf	0.00091552734375	0.008392333984375	1.0	0.04160563151041667	0.9642137799944196	0.0043487548828125
brf_lmo	0.2883078835227273	0.9642137799944196	0.04160563151041667	1.0	0.012542724609375	0.2883078835227273
brf_lmo__nrlmf	0.012542724609375	0.0128936767578125	0.9642137799944196	0.012542724609375	1.0	0.013471330915178572
brf_lso	1.0	0.34305572509765625	0.0043487548828125	0.2883078835227273	0.013471330915178572	1.0
