	brf_gmosa	brf_gso	brf_gso__nrlmf	brf_lmo	brf_lmo__nrlmf	brf_lso
brf_gmosa	1.0	4.57763671875e-05	4.57763671875e-05	4.57763671875e-05	4.57763671875e-05	0.0003814697265625
brf_gso	4.57763671875e-05	1.0	4.57763671875e-05	0.003596714564732143	4.57763671875e-05	8.322975852272728e-05
brf_gso__nrlmf	4.57763671875e-05	4.57763671875e-05	1.0	4.57763671875e-05	0.0506591796875	4.57763671875e-05
brf_lmo	4.57763671875e-05	0.003596714564732143	4.57763671875e-05	1.0	4.57763671875e-05	0.001514141376201923
brf_lmo__nrlmf	4.57763671875e-05	4.57763671875e-05	0.0506591796875	4.57763671875e-05	1.0	4.57763671875e-05
brf_lso	0.0003814697265625	8.322975852272728e-05	4.57763671875e-05	0.001514141376201923	4.57763671875e-05	1.0
