	brf_gmo	brf_gmo__nrlmf	brf_gmosa	brf_gmosa__nrlmf	brf_gso	brf_gso__nrlmf	brf_lmo	brf_lmo__nrlmf
brf_gmo	1.0	0.00014241536458333334	0.00014241536458333334	0.00014241536458333334	0.00014241536458333334	0.00014241536458333334	0.00014241536458333334	0.0001708984375
brf_gmo__nrlmf	0.00014241536458333334	1.0	0.0001708984375	0.6161956787109375	0.007230318509615384	0.7904052734375	0.0033402876420454545	0.8007577749399039
brf_gmosa	0.00014241536458333334	0.0001708984375	1.0	0.0001708984375	0.03005801930147059	0.0001708984375	0.29599609374999997	0.007804361979166667
brf_gmosa__nrlmf	0.00014241536458333334	0.6161956787109375	0.0001708984375	1.0	0.17193282277960525	0.3082682291666667	0.44340376420454547	0.6161956787109375
brf_gso	0.00014241536458333334	0.007230318509615384	0.03005801930147059	0.17193282277960525	1.0	0.003916422526041667	0.899932861328125	0.00902557373046875
brf_gso__nrlmf	0.00014241536458333334	0.7904052734375	0.0001708984375	0.3082682291666667	0.003916422526041667	1.0	0.03883192274305555	0.899932861328125
brf_lmo	0.00014241536458333334	0.0033402876420454545	0.29599609374999997	0.44340376420454547	0.899932861328125	0.03883192274305555	1.0	0.007804361979166667
brf_lmo__nrlmf	0.0001708984375	0.8007577749399039	0.007804361979166667	0.6161956787109375	0.00902557373046875	0.899932861328125	0.007804361979166667	1.0
