	brf_gmosa	brf_gso	brf_gso__nrlmf	brf_lmo	brf_lmo__nrlmf	brf_lso
brf_gmosa	1.0	0.781951904296875	0.0738525390625	0.03910609654017857	0.6483342097355769	0.0738525390625
brf_gso	0.781951904296875	1.0	0.0327301025390625	0.0980987548828125	0.5505648526278409	0.01885986328125
brf_gso__nrlmf	0.0738525390625	0.0327301025390625	1.0	0.579681396484375	0.00629425048828125	0.003204345703125
brf_lmo	0.03910609654017857	0.0980987548828125	0.579681396484375	1.0	0.005035400390625	0.003204345703125
brf_lmo__nrlmf	0.6483342097355769	0.5505648526278409	0.00629425048828125	0.005035400390625	1.0	0.7561274937220982
brf_lso	0.0738525390625	0.01885986328125	0.003204345703125	0.003204345703125	0.7561274937220982	1.0
