	brf_gmosa	brf_gso	brf_gso__nrlmf	brf_lmo	brf_lmo__nrlmf	brf_lso
brf_gmosa	1.0	4.161487926136364e-05	4.161487926136364e-05	4.161487926136364e-05	4.161487926136364e-05	0.061798095703125
brf_gso	4.161487926136364e-05	1.0	4.161487926136364e-05	0.04457913912259615	4.161487926136364e-05	0.0362396240234375
brf_gso__nrlmf	4.161487926136364e-05	4.161487926136364e-05	1.0	4.161487926136364e-05	0.93988037109375	4.161487926136364e-05
brf_lmo	4.161487926136364e-05	0.04457913912259615	4.161487926136364e-05	1.0	4.161487926136364e-05	4.161487926136364e-05
brf_lmo__nrlmf	4.161487926136364e-05	4.161487926136364e-05	0.93988037109375	4.161487926136364e-05	1.0	4.161487926136364e-05
brf_lso	0.061798095703125	0.0362396240234375	4.161487926136364e-05	4.161487926136364e-05	4.161487926136364e-05	1.0
