	brf_gmosa	brf_gso	brf_gso__nrlmf	brf_lmo	brf_lmo__nrlmf	brf_lso
brf_gmosa	1.0	4.161487926136364e-05	4.161487926136364e-05	4.161487926136364e-05	4.161487926136364e-05	0.02105712890625
brf_gso	4.161487926136364e-05	1.0	4.161487926136364e-05	0.433197021484375	4.161487926136364e-05	0.04139491489955357
brf_gso__nrlmf	4.161487926136364e-05	4.161487926136364e-05	1.0	4.161487926136364e-05	0.019378662109375	4.161487926136364e-05
brf_lmo	4.161487926136364e-05	0.433197021484375	4.161487926136364e-05	1.0	4.161487926136364e-05	4.161487926136364e-05
brf_lmo__nrlmf	4.161487926136364e-05	4.161487926136364e-05	0.019378662109375	4.161487926136364e-05	1.0	4.161487926136364e-05
brf_lso	0.02105712890625	0.04139491489955357	4.161487926136364e-05	4.161487926136364e-05	4.161487926136364e-05	1.0
