	brf_gmo	brf_gmo__nrlmf	brf_gmosa	brf_gmosa__nrlmf	brf_gso	brf_gso__nrlmf	brf_lmo	brf_lmo__nrlmf
brf_gmo	1.0	0.016432542067307692	0.0008544921875	0.020365397135416664	0.12459309895833333	0.3341064453125	0.000640869140625	0.00213623046875
brf_gmo__nrlmf	0.016432542067307692	1.0	0.00213623046875	0.93988037109375	0.3762613932291667	0.020365397135416664	0.0008544921875	0.10347900390624999
brf_gmosa	0.0008544921875	0.00213623046875	1.0	0.001495361328125	0.007832845052083334	0.00042724609375	0.6424795297475961	0.020365397135416664
brf_gmosa__nrlmf	0.020365397135416664	0.93988037109375	0.001495361328125	1.0	0.3901953125	0.036788137335526314	0.000640869140625	0.16511119495738635
brf_gso	0.12459309895833333	0.3762613932291667	0.007832845052083334	0.3901953125	1.0	0.020365397135416664	0.0033402876420454545	0.6555853949652778
brf_gso__nrlmf	0.3341064453125	0.020365397135416664	0.00042724609375	0.036788137335526314	0.020365397135416664	1.0	0.00042724609375	0.0008544921875
brf_lmo	0.000640869140625	0.0008544921875	0.6424795297475961	0.000640869140625	0.0033402876420454545	0.00042724609375	1.0	0.01837158203125
brf_lmo__nrlmf	0.00213623046875	0.10347900390624999	0.020365397135416664	0.16511119495738635	0.6555853949652778	0.0008544921875	0.01837158203125	1.0
