	brf_gmosa	brf_gso	brf_gso__nrlmf	brf_lmo	brf_lmo__nrlmf	brf_lso
brf_gmosa	1.0	0.007253793569711538	6.539481026785714e-05	0.026746477399553572	0.00010172526041666667	0.001373291015625
brf_gso	0.007253793569711538	1.0	6.539481026785714e-05	6.539481026785714e-05	6.539481026785714e-05	0.17535400390625
brf_gso__nrlmf	6.539481026785714e-05	6.539481026785714e-05	1.0	6.539481026785714e-05	0.00164031982421875	6.539481026785714e-05
brf_lmo	0.026746477399553572	6.539481026785714e-05	6.539481026785714e-05	1.0	6.539481026785714e-05	0.000640869140625
brf_lmo__nrlmf	0.00010172526041666667	6.539481026785714e-05	0.00164031982421875	6.539481026785714e-05	1.0	0.00010172526041666667
brf_lso	0.001373291015625	0.17535400390625	6.539481026785714e-05	0.000640869140625	0.00010172526041666667	1.0
