	brf_gmosa	brf_gso	brf_gso__nrlmf	brf_lmo	brf_lmo__nrlmf	brf_lso
brf_gmosa	1.0	5.7220458984375e-05	5.7220458984375e-05	0.00125885009765625	5.7220458984375e-05	0.49542236328125
brf_gso	5.7220458984375e-05	1.0	9.1552734375e-05	0.0002080743963068182	5.7220458984375e-05	9.1552734375e-05
brf_gso__nrlmf	5.7220458984375e-05	9.1552734375e-05	1.0	5.7220458984375e-05	0.4658625676081731	5.7220458984375e-05
brf_lmo	0.00125885009765625	0.0002080743963068182	5.7220458984375e-05	1.0	5.7220458984375e-05	0.49542236328125
brf_lmo__nrlmf	5.7220458984375e-05	5.7220458984375e-05	0.4658625676081731	5.7220458984375e-05	1.0	5.7220458984375e-05
brf_lso	0.49542236328125	9.1552734375e-05	5.7220458984375e-05	0.49542236328125	5.7220458984375e-05	1.0
