	brf_gmo	brf_gmo__nrlmf	brf_gmosa	brf_gmosa__nrlmf	brf_gso	brf_gso__nrlmf	brf_lmo	brf_lmo__nrlmf
brf_gmo	1.0	6.103515625e-05	6.103515625e-05	6.103515625e-05	6.103515625e-05	0.0014099121093749999	6.103515625e-05	0.0014099121093749999
brf_gmo__nrlmf	6.103515625e-05	1.0	6.103515625e-05	6.103515625e-05	6.103515625e-05	6.103515625e-05	6.103515625e-05	6.103515625e-05
brf_gmosa	6.103515625e-05	6.103515625e-05	1.0	0.00017089843750000002	0.00928795855978261	6.103515625e-05	0.10901896158854167	6.103515625e-05
brf_gmosa__nrlmf	6.103515625e-05	6.103515625e-05	0.00017089843750000002	1.0	0.3751878004807692	0.0022379557291666665	0.33359374999999997	0.00341796875
brf_gso	6.103515625e-05	6.103515625e-05	0.00928795855978261	0.3751878004807692	1.0	6.103515625e-05	0.8512957537615741	0.0004747178819444444
brf_gso__nrlmf	0.0014099121093749999	6.103515625e-05	6.103515625e-05	0.0022379557291666665	6.103515625e-05	1.0	0.00035184972426470593	0.860260009765625
brf_lmo	6.103515625e-05	6.103515625e-05	0.10901896158854167	0.33359374999999997	0.8512957537615741	0.00035184972426470593	1.0	0.00026702880859375
brf_lmo__nrlmf	0.0014099121093749999	6.103515625e-05	6.103515625e-05	0.00341796875	0.0004747178819444444	0.860260009765625	0.00026702880859375	1.0
