	brf_gmosa	brf_gso	brf_gso__nrlmf	brf_lmo	brf_lmo__nrlmf	brf_lso
brf_gmosa	1.0	9.1552734375e-05	9.1552734375e-05	0.000286102294921875	9.1552734375e-05	0.781951904296875
brf_gso	9.1552734375e-05	1.0	0.000152587890625	0.6094242976262019	0.000640869140625	0.001373291015625
brf_gso__nrlmf	9.1552734375e-05	0.000152587890625	1.0	0.00522613525390625	0.7561274937220982	9.1552734375e-05
brf_lmo	0.000286102294921875	0.6094242976262019	0.00522613525390625	1.0	0.000286102294921875	0.000640869140625
brf_lmo__nrlmf	9.1552734375e-05	0.000640869140625	0.7561274937220982	0.000286102294921875	1.0	9.1552734375e-05
brf_lso	0.781951904296875	0.001373291015625	9.1552734375e-05	0.000640869140625	9.1552734375e-05	1.0
