	brf_gmosa	brf_gso	brf_gso__nrlmf	brf_lmo	brf_lmo__nrlmf	brf_lso
brf_gmosa	1.0	4.57763671875e-05	4.57763671875e-05	4.57763671875e-05	4.57763671875e-05	4.57763671875e-05
brf_gso	4.57763671875e-05	1.0	4.57763671875e-05	4.57763671875e-05	4.57763671875e-05	4.57763671875e-05
brf_gso__nrlmf	4.57763671875e-05	4.57763671875e-05	1.0	0.0004929762620192308	0.40374755859375	4.57763671875e-05
brf_lmo	4.57763671875e-05	4.57763671875e-05	0.0004929762620192308	1.0	0.0001248446377840909	0.003596714564732143
brf_lmo__nrlmf	4.57763671875e-05	4.57763671875e-05	0.40374755859375	0.0001248446377840909	1.0	0.0003814697265625
brf_lso	4.57763671875e-05	4.57763671875e-05	4.57763671875e-05	0.003596714564732143	0.0003814697265625	1.0
