	brf_gmo	brf_gmo__nrlmf	brf_gso__nrlmf	brf_lmo	bxt_gmo	bxt_gmo__nrlmf	bxt_gmosa__nrlmf	bxt_gso__nrlmf
brf_gmo	1.0	3.884055397727273e-05	3.884055397727273e-05	3.884055397727273e-05	3.884055397727273e-05	3.884055397727273e-05	3.884055397727273e-05	3.884055397727273e-05
brf_gmo__nrlmf	3.884055397727273e-05	1.0	0.007041015625	3.884055397727273e-05	3.884055397727273e-05	3.884055397727273e-05	3.884055397727273e-05	0.274444580078125
brf_gso__nrlmf	3.884055397727273e-05	0.007041015625	1.0	3.884055397727273e-05	3.884055397727273e-05	0.00018575917119565219	3.884055397727273e-05	0.199951171875
brf_lmo	3.884055397727273e-05	3.884055397727273e-05	3.884055397727273e-05	1.0	0.008216271033653846	3.884055397727273e-05	3.884055397727273e-05	3.884055397727273e-05
bxt_gmo	3.884055397727273e-05	3.884055397727273e-05	3.884055397727273e-05	0.008216271033653846	1.0	3.884055397727273e-05	3.884055397727273e-05	3.884055397727273e-05
bxt_gmo__nrlmf	3.884055397727273e-05	3.884055397727273e-05	0.00018575917119565219	3.884055397727273e-05	3.884055397727273e-05	1.0	0.0004984537760416667	3.884055397727273e-05
bxt_gmosa__nrlmf	3.884055397727273e-05	3.884055397727273e-05	3.884055397727273e-05	3.884055397727273e-05	3.884055397727273e-05	0.0004984537760416667	1.0	3.884055397727273e-05
bxt_gso__nrlmf	3.884055397727273e-05	0.274444580078125	0.199951171875	3.884055397727273e-05	3.884055397727273e-05	3.884055397727273e-05	3.884055397727273e-05	1.0
