	brf_gmo	brf_gmo__nrlmf	brf_gso__nrlmf	brf_lmo	bxt_gmo	bxt_gmo__nrlmf	bxt_gmosa__nrlmf	bxt_gso__nrlmf
brf_gmo	1.0	0.13797200520833333	0.000213623046875	0.10911207932692307	0.000213623046875	0.000213623046875	0.20417022705078125	0.1153564453125
brf_gmo__nrlmf	0.13797200520833333	1.0	0.001068115234375	0.8327880859375	0.0059814453125	0.000341796875	0.5513416637073864	0.40444464432565785
brf_gso__nrlmf	0.000213623046875	0.001068115234375	1.0	0.001068115234375	0.03617350260416667	0.008544921875	0.6429867951766305	0.8840378981370192
brf_lmo	0.10911207932692307	0.8327880859375	0.001068115234375	1.0	0.001068115234375	0.000213623046875	0.3923543294270833	0.3923543294270833
bxt_gmo	0.000213623046875	0.0059814453125	0.03617350260416667	0.001068115234375	1.0	0.0059814453125	0.979949951171875	0.9746907552083334
bxt_gmo__nrlmf	0.000213623046875	0.000341796875	0.008544921875	0.000213623046875	0.0059814453125	1.0	0.5006103515625	0.8233388264973959
bxt_gmosa__nrlmf	0.20417022705078125	0.5513416637073864	0.6429867951766305	0.3923543294270833	0.979949951171875	0.5006103515625	1.0	0.5006103515625
bxt_gso__nrlmf	0.1153564453125	0.40444464432565785	0.8840378981370192	0.3923543294270833	0.9746907552083334	0.8233388264973959	0.5006103515625	1.0
