	brf_gmo	brf_gmo__nrlmf	brf_gso__nrlmf	brf_lmo	bxt_gmo	bxt_gmo__nrlmf	bxt_gmosa__nrlmf	bxt_gso__nrlmf
brf_gmo	1.0	5.340576171875e-05	5.340576171875e-05	0.0009550206801470589	5.340576171875e-05	5.340576171875e-05	5.340576171875e-05	5.340576171875e-05
brf_gmo__nrlmf	5.340576171875e-05	1.0	0.001315249702000278	5.340576171875e-05	5.340576171875e-05	0.04462398084672847	0.00508980129076087	0.00508980129076087
brf_gso__nrlmf	5.340576171875e-05	0.001315249702000278	1.0	5.340576171875e-05	5.340576171875e-05	0.0030635640126320776	0.0057763671875	0.0057763671875
brf_lmo	0.0009550206801470589	5.340576171875e-05	5.340576171875e-05	1.0	0.00989239032451923	5.340576171875e-05	5.340576171875e-05	5.340576171875e-05
bxt_gmo	5.340576171875e-05	5.340576171875e-05	5.340576171875e-05	0.00989239032451923	1.0	5.340576171875e-05	5.340576171875e-05	5.340576171875e-05
bxt_gmo__nrlmf	5.340576171875e-05	0.04462398084672847	0.0030635640126320776	5.340576171875e-05	5.340576171875e-05	1.0	0.00508980129076087	0.00508980129076087
bxt_gmosa__nrlmf	5.340576171875e-05	0.00508980129076087	0.0057763671875	5.340576171875e-05	5.340576171875e-05	0.00508980129076087	1.0	0.2978515625
bxt_gso__nrlmf	5.340576171875e-05	0.00508980129076087	0.0057763671875	5.340576171875e-05	5.340576171875e-05	0.00508980129076087	0.2978515625	1.0
