	brf_gmo	brf_gmo__nrlmf	brf_gso__nrlmf	brf_lmo	bxt_gmo	bxt_gmo__nrlmf	bxt_gmosa__nrlmf	bxt_gso__nrlmf
brf_gmo	1.0	0.0036743164062499997	0.3070599099864131	0.596588134765625	0.0026702880859375	0.5827003761574074	0.00802273220486111	0.00802273220486111
brf_gmo__nrlmf	0.0036743164062499997	1.0	0.000213623046875	0.0026702880859375	0.0008544921875	0.000213623046875	0.000213623046875	0.000213623046875
brf_gso__nrlmf	0.3070599099864131	0.000213623046875	1.0	0.3070599099864131	0.3070599099864131	0.006266276041666667	0.3612109375	0.3070599099864131
brf_lmo	0.596588134765625	0.0026702880859375	0.3070599099864131	1.0	0.005437677556818182	0.3612109375	0.00802273220486111	0.00802273220486111
bxt_gmo	0.0026702880859375	0.0008544921875	0.3070599099864131	0.005437677556818182	1.0	0.17193282277960525	0.00802273220486111	0.00802273220486111
bxt_gmo__nrlmf	0.5827003761574074	0.000213623046875	0.006266276041666667	0.3612109375	0.17193282277960525	1.0	0.0009969075520833335	0.003133138020833333
bxt_gmosa__nrlmf	0.00802273220486111	0.000213623046875	0.3612109375	0.00802273220486111	0.00802273220486111	0.0009969075520833335	1.0	0.4043391301081731
bxt_gso__nrlmf	0.00802273220486111	0.000213623046875	0.3070599099864131	0.00802273220486111	0.00802273220486111	0.003133138020833333	0.4043391301081731	1.0
