	brf_gmo	brf_gmo__nrlmf	brf_gso__nrlmf	brf_lmo	bxt_gmo	bxt_gmo__nrlmf	bxt_gmosa__nrlmf	bxt_gso__nrlmf
brf_gmo	1.0	0.42051269531249996	0.0008544921875	0.008494657628676471	0.006123860677083334	0.0042724609375	0.008494657628676471	0.0014241536458333335
brf_gmo__nrlmf	0.42051269531249996	1.0	0.0008544921875	0.033284505208333336	0.008494657628676471	0.008494657628676471	0.008494657628676471	0.008494657628676471
brf_gso__nrlmf	0.0008544921875	0.0008544921875	1.0	0.011243318256578946	0.6275058703967532	0.49941781850961536	0.008494657628676471	0.008494657628676471
brf_lmo	0.008494657628676471	0.033284505208333336	0.011243318256578946	1.0	0.09407182173295454	0.14203146229619565	0.012860107421875	0.0067138671875
bxt_gmo	0.006123860677083334	0.008494657628676471	0.6275058703967532	0.09407182173295454	1.0	0.979949951171875	0.009779188368055554	0.008494657628676471
bxt_gmo__nrlmf	0.0042724609375	0.008494657628676471	0.49941781850961536	0.14203146229619565	0.979949951171875	1.0	0.008494657628676471	0.001495361328125
bxt_gmosa__nrlmf	0.008494657628676471	0.008494657628676471	0.008494657628676471	0.012860107421875	0.009779188368055554	0.008494657628676471	1.0	0.3762613932291667
bxt_gso__nrlmf	0.0014241536458333335	0.008494657628676471	0.008494657628676471	0.0067138671875	0.008494657628676471	0.001495361328125	0.3762613932291667	1.0
