	brf_gmo	brf_gmo__nrlmf	brf_gso__nrlmf	brf_lmo	bxt_gmo	bxt_gmo__nrlmf	bxt_gmosa__nrlmf	bxt_gso__nrlmf
brf_gmo	1.0	0.0001708984375	0.0006103515625	0.0001708984375	0.002161362591911765	0.705718994140625	0.00133514404296875	0.0007975260416666667
brf_gmo__nrlmf	0.0001708984375	1.0	0.0001708984375	0.0001708984375	0.0001708984375	0.0001708984375	0.0001708984375	0.0001708984375
brf_gso__nrlmf	0.0006103515625	0.0001708984375	1.0	0.09407182173295454	0.705718994140625	0.0001708984375	0.224945068359375	0.06754557291666667
brf_lmo	0.0001708984375	0.0001708984375	0.09407182173295454	1.0	0.0076004831414473685	0.0001708984375	0.5687960111177884	0.19363536005434784
bxt_gmo	0.002161362591911765	0.0001708984375	0.705718994140625	0.0076004831414473685	1.0	0.0003286508413461538	0.029949951171875	0.002610948350694444
bxt_gmo__nrlmf	0.705718994140625	0.0001708984375	0.0001708984375	0.0001708984375	0.0003286508413461538	1.0	0.0003286508413461538	0.00023304332386363637
bxt_gmosa__nrlmf	0.00133514404296875	0.0001708984375	0.224945068359375	0.5687960111177884	0.029949951171875	0.0003286508413461538	1.0	0.3073779296875
bxt_gso__nrlmf	0.0007975260416666667	0.0001708984375	0.06754557291666667	0.19363536005434784	0.002610948350694444	0.00023304332386363637	0.3073779296875	1.0
