	brf_gmo	brf_gmo__nrlmf	brf_gso__nrlmf	brf_lmo	bxt_gmo	bxt_gmo__nrlmf	bxt_gmosa__nrlmf	bxt_gso__nrlmf
brf_gmo	1.0	0.005221896701388888	0.06892903645833333	0.8512957537615741	0.03406575520833333	0.005437677556818182	0.10595703125	0.5687960111177884
brf_gmo__nrlmf	0.005221896701388888	1.0	0.008827575052936689	0.005221896701388888	0.00299072265625	0.855034582702933	0.08074951171875	0.002848307291666667
brf_gso__nrlmf	0.06892903645833333	0.008827575052936689	1.0	0.09855143229166667	0.005221896701388888	0.022571150747059236	0.11375891644021739	0.005437677556818182
brf_lmo	0.8512957537615741	0.005221896701388888	0.09855143229166667	1.0	0.05524040670955883	0.005221896701388888	0.26973470052083337	0.3612109375
bxt_gmo	0.03406575520833333	0.00299072265625	0.005221896701388888	0.05524040670955883	1.0	0.0032470703124999997	0.0008544921875	0.05524040670955883
bxt_gmo__nrlmf	0.005437677556818182	0.855034582702933	0.022571150747059236	0.005221896701388888	0.0032470703124999997	1.0	0.07465563322368421	0.002848307291666667
bxt_gmosa__nrlmf	0.10595703125	0.08074951171875	0.11375891644021739	0.26973470052083337	0.0008544921875	0.07465563322368421	1.0	0.01978478064903846
bxt_gso__nrlmf	0.5687960111177884	0.002848307291666667	0.005437677556818182	0.3612109375	0.05524040670955883	0.002848307291666667	0.01978478064903846	1.0
