	brf_gmo	brf_gmo__nrlmf	brf_gso__nrlmf	brf_lmo	bxt_gmo	bxt_gmo__nrlmf	bxt_gmosa__nrlmf	bxt_gso__nrlmf
brf_gmo	1.0	0.27162992037259615	0.013128107244318182	0.26973470052083337	0.013540414663461538	0.26973470052083337	0.2846091941550926	0.0093994140625
brf_gmo__nrlmf	0.27162992037259615	1.0	0.0093994140625	0.27162992037259615	0.19181315104166666	0.03285911742542899	0.0205078125	0.0152587890625
brf_gso__nrlmf	0.013128107244318182	0.0093994140625	1.0	0.013128107244318182	0.013128107244318182	0.009185791015625	0.013540414663461538	0.027130126953125
brf_lmo	0.26973470052083337	0.27162992037259615	0.013128107244318182	1.0	0.0093994140625	0.26908735795454547	0.10173204210069443	0.0042724609375
bxt_gmo	0.013540414663461538	0.19181315104166666	0.013128107244318182	0.0093994140625	1.0	0.12268708881578946	0.860260009765625	0.13082275390625
bxt_gmo__nrlmf	0.26973470052083337	0.03285911742542899	0.009185791015625	0.26908735795454547	0.12268708881578946	1.0	0.0093994140625	0.009185791015625
bxt_gmosa__nrlmf	0.2846091941550926	0.0205078125	0.013540414663461538	0.10173204210069443	0.860260009765625	0.0093994140625	1.0	0.009185791015625
bxt_gso__nrlmf	0.0093994140625	0.0152587890625	0.027130126953125	0.0042724609375	0.13082275390625	0.009185791015625	0.009185791015625	1.0
