	brf_gmo	brf_gmo__nrlmf	brf_gso__nrlmf	brf_lmo	bxt_gmo	bxt_gmo__nrlmf	bxt_gmosa__nrlmf	bxt_gso__nrlmf
brf_gmo	1.0	0.037278967461130595	0.5905866586580788	0.28613584838921274	0.037278967461130595	0.018318682167759042	0.42489962906594525	0.23972909589550057
brf_gmo__nrlmf	0.037278967461130595	1.0	0.28613584838921274	0.05227800203365081	0.037278967461130595	0.005632832293459553	0.020075256019848983	0.0037186994792730594
brf_gso__nrlmf	0.5905866586580788	0.28613584838921274	1.0	0.6416601266046645	0.5400203539091564	0.005632832293459553	0.14483511764624402	0.0037186994792730594
brf_lmo	0.28613584838921274	0.05227800203365081	0.6416601266046645	1.0	0.020075256019848983	0.02475587810599183	0.3249151884358737	0.23972909589550057
bxt_gmo	0.037278967461130595	0.037278967461130595	0.5400203539091564	0.020075256019848983	1.0	0.017821409421886963	0.42489962906594525	0.42489962906594525
bxt_gmo__nrlmf	0.018318682167759042	0.005632832293459553	0.005632832293459553	0.02475587810599183	0.017821409421886963	1.0	0.0037186994792730594	0.0037186994792730594
bxt_gmosa__nrlmf	0.42489962906594525	0.020075256019848983	0.14483511764624402	0.3249151884358737	0.42489962906594525	0.0037186994792730594	1.0	0.028005358627928273
bxt_gso__nrlmf	0.23972909589550057	0.0037186994792730594	0.0037186994792730594	0.23972909589550057	0.42489962906594525	0.0037186994792730594	0.028005358627928273	1.0
