	brf_gmo	brf_gmo__nrlmf	brf_gso__nrlmf	brf_lmo	bxt_gmo	bxt_gmo__nrlmf	bxt_gmosa__nrlmf	bxt_gso__nrlmf
brf_gmo	1.0	8.544921875e-05	0.11602435334167119	0.62931640625	0.0014759410511363637	8.544921875e-05	0.6933096426504629	0.22774264110072553
brf_gmo__nrlmf	8.544921875e-05	1.0	0.0032577920520337044	8.544921875e-05	8.544921875e-05	0.03487225919317554	8.544921875e-05	8.544921875e-05
brf_gso__nrlmf	0.11602435334167119	0.0032577920520337044	1.0	0.2453946200284091	0.0037384033203125	0.0018211149720003847	0.00262451171875	0.0017801920572916667
brf_lmo	0.62931640625	8.544921875e-05	0.2453946200284091	1.0	0.11497667100694443	8.544921875e-05	0.820892333984375	0.62931640625
bxt_gmo	0.0014759410511363637	8.544921875e-05	0.0037384033203125	0.11497667100694443	1.0	8.544921875e-05	0.2453946200284091	0.6104577913755681
bxt_gmo__nrlmf	8.544921875e-05	0.03487225919317554	0.0018211149720003847	8.544921875e-05	8.544921875e-05	1.0	8.544921875e-05	8.544921875e-05
bxt_gmosa__nrlmf	0.6933096426504629	8.544921875e-05	0.00262451171875	0.820892333984375	0.2453946200284091	8.544921875e-05	1.0	0.6320672280828296
bxt_gso__nrlmf	0.22774264110072553	8.544921875e-05	0.0017801920572916667	0.62931640625	0.6104577913755681	8.544921875e-05	0.6320672280828296	1.0
