	brf_gmo	brf_gmo__nrlmf	brf_gso__nrlmf	brf_lmo	bxt_gmo	bxt_gmo__nrlmf	bxt_gmosa__nrlmf	bxt_gso__nrlmf
brf_gmo	1.0	0.3082682291666667	0.45707901664402173	0.058247884114583336	0.0008544921875	0.29599609374999997	0.3249151884358737	0.20802427778925042
brf_gmo__nrlmf	0.3082682291666667	1.0	0.06341282268675472	0.4851806640625	0.04073079427083333	0.8968305753289082	0.06341282268675472	0.038902094166558585
brf_gso__nrlmf	0.45707901664402173	0.06341282268675472	1.0	1.0	0.05078227238475389	0.09607846078596505	0.06341282268675472	0.038902094166558585
brf_lmo	0.058247884114583336	0.4851806640625	1.0	1.0	0.00213623046875	0.471038818359375	0.038902094166558585	0.038902094166558585
bxt_gmo	0.0008544921875	0.04073079427083333	0.05078227238475389	0.00213623046875	1.0	0.04073079427083333	0.13712086397058826	0.28414113898026316
bxt_gmo__nrlmf	0.29599609374999997	0.8968305753289082	0.09607846078596505	0.471038818359375	0.04073079427083333	1.0	0.05078227238475389	0.038902094166558585
bxt_gmosa__nrlmf	0.3249151884358737	0.06341282268675472	0.06341282268675472	0.038902094166558585	0.13712086397058826	0.05078227238475389	1.0	0.9942632650919266
bxt_gso__nrlmf	0.20802427778925042	0.038902094166558585	0.038902094166558585	0.038902094166558585	0.28414113898026316	0.038902094166558585	0.9942632650919266	1.0
