	brf_gmo	brf_gmo__nrlmf	brf_gmosa	brf_gmosa__nrlmf	brf_gso	brf_gso__nrlmf	brf_lmo	brf_lmo__nrlmf
brf_gmo	1.0	5.6966145833333334e-05	5.6966145833333334e-05	5.6966145833333334e-05	5.6966145833333334e-05	5.6966145833333334e-05	5.6966145833333334e-05	5.6966145833333334e-05
brf_gmo__nrlmf	5.6966145833333334e-05	1.0	5.6966145833333334e-05	5.6966145833333334e-05	5.6966145833333334e-05	5.6966145833333334e-05	5.6966145833333334e-05	5.6966145833333334e-05
brf_gmosa	5.6966145833333334e-05	5.6966145833333334e-05	1.0	0.0001068115234375	5.6966145833333334e-05	5.6966145833333334e-05	0.0035807291666666665	0.0004497327302631579
brf_gmosa__nrlmf	5.6966145833333334e-05	5.6966145833333334e-05	0.0001068115234375	1.0	0.008001154119318182	0.013374660326086958	0.10465820312499999	0.045074462890625
brf_gso	5.6966145833333334e-05	5.6966145833333334e-05	5.6966145833333334e-05	0.008001154119318182	1.0	0.6933096426504629	0.0002513212316176471	0.820892333984375
brf_gso__nrlmf	5.6966145833333334e-05	5.6966145833333334e-05	5.6966145833333334e-05	0.013374660326086958	0.6933096426504629	1.0	0.0004497327302631579	0.6808002178485577
brf_lmo	5.6966145833333334e-05	5.6966145833333334e-05	0.0035807291666666665	0.10465820312499999	0.0002513212316176471	0.0004497327302631579	1.0	0.002349853515625
brf_lmo__nrlmf	5.6966145833333334e-05	5.6966145833333334e-05	0.0004497327302631579	0.045074462890625	0.820892333984375	0.6808002178485577	0.002349853515625	1.0
