	brf_gmo	brf_gmo__nrlmf	brf_gmosa	brf_gmosa__nrlmf	brf_gso	brf_gso__nrlmf	brf_lmo	brf_lmo__nrlmf
brf_gmo	1.0	0.0006103515625	7.120768229166667e-05	7.120768229166667e-05	7.120768229166667e-05	7.120768229166667e-05	7.120768229166667e-05	7.120768229166667e-05
brf_gmo__nrlmf	0.0006103515625	1.0	7.120768229166667e-05	7.120768229166667e-05	7.120768229166667e-05	7.120768229166667e-05	7.120768229166667e-05	7.120768229166667e-05
brf_gmosa	7.120768229166667e-05	7.120768229166667e-05	1.0	1.0	0.0006103515625	0.024115668402777776	0.8109130859375	0.5779927571614584
brf_gmosa__nrlmf	7.120768229166667e-05	7.120768229166667e-05	1.0	1.0	0.0018798828125	0.042724609375	0.62931640625	0.5273702870244565
brf_gso	7.120768229166667e-05	7.120768229166667e-05	0.0006103515625	0.0018798828125	1.0	0.02156336167279412	0.00293731689453125	0.257080078125
brf_gso__nrlmf	7.120768229166667e-05	7.120768229166667e-05	0.024115668402777776	0.042724609375	0.02156336167279412	1.0	0.054089355468749996	0.7600050706129807
brf_lmo	7.120768229166667e-05	7.120768229166667e-05	0.8109130859375	0.62931640625	0.00293731689453125	0.054089355468749996	1.0	0.44340376420454547
brf_lmo__nrlmf	7.120768229166667e-05	7.120768229166667e-05	0.5779927571614584	0.5273702870244565	0.257080078125	0.7600050706129807	0.44340376420454547	1.0
