	brf_gmosa	brf_gso	brf_gso__nrlmf	brf_lmo	brf_lmo__nrlmf	brf_lso
brf_gmosa	1.0	0.000152587890625	0.000152587890625	0.004475911458333334	0.0006539481026785714	0.000152587890625
brf_gso	0.000152587890625	1.0	0.7163020542689732	0.00057220458984375	0.820892333984375	0.000640869140625
brf_gso__nrlmf	0.000152587890625	0.7163020542689732	1.0	0.0006539481026785714	0.7163020542689732	0.0164794921875
brf_lmo	0.004475911458333334	0.00057220458984375	0.0006539481026785714	1.0	0.003147125244140625	0.14583587646484375
brf_lmo__nrlmf	0.0006539481026785714	0.820892333984375	0.7163020542689732	0.003147125244140625	1.0	0.034040971235795456
brf_lso	0.000152587890625	0.000640869140625	0.0164794921875	0.14583587646484375	0.034040971235795456	1.0
