	brf_gmosa	brf_gso	brf_gso__nrlmf	brf_lmo	brf_lmo__nrlmf	brf_lso
brf_gmosa	1.0	4.161487926136364e-05	4.161487926136364e-05	4.161487926136364e-05	4.161487926136364e-05	4.161487926136364e-05
brf_gso	4.161487926136364e-05	1.0	4.161487926136364e-05	0.528167724609375	4.161487926136364e-05	0.0005340576171875
brf_gso__nrlmf	4.161487926136364e-05	4.161487926136364e-05	1.0	4.161487926136364e-05	0.528167724609375	4.161487926136364e-05
brf_lmo	4.161487926136364e-05	0.528167724609375	4.161487926136364e-05	1.0	4.161487926136364e-05	0.001514141376201923
brf_lmo__nrlmf	4.161487926136364e-05	4.161487926136364e-05	0.528167724609375	4.161487926136364e-05	1.0	4.161487926136364e-05
brf_lso	4.161487926136364e-05	0.0005340576171875	4.161487926136364e-05	0.001514141376201923	4.161487926136364e-05	1.0
