	brf_gmosa	brf_gso	brf_gso__nrlmf	brf_lmo	brf_lmo__nrlmf	brf_lso
brf_gmosa	1.0	0.0019683837890625	0.979949951171875	0.00057220458984375	0.18352801983173075	0.02674102783203125
brf_gso	0.0019683837890625	1.0	9.1552734375e-05	0.0019683837890625	9.1552734375e-05	0.0036621093750000004
brf_gso__nrlmf	0.979949951171875	9.1552734375e-05	1.0	9.1552734375e-05	0.5308096749441964	9.1552734375e-05
brf_lmo	0.00057220458984375	0.0019683837890625	9.1552734375e-05	1.0	9.1552734375e-05	0.000152587890625
brf_lmo__nrlmf	0.18352801983173075	9.1552734375e-05	0.5308096749441964	9.1552734375e-05	1.0	0.00057220458984375
brf_lso	0.02674102783203125	0.0036621093750000004	9.1552734375e-05	0.000152587890625	0.00057220458984375	1.0
