	brf_gmo	brf_gmo__nrlmf	brf_gmosa	brf_gmosa__nrlmf	brf_gso	brf_gso__nrlmf	brf_lmo	brf_lmo__nrlmf
brf_gmo	1.0	6.573016826923077e-05	6.573016826923077e-05	6.573016826923077e-05	6.573016826923077e-05	6.573016826923077e-05	6.573016826923077e-05	6.573016826923077e-05
brf_gmo__nrlmf	6.573016826923077e-05	1.0	0.8921214916087963	0.00469970703125	0.00030517578125	0.2942657470703125	6.573016826923077e-05	0.01666259765625
brf_gmosa	6.573016826923077e-05	0.8921214916087963	1.0	0.0012566061580882354	0.0019338507401315788	0.979949951171875	0.0005340576171875	0.19363536005434784
brf_gmosa__nrlmf	6.573016826923077e-05	0.00469970703125	0.0012566061580882354	1.0	0.33359374999999997	6.573016826923077e-05	0.008382161458333334	0.0003987630208333333
brf_gso	6.573016826923077e-05	0.00030517578125	0.0019338507401315788	0.33359374999999997	1.0	6.573016826923077e-05	0.0019338507401315788	6.573016826923077e-05
brf_gso__nrlmf	6.573016826923077e-05	0.2942657470703125	0.979949951171875	6.573016826923077e-05	6.573016826923077e-05	1.0	6.573016826923077e-05	0.5335317758413461
brf_lmo	6.573016826923077e-05	6.573016826923077e-05	0.0005340576171875	0.008382161458333334	0.0019338507401315788	6.573016826923077e-05	1.0	6.573016826923077e-05
brf_lmo__nrlmf	6.573016826923077e-05	0.01666259765625	0.19363536005434784	0.0003987630208333333	6.573016826923077e-05	0.5335317758413461	6.573016826923077e-05	1.0
