	brf_gmosa	brf_gso	brf_gso__nrlmf	brf_lmo	brf_lmo__nrlmf	brf_lso
brf_gmosa	1.0	0.0025177001953125	5.0862630208333336e-05	0.08528489332932691	5.0862630208333336e-05	5.0862630208333336e-05
brf_gso	0.0025177001953125	1.0	5.0862630208333336e-05	0.02674102783203125	5.0862630208333336e-05	0.4637451171875
brf_gso__nrlmf	5.0862630208333336e-05	5.0862630208333336e-05	1.0	5.0862630208333336e-05	0.4637451171875	5.0862630208333336e-05
brf_lmo	0.08528489332932691	0.02674102783203125	5.0862630208333336e-05	1.0	5.0862630208333336e-05	0.01498135653409091
brf_lmo__nrlmf	5.0862630208333336e-05	5.0862630208333336e-05	0.4637451171875	5.0862630208333336e-05	1.0	5.0862630208333336e-05
brf_lso	5.0862630208333336e-05	0.4637451171875	5.0862630208333336e-05	0.01498135653409091	5.0862630208333336e-05	1.0
