	brf_gmosa	brf_gso	brf_gso__nrlmf	brf_lmo	brf_lmo__nrlmf	brf_lso
brf_gmosa	1.0	0.5145835876464844	0.9642137799944196	0.9642137799944196	0.9364827473958334	0.00011444091796875
brf_gso	0.5145835876464844	1.0	0.12664794921875	0.4530552455357143	0.9642137799944196	0.00011444091796875
brf_gso__nrlmf	0.9642137799944196	0.12664794921875	1.0	0.9642137799944196	0.979949951171875	0.00011444091796875
brf_lmo	0.9642137799944196	0.4530552455357143	0.9642137799944196	1.0	0.9642137799944196	0.00011444091796875
brf_lmo__nrlmf	0.9364827473958334	0.9642137799944196	0.979949951171875	0.9642137799944196	1.0	0.000457763671875
brf_lso	0.00011444091796875	0.00011444091796875	0.00011444091796875	0.00011444091796875	0.000457763671875	1.0
