	brf_gmosa	brf_gso	brf_gso__nrlmf	brf_lmo	brf_lmo__nrlmf	brf_lso
brf_gmosa	1.0	0.0041961669921875	0.012676532451923076	9.1552734375e-05	9.1552734375e-05	0.979949951171875
brf_gso	0.0041961669921875	1.0	9.1552734375e-05	9.1552734375e-05	9.1552734375e-05	0.0036621093750000004
brf_gso__nrlmf	0.012676532451923076	9.1552734375e-05	1.0	0.0036621093750000004	0.000171661376953125	0.000171661376953125
brf_lmo	9.1552734375e-05	9.1552734375e-05	0.0036621093750000004	1.0	0.49686976841517855	0.00035603841145833337
brf_lmo__nrlmf	9.1552734375e-05	9.1552734375e-05	0.000171661376953125	0.49686976841517855	1.0	0.000152587890625
brf_lso	0.979949951171875	0.0036621093750000004	0.000171661376953125	0.00035603841145833337	0.000152587890625	1.0
