	brf_gmo	brf_gmo__nrlmf	brf_gmosa	brf_gmosa__nrlmf	brf_gso	brf_gso__nrlmf	brf_lmo	brf_lmo__nrlmf
brf_gmo	1.0	0.007804361979166667	0.00018988715277777775	0.00014241536458333334	0.00014241536458333334	0.00014241536458333334	0.00014241536458333334	0.0068359375
brf_gmo__nrlmf	0.007804361979166667	1.0	0.007230318509615384	0.00018988715277777775	0.00014241536458333334	0.00014241536458333334	0.05217149522569444	0.1729736328125
brf_gmosa	0.00018988715277777775	0.007230318509615384	1.0	0.5053965250651042	0.00018988715277777775	0.007230318509615384	0.62931640625	0.899932861328125
brf_gmosa__nrlmf	0.00014241536458333334	0.00018988715277777775	0.5053965250651042	1.0	0.00025634765625	0.007804361979166667	0.45707901664402173	0.7199753981370192
brf_gso	0.00014241536458333334	0.00014241536458333334	0.00018988715277777775	0.00025634765625	1.0	0.03005801930147059	0.01922607421875	0.13082275390625
brf_gso__nrlmf	0.00014241536458333334	0.00014241536458333334	0.007230318509615384	0.007804361979166667	0.03005801930147059	1.0	0.09637772409539473	0.2453946200284091
brf_lmo	0.00014241536458333334	0.05217149522569444	0.62931640625	0.45707901664402173	0.01922607421875	0.09637772409539473	1.0	0.8921214916087963
brf_lmo__nrlmf	0.0068359375	0.1729736328125	0.899932861328125	0.7199753981370192	0.13082275390625	0.2453946200284091	0.8921214916087963	1.0
