	brf_gmo	brf_gmo__nrlmf	brf_gmosa	brf_gmosa__nrlmf	brf_gso	brf_gso__nrlmf	brf_lmo	brf_lmo__nrlmf
brf_gmo	1.0	0.33445457175925924	5.340576171875e-05	5.340576171875e-05	5.340576171875e-05	0.0042724609375	0.00014241536458333332	0.001068115234375
brf_gmo__nrlmf	0.33445457175925924	1.0	5.340576171875e-05	5.340576171875e-05	5.340576171875e-05	5.340576171875e-05	0.00010052849264705883	0.0004497327302631579
brf_gmosa	5.340576171875e-05	5.340576171875e-05	1.0	5.340576171875e-05	5.340576171875e-05	5.340576171875e-05	5.340576171875e-05	5.340576171875e-05
brf_gmosa__nrlmf	5.340576171875e-05	5.340576171875e-05	5.340576171875e-05	1.0	0.2076416015625	0.05394446331521739	5.340576171875e-05	5.340576171875e-05
brf_gso	5.340576171875e-05	5.340576171875e-05	5.340576171875e-05	0.2076416015625	1.0	0.0013427734375	5.340576171875e-05	5.340576171875e-05
brf_gso__nrlmf	0.0042724609375	5.340576171875e-05	5.340576171875e-05	0.05394446331521739	0.0013427734375	1.0	0.059102376302083336	0.082783203125
brf_lmo	0.00014241536458333332	0.00010052849264705883	5.340576171875e-05	5.340576171875e-05	5.340576171875e-05	0.059102376302083336	1.0	0.899932861328125
brf_lmo__nrlmf	0.001068115234375	0.0004497327302631579	5.340576171875e-05	5.340576171875e-05	5.340576171875e-05	0.082783203125	0.899932861328125	1.0
