	brf_gmo	brf_gmo__nrlmf	brf_gmosa	brf_gmosa__nrlmf	brf_gso	brf_gso__nrlmf	brf_lmo	brf_lmo__nrlmf
brf_gmo	1.0	0.2942657470703125	9.494357638888888e-05	9.494357638888888e-05	9.494357638888888e-05	9.494357638888888e-05	9.494357638888888e-05	0.00115966796875
brf_gmo__nrlmf	0.2942657470703125	1.0	0.00035603841145833337	9.494357638888888e-05	9.494357638888888e-05	9.494357638888888e-05	0.0001553622159090909	0.005529067095588236
brf_gmosa	9.494357638888888e-05	0.00035603841145833337	1.0	0.4043391301081731	9.494357638888888e-05	0.00176239013671875	0.17513374660326086	0.44924135561342593
brf_gmosa__nrlmf	9.494357638888888e-05	9.494357638888888e-05	0.4043391301081731	1.0	0.0006573016826923076	0.013536955180921052	0.14848743785511365	0.3612109375
brf_gso	9.494357638888888e-05	9.494357638888888e-05	9.494357638888888e-05	0.0006573016826923076	1.0	0.03494873046875	0.0001553622159090909	0.009779188368055554
brf_gso__nrlmf	9.494357638888888e-05	9.494357638888888e-05	0.00176239013671875	0.013536955180921052	0.03494873046875	1.0	0.00176239013671875	0.06754557291666667
brf_lmo	9.494357638888888e-05	0.0001553622159090909	0.17513374660326086	0.14848743785511365	0.0001553622159090909	0.00176239013671875	1.0	0.820892333984375
brf_lmo__nrlmf	0.00115966796875	0.005529067095588236	0.44924135561342593	0.3612109375	0.009779188368055554	0.06754557291666667	0.820892333984375	1.0
