	brf_gmosa	brf_gso	brf_gso__nrlmf	brf_lmo	brf_lmo__nrlmf	brf_lso
brf_gmosa	1.0	5.7220458984375e-05	5.7220458984375e-05	5.7220458984375e-05	5.7220458984375e-05	5.7220458984375e-05
brf_gso	5.7220458984375e-05	1.0	0.93988037109375	5.7220458984375e-05	0.0196380615234375	0.12742476029829547
brf_gso__nrlmf	5.7220458984375e-05	0.93988037109375	1.0	0.0007120768229166667	0.16599214993990383	0.34554617745535715
brf_lmo	5.7220458984375e-05	5.7220458984375e-05	0.0007120768229166667	1.0	5.7220458984375e-05	5.7220458984375e-05
brf_lmo__nrlmf	5.7220458984375e-05	0.0196380615234375	0.16599214993990383	5.7220458984375e-05	1.0	0.13072967529296875
brf_lso	5.7220458984375e-05	0.12742476029829547	0.34554617745535715	5.7220458984375e-05	0.13072967529296875	1.0
