	brf_gmosa	brf_gso	brf_gso__nrlmf	brf_lmo	brf_lmo__nrlmf	brf_lso
brf_gmosa	1.0	0.000457763671875	0.003021240234375	0.1798248291015625	0.46413966587611605	0.024547576904296875
brf_gso	0.000457763671875	1.0	0.04160563151041667	0.000457763671875	0.015716552734375	0.003021240234375
brf_gso__nrlmf	0.003021240234375	0.04160563151041667	1.0	0.003021240234375	0.07598876953125	0.07865212180397728
brf_lmo	0.1798248291015625	0.000457763671875	0.003021240234375	1.0	0.820892333984375	0.019683837890625
brf_lmo__nrlmf	0.46413966587611605	0.015716552734375	0.07598876953125	0.820892333984375	1.0	0.24395282451923075
brf_lso	0.024547576904296875	0.003021240234375	0.07865212180397728	0.019683837890625	0.24395282451923075	1.0
