	bxt_gmosa	bxt_gso	bxt_gso_1k	bxt_gso__nrlmf	bxt_lmo	bxt_lmo__nrlmf	bxt_lso
bxt_gmosa	1.0	0.0001373291015625	4.929762620192308e-05	0.7019760131835938	4.929762620192308e-05	0.705718994140625	4.929762620192308e-05
bxt_gso	0.0001373291015625	1.0	4.929762620192308e-05	4.929762620192308e-05	0.067291259765625	4.929762620192308e-05	0.0017223358154296875
bxt_gso_1k	4.929762620192308e-05	4.929762620192308e-05	1.0	4.929762620192308e-05	4.929762620192308e-05	0.0008117675781249999	4.929762620192308e-05
bxt_gso__nrlmf	0.7019760131835938	4.929762620192308e-05	4.929762620192308e-05	1.0	4.929762620192308e-05	0.21310585423519737	4.929762620192308e-05
bxt_lmo	4.929762620192308e-05	0.067291259765625	4.929762620192308e-05	4.929762620192308e-05	1.0	4.929762620192308e-05	0.041430305032169115
bxt_lmo__nrlmf	0.705718994140625	4.929762620192308e-05	0.0008117675781249999	0.21310585423519737	4.929762620192308e-05	1.0	4.929762620192308e-05
bxt_lso	4.929762620192308e-05	0.0017223358154296875	4.929762620192308e-05	4.929762620192308e-05	0.041430305032169115	4.929762620192308e-05	1.0
