	bxt_gmosa	bxt_gso	bxt_gso_1k	bxt_gso__nrlmf	bxt_lmo	bxt_lmo__nrlmf	bxt_lso
bxt_gmosa	1.0	0.002968236019736842	3.5603841145833336e-05	3.5603841145833336e-05	3.5603841145833336e-05	3.5603841145833336e-05	3.5603841145833336e-05
bxt_gso	0.002968236019736842	1.0	3.5603841145833336e-05	3.5603841145833336e-05	3.5603841145833336e-05	3.5603841145833336e-05	3.5603841145833336e-05
bxt_gso_1k	3.5603841145833336e-05	3.5603841145833336e-05	1.0	3.5603841145833336e-05	0.13621673583984376	3.5603841145833336e-05	3.5603841145833336e-05
bxt_gso__nrlmf	3.5603841145833336e-05	3.5603841145833336e-05	3.5603841145833336e-05	1.0	3.5603841145833336e-05	0.860260009765625	3.5603841145833336e-05
bxt_lmo	3.5603841145833336e-05	3.5603841145833336e-05	0.13621673583984376	3.5603841145833336e-05	1.0	3.5603841145833336e-05	3.5603841145833336e-05
bxt_lmo__nrlmf	3.5603841145833336e-05	3.5603841145833336e-05	3.5603841145833336e-05	0.860260009765625	3.5603841145833336e-05	1.0	3.5603841145833336e-05
bxt_lso	3.5603841145833336e-05	3.5603841145833336e-05	3.5603841145833336e-05	3.5603841145833336e-05	3.5603841145833336e-05	3.5603841145833336e-05	1.0
