	bxt_gmosa	bxt_gso	bxt_gso_1k	bxt_gso__nrlmf	bxt_lmo	bxt_lmo__nrlmf	bxt_lso
bxt_gmosa	1.0	4.929762620192308e-05	0.0015106201171875	4.929762620192308e-05	4.929762620192308e-05	0.0018371582031249999	4.929762620192308e-05
bxt_gso	4.929762620192308e-05	1.0	4.929762620192308e-05	4.929762620192308e-05	0.820892333984375	0.7375335693359375	0.820892333984375
bxt_gso_1k	0.0015106201171875	4.929762620192308e-05	1.0	4.929762620192308e-05	4.929762620192308e-05	4.929762620192308e-05	4.929762620192308e-05
bxt_gso__nrlmf	4.929762620192308e-05	4.929762620192308e-05	4.929762620192308e-05	1.0	4.929762620192308e-05	4.929762620192308e-05	4.929762620192308e-05
bxt_lmo	4.929762620192308e-05	0.820892333984375	4.929762620192308e-05	4.929762620192308e-05	1.0	0.535125732421875	0.7800052040501645
bxt_lmo__nrlmf	0.0018371582031249999	0.7375335693359375	4.929762620192308e-05	4.929762620192308e-05	0.535125732421875	1.0	0.49278831481933594
bxt_lso	4.929762620192308e-05	0.820892333984375	4.929762620192308e-05	4.929762620192308e-05	0.7800052040501645	0.49278831481933594	1.0
