	bxt_gmosa	bxt_gso	bxt_gso_1k	bxt_gso__nrlmf	bxt_lmo	bxt_lmo__nrlmf	bxt_lso
bxt_gmosa	1.0	3.372995476973684e-05	3.372995476973684e-05	3.372995476973684e-05	3.372995476973684e-05	3.372995476973684e-05	0.026211547851562503
bxt_gso	3.372995476973684e-05	1.0	3.372995476973684e-05	3.372995476973684e-05	0.116668701171875	3.372995476973684e-05	3.372995476973684e-05
bxt_gso_1k	3.372995476973684e-05	3.372995476973684e-05	1.0	3.372995476973684e-05	3.372995476973684e-05	3.372995476973684e-05	3.372995476973684e-05
bxt_gso__nrlmf	3.372995476973684e-05	3.372995476973684e-05	3.372995476973684e-05	1.0	3.372995476973684e-05	3.372995476973684e-05	3.372995476973684e-05
bxt_lmo	3.372995476973684e-05	0.116668701171875	3.372995476973684e-05	3.372995476973684e-05	1.0	3.372995476973684e-05	3.372995476973684e-05
bxt_lmo__nrlmf	3.372995476973684e-05	3.372995476973684e-05	3.372995476973684e-05	3.372995476973684e-05	3.372995476973684e-05	1.0	3.372995476973684e-05
bxt_lso	0.026211547851562503	3.372995476973684e-05	3.372995476973684e-05	3.372995476973684e-05	3.372995476973684e-05	3.372995476973684e-05	1.0
