	bxt_gmosa	bxt_gso	bxt_gso_1k	bxt_gso__nrlmf	bxt_lmo	bxt_lmo__nrlmf	bxt_lso
bxt_gmosa	1.0	0.433197021484375	4.00543212890625e-05	0.10981292724609376	0.014470150596217105	4.00543212890625e-05	4.00543212890625e-05
bxt_gso	0.433197021484375	1.0	4.00543212890625e-05	0.0002638872931985294	4.00543212890625e-05	4.00543212890625e-05	4.00543212890625e-05
bxt_gso_1k	4.00543212890625e-05	4.00543212890625e-05	1.0	4.00543212890625e-05	4.00543212890625e-05	0.0006764729817708334	4.00543212890625e-05
bxt_gso__nrlmf	0.10981292724609376	0.0002638872931985294	4.00543212890625e-05	1.0	4.00543212890625e-05	4.00543212890625e-05	4.00543212890625e-05
bxt_lmo	0.014470150596217105	4.00543212890625e-05	4.00543212890625e-05	4.00543212890625e-05	1.0	4.00543212890625e-05	4.00543212890625e-05
bxt_lmo__nrlmf	4.00543212890625e-05	4.00543212890625e-05	0.0006764729817708334	4.00543212890625e-05	4.00543212890625e-05	1.0	4.00543212890625e-05
bxt_lso	4.00543212890625e-05	4.00543212890625e-05	4.00543212890625e-05	4.00543212890625e-05	4.00543212890625e-05	4.00543212890625e-05	1.0
