	bxt_gmosa	bxt_gso	bxt_gso_1k	bxt_gso__nrlmf	bxt_lmo	bxt_lmo__nrlmf	bxt_lso
bxt_gmosa	1.0	0.93988037109375	3.769818474264706e-05	3.769818474264706e-05	0.0008432488692434211	3.769818474264706e-05	3.769818474264706e-05
bxt_gso	0.93988037109375	1.0	3.769818474264706e-05	3.769818474264706e-05	7.120768229166667e-05	3.769818474264706e-05	3.769818474264706e-05
bxt_gso_1k	3.769818474264706e-05	3.769818474264706e-05	1.0	3.769818474264706e-05	3.769818474264706e-05	3.769818474264706e-05	3.769818474264706e-05
bxt_gso__nrlmf	3.769818474264706e-05	3.769818474264706e-05	3.769818474264706e-05	1.0	3.769818474264706e-05	0.24276123046875	3.769818474264706e-05
bxt_lmo	0.0008432488692434211	7.120768229166667e-05	3.769818474264706e-05	3.769818474264706e-05	1.0	3.769818474264706e-05	3.769818474264706e-05
bxt_lmo__nrlmf	3.769818474264706e-05	3.769818474264706e-05	3.769818474264706e-05	0.24276123046875	3.769818474264706e-05	1.0	3.769818474264706e-05
bxt_lso	3.769818474264706e-05	3.769818474264706e-05	3.769818474264706e-05	3.769818474264706e-05	3.769818474264706e-05	3.769818474264706e-05	1.0
