	bxt_gmo__precomputed	bxt_gmo__softmax	bxt_gmo__square	bxt_gmo__uniform	bxt_gmo_full	bxt_gmosa
bxt_gmo__precomputed	1.0	4.161487926136364e-05	0.019378662109375	0.322509765625	4.161487926136364e-05	4.161487926136364e-05
bxt_gmo__softmax	4.161487926136364e-05	1.0	0.038698636568509616	4.161487926136364e-05	4.161487926136364e-05	4.161487926136364e-05
bxt_gmo__square	0.019378662109375	0.038698636568509616	1.0	0.22652762276785715	4.161487926136364e-05	4.161487926136364e-05
bxt_gmo__uniform	0.322509765625	4.161487926136364e-05	0.22652762276785715	1.0	4.161487926136364e-05	4.161487926136364e-05
bxt_gmo_full	4.161487926136364e-05	4.161487926136364e-05	4.161487926136364e-05	4.161487926136364e-05	1.0	4.161487926136364e-05
bxt_gmosa	4.161487926136364e-05	4.161487926136364e-05	4.161487926136364e-05	4.161487926136364e-05	4.161487926136364e-05	1.0
