	bxt_gmo__precomputed	bxt_gmo__softmax	bxt_gmo__square	bxt_gmo__uniform	bxt_gmo_full	bxt_gmosa
bxt_gmo__precomputed	1.0	0.0017983572823660715	0.0006690392127403846	7.62939453125e-05	4.57763671875e-05	4.57763671875e-05
bxt_gmo__softmax	0.0017983572823660715	1.0	7.62939453125e-05	0.705718994140625	4.57763671875e-05	4.57763671875e-05
bxt_gmo__square	0.0006690392127403846	7.62939453125e-05	1.0	4.57763671875e-05	4.57763671875e-05	4.57763671875e-05
bxt_gmo__uniform	7.62939453125e-05	0.705718994140625	4.57763671875e-05	1.0	4.57763671875e-05	4.57763671875e-05
bxt_gmo_full	4.57763671875e-05	4.57763671875e-05	4.57763671875e-05	4.57763671875e-05	1.0	4.57763671875e-05
bxt_gmosa	4.57763671875e-05	4.57763671875e-05	4.57763671875e-05	4.57763671875e-05	4.57763671875e-05	1.0
