	bxt_gmo__precomputed	bxt_gmo__softmax	bxt_gmo__square	bxt_gmo__uniform	bxt_gmo_full	bxt_gmosa
bxt_gmo__precomputed	1.0	0.06042480468750001	0.27024405343191965	0.010477701822916668	0.000457763671875	7.62939453125e-05
bxt_gmo__softmax	0.06042480468750001	1.0	0.27024405343191965	0.0164794921875	0.00400543212890625	7.62939453125e-05
bxt_gmo__square	0.27024405343191965	0.27024405343191965	1.0	0.2410125732421875	7.62939453125e-05	7.62939453125e-05
bxt_gmo__uniform	0.010477701822916668	0.0164794921875	0.2410125732421875	1.0	7.62939453125e-05	7.62939453125e-05
bxt_gmo_full	0.000457763671875	0.00400543212890625	7.62939453125e-05	7.62939453125e-05	1.0	0.5618896484375
bxt_gmosa	7.62939453125e-05	7.62939453125e-05	7.62939453125e-05	7.62939453125e-05	0.5618896484375	1.0
