	bxt_gmo__precomputed	bxt_gmo__softmax	bxt_gmo__square	bxt_gmo__uniform	bxt_gmo_full	bxt_gmosa
bxt_gmo__precomputed	1.0	0.743560791015625	0.5350905198317307	0.009670257568359375	0.002288818359375	0.002288818359375
bxt_gmo__softmax	0.743560791015625	1.0	0.743560791015625	0.0032806396484375	0.002288818359375	0.009670257568359375
bxt_gmo__square	0.5350905198317307	0.743560791015625	1.0	0.2883078835227273	0.001373291015625	0.1945953369140625
bxt_gmo__uniform	0.009670257568359375	0.0032806396484375	0.2883078835227273	1.0	0.002288818359375	0.5046844482421875
bxt_gmo_full	0.002288818359375	0.002288818359375	0.001373291015625	0.002288818359375	1.0	0.04160563151041667
bxt_gmosa	0.002288818359375	0.009670257568359375	0.1945953369140625	0.5046844482421875	0.04160563151041667	1.0
