	bxt_gmo__precomputed	bxt_gmo__softmax	bxt_gmo__square	bxt_gmo__uniform	bxt_gmo_full	bxt_gmosa
bxt_gmo__precomputed	1.0	0.263031005859375	0.979949951171875	6.539481026785714e-05	6.539481026785714e-05	0.8378056117466518
bxt_gmo__softmax	0.263031005859375	1.0	0.372314453125	0.000171661376953125	6.539481026785714e-05	0.372314453125
bxt_gmo__square	0.979949951171875	0.372314453125	1.0	0.0005086263020833334	6.539481026785714e-05	0.40198692908653844
bxt_gmo__uniform	6.539481026785714e-05	0.000171661376953125	0.0005086263020833334	1.0	6.539481026785714e-05	6.539481026785714e-05
bxt_gmo_full	6.539481026785714e-05	6.539481026785714e-05	6.539481026785714e-05	6.539481026785714e-05	1.0	6.539481026785714e-05
bxt_gmosa	0.8378056117466518	0.372314453125	0.40198692908653844	6.539481026785714e-05	6.539481026785714e-05	1.0
