	bxt_gmo__precomputed	bxt_gmo__softmax	bxt_gmo__square	bxt_gmo__uniform	bxt_gmo_full	bxt_gmosa
bxt_gmo__precomputed	1.0	0.10782095102163461	0.19281005859375	4.161487926136364e-05	4.161487926136364e-05	4.161487926136364e-05
bxt_gmo__softmax	0.10782095102163461	1.0	0.1704188755580357	0.0312042236328125	4.161487926136364e-05	4.161487926136364e-05
bxt_gmo__square	0.19281005859375	0.1704188755580357	1.0	4.161487926136364e-05	4.161487926136364e-05	4.161487926136364e-05
bxt_gmo__uniform	4.161487926136364e-05	0.0312042236328125	4.161487926136364e-05	1.0	4.161487926136364e-05	4.161487926136364e-05
bxt_gmo_full	4.161487926136364e-05	4.161487926136364e-05	4.161487926136364e-05	4.161487926136364e-05	1.0	4.161487926136364e-05
bxt_gmosa	4.161487926136364e-05	4.161487926136364e-05	4.161487926136364e-05	4.161487926136364e-05	4.161487926136364e-05	1.0
