	bxt_gmo__precomputed	bxt_gmo__softmax	bxt_gmo__square	bxt_gmo__uniform	bxt_gmo_full	bxt_gmosa
bxt_gmo__precomputed	1.0	0.0009663899739583334	0.5308096749441964	0.00011444091796875	0.00011444091796875	0.06655179537259615
bxt_gmo__softmax	0.0009663899739583334	1.0	0.003204345703125	0.0009663899739583334	0.000152587890625	0.899932861328125
bxt_gmo__square	0.5308096749441964	0.003204345703125	1.0	0.00011444091796875	0.000152587890625	0.06655179537259615
bxt_gmo__uniform	0.00011444091796875	0.0009663899739583334	0.00011444091796875	1.0	0.0003269740513392857	0.06655179537259615
bxt_gmo_full	0.00011444091796875	0.000152587890625	0.000152587890625	0.0003269740513392857	1.0	0.00011444091796875
bxt_gmosa	0.06655179537259615	0.899932861328125	0.06655179537259615	0.06655179537259615	0.00011444091796875	1.0
