	bxt_gmo__precomputed	bxt_gmo__softmax	bxt_gmo__square	bxt_gmo__uniform	bxt_gmo_full	bxt_gmosa
bxt_gmo__precomputed	1.0	3.814697265625e-05	3.814697265625e-05	3.814697265625e-05	0.0003521259014423077	3.814697265625e-05
bxt_gmo__softmax	3.814697265625e-05	1.0	3.814697265625e-05	3.814697265625e-05	3.814697265625e-05	3.814697265625e-05
bxt_gmo__square	3.814697265625e-05	3.814697265625e-05	1.0	3.814697265625e-05	0.252227783203125	3.814697265625e-05
bxt_gmo__uniform	3.814697265625e-05	3.814697265625e-05	3.814697265625e-05	1.0	0.019553048270089284	3.814697265625e-05
bxt_gmo_full	0.0003521259014423077	3.814697265625e-05	0.252227783203125	0.019553048270089284	1.0	3.814697265625e-05
bxt_gmosa	3.814697265625e-05	3.814697265625e-05	3.814697265625e-05	3.814697265625e-05	3.814697265625e-05	1.0
