	bxt_gmo__precomputed	bxt_gmo__softmax	bxt_gmo__square	bxt_gmo__uniform	bxt_gmo_full	bxt_gmosa
bxt_gmo__precomputed	1.0	4.161487926136364e-05	4.161487926136364e-05	4.161487926136364e-05	4.161487926136364e-05	0.00209808349609375
bxt_gmo__softmax	4.161487926136364e-05	1.0	4.161487926136364e-05	4.161487926136364e-05	4.161487926136364e-05	4.161487926136364e-05
bxt_gmo__square	4.161487926136364e-05	4.161487926136364e-05	1.0	0.2065822056361607	4.161487926136364e-05	0.322509765625
bxt_gmo__uniform	4.161487926136364e-05	4.161487926136364e-05	0.2065822056361607	1.0	4.161487926136364e-05	0.08528489332932691
bxt_gmo_full	4.161487926136364e-05	4.161487926136364e-05	4.161487926136364e-05	4.161487926136364e-05	1.0	4.161487926136364e-05
bxt_gmosa	0.00209808349609375	4.161487926136364e-05	0.322509765625	0.08528489332932691	4.161487926136364e-05	1.0
