	bxt_gmo__precomputed	bxt_gmo__softmax	bxt_gmo__square	bxt_gmo__uniform	bxt_gmo_full	bxt_gmosa
bxt_gmo__precomputed	1.0	0.00016348702566964285	7.62939453125e-05	0.07391357421875	4.161487926136364e-05	4.161487926136364e-05
bxt_gmo__softmax	0.00016348702566964285	1.0	4.161487926136364e-05	0.00016348702566964285	4.161487926136364e-05	4.161487926136364e-05
bxt_gmo__square	7.62939453125e-05	4.161487926136364e-05	1.0	4.161487926136364e-05	4.161487926136364e-05	4.161487926136364e-05
bxt_gmo__uniform	0.07391357421875	0.00016348702566964285	4.161487926136364e-05	1.0	4.161487926136364e-05	4.161487926136364e-05
bxt_gmo_full	4.161487926136364e-05	4.161487926136364e-05	4.161487926136364e-05	4.161487926136364e-05	1.0	4.161487926136364e-05
bxt_gmosa	4.161487926136364e-05	4.161487926136364e-05	4.161487926136364e-05	4.161487926136364e-05	4.161487926136364e-05	1.0
