	bxt_gmo__precomputed	bxt_gmo__softmax	bxt_gmo__square	bxt_gmo__uniform	bxt_gmo_full	bxt_gmosa
bxt_gmo__precomputed	1.0	6.539481026785714e-05	0.668548583984375	0.00035603841145833337	6.539481026785714e-05	0.007032914595170455
bxt_gmo__softmax	6.539481026785714e-05	1.0	6.539481026785714e-05	0.46413966587611605	6.539481026785714e-05	0.31528472900390625
bxt_gmo__square	0.668548583984375	6.539481026785714e-05	1.0	0.00011444091796875	6.539481026785714e-05	0.0025177001953125
bxt_gmo__uniform	0.00035603841145833337	0.46413966587611605	0.00011444091796875	1.0	6.539481026785714e-05	0.3166668231670673
bxt_gmo_full	6.539481026785714e-05	6.539481026785714e-05	6.539481026785714e-05	6.539481026785714e-05	1.0	6.539481026785714e-05
bxt_gmosa	0.007032914595170455	0.31528472900390625	0.0025177001953125	0.3166668231670673	6.539481026785714e-05	1.0
