	brf_gmo	brf_gmo__nrlmf	brf_gso__nrlmf	brf_lmo	bxt_gmo	bxt_gmo__nrlmf	bxt_gmosa__nrlmf	bxt_gso__nrlmf
brf_gmo	1.0	0.0024857954545454545	0.0024857954545454545	0.0024857954545454545	0.0024857954545454545	0.0024857954545454545	0.0068359375	0.05045738361800462
brf_gmo__nrlmf	0.0024857954545454545	1.0	0.0024857954545454545	0.0024857954545454545	0.0024857954545454545	0.0024857954545454545	0.0024857954545454545	0.0024857954545454545
brf_gso__nrlmf	0.0024857954545454545	0.0024857954545454545	1.0	0.0024857954545454545	0.0024857954545454545	0.38565298663545133	0.0024857954545454545	0.0024857954545454545
brf_lmo	0.0024857954545454545	0.0024857954545454545	0.0024857954545454545	1.0	0.004755434782608696	0.0024857954545454545	0.2855902777777778	0.030625
bxt_gmo	0.0024857954545454545	0.0024857954545454545	0.0024857954545454545	0.004755434782608696	1.0	0.0024857954545454545	0.0024857954545454545	0.0024857954545454545
bxt_gmo__nrlmf	0.0024857954545454545	0.0024857954545454545	0.38565298663545133	0.0024857954545454545	0.0024857954545454545	1.0	0.0024857954545454545	0.0024857954545454545
bxt_gmosa__nrlmf	0.0068359375	0.0024857954545454545	0.0024857954545454545	0.2855902777777778	0.0024857954545454545	0.0024857954545454545	1.0	0.0024857954545454545
bxt_gso__nrlmf	0.05045738361800462	0.0024857954545454545	0.0024857954545454545	0.030625	0.0024857954545454545	0.0024857954545454545	0.0024857954545454545	1.0
