	brf_gmo	brf_gmo__nrlmf	brf_gso__nrlmf	brf_lmo	bxt_gmo	bxt_gmo__nrlmf	bxt_gmosa__nrlmf	bxt_gso__nrlmf
brf_gmo	1.0	0.0032169117647058826	0.0032169117647058826	1.0	0.0032169117647058826	0.0032169117647058826	0.0032169117647058826	0.0032169117647058826
brf_gmo__nrlmf	0.0032169117647058826	1.0	0.19497282608695654	0.0032169117647058826	0.13423295454545456	0.010130158046630937	0.5300480769230769	0.7210648148148148
brf_gso__nrlmf	0.0032169117647058826	0.19497282608695654	1.0	0.0032169117647058826	0.006076388888888888	0.0032169117647058826	0.33009002104305746	0.0032169117647058826
brf_lmo	1.0	0.0032169117647058826	0.0032169117647058826	1.0	0.0032169117647058826	0.0032169117647058826	0.0032169117647058826	0.0032169117647058826
bxt_gmo	0.0032169117647058826	0.13423295454545456	0.006076388888888888	0.0032169117647058826	1.0	0.0032169117647058826	0.068359375	0.11197916666666667
bxt_gmo__nrlmf	0.0032169117647058826	0.010130158046630937	0.0032169117647058826	0.0032169117647058826	0.0032169117647058826	1.0	0.0032169117647058826	0.0032169117647058826
bxt_gmosa__nrlmf	0.0032169117647058826	0.5300480769230769	0.33009002104305746	0.0032169117647058826	0.068359375	0.0032169117647058826	1.0	0.36093749999999997
bxt_gso__nrlmf	0.0032169117647058826	0.7210648148148148	0.0032169117647058826	0.0032169117647058826	0.11197916666666667	0.0032169117647058826	0.36093749999999997	1.0
