	brf_gmo	brf_gmo__nrlmf	brf_gso__nrlmf	brf_lmo	bxt_gmo	bxt_gmo__nrlmf	bxt_gmosa__nrlmf	bxt_gso__nrlmf
brf_gmo	1.0	0.041562499999999995	0.005756578947368421	0.022786458333333336	0.0036458333333333334	0.0036458333333333334	0.0036458333333333334	0.0036458333333333334
brf_gmo__nrlmf	0.041562499999999995	1.0	0.008203125	0.016644021739130436	0.0036458333333333334	0.0036458333333333334	0.0036458333333333334	0.0036458333333333334
brf_gso__nrlmf	0.005756578947368421	0.008203125	1.0	0.012336594138044742	0.005756578947368421	0.0036458333333333334	0.0036458333333333334	0.0036458333333333334
brf_lmo	0.022786458333333336	0.016644021739130436	0.012336594138044742	1.0	0.0036458333333333334	0.0036458333333333334	0.0036458333333333334	0.0036458333333333334
bxt_gmo	0.0036458333333333334	0.0036458333333333334	0.005756578947368421	0.0036458333333333334	1.0	0.2503004807692308	0.3342013888888889	0.016644021739130436
bxt_gmo__nrlmf	0.0036458333333333334	0.0036458333333333334	0.0036458333333333334	0.0036458333333333334	0.2503004807692308	1.0	0.005756578947368421	0.005756578947368421
bxt_gmosa__nrlmf	0.0036458333333333334	0.0036458333333333334	0.0036458333333333334	0.0036458333333333334	0.3342013888888889	0.005756578947368421	1.0	0.4442907899856616
bxt_gso__nrlmf	0.0036458333333333334	0.0036458333333333334	0.0036458333333333334	0.0036458333333333334	0.016644021739130436	0.005756578947368421	0.4442907899856616	1.0
