	brf_gmo	brf_gmo__nrlmf	brf_gso__nrlmf	brf_lmo	bxt_gmo	bxt_gmo__nrlmf	bxt_gmosa__nrlmf	bxt_gso__nrlmf
brf_gmo	1.0	0.0026041666666666665	0.0026041666666666665	0.0721875	0.0026041666666666665	0.0026041666666666665	1.0	0.008656522169141704
brf_gmo__nrlmf	0.0026041666666666665	1.0	0.0026041666666666665	0.0026041666666666665	0.0026041666666666665	0.0026041666666666665	0.0026041666666666665	0.0026041666666666665
brf_gso__nrlmf	0.0026041666666666665	0.0026041666666666665	1.0	0.0026041666666666665	0.0026041666666666665	0.7875911196532644	0.0026041666666666665	0.0026041666666666665
brf_lmo	0.0721875	0.0026041666666666665	0.0026041666666666665	1.0	0.0026041666666666665	0.0026041666666666665	0.2503004807692308	0.011393229166666668
bxt_gmo	0.0026041666666666665	0.0026041666666666665	0.0026041666666666665	0.0026041666666666665	1.0	0.0026041666666666665	0.0026041666666666665	0.0026041666666666665
bxt_gmo__nrlmf	0.0026041666666666665	0.0026041666666666665	0.7875911196532644	0.0026041666666666665	0.0026041666666666665	1.0	0.0026041666666666665	0.0026041666666666665
bxt_gmosa__nrlmf	1.0	0.0026041666666666665	0.0026041666666666665	0.2503004807692308	0.0026041666666666665	0.0026041666666666665	1.0	0.011393229166666668
bxt_gso__nrlmf	0.008656522169141704	0.0026041666666666665	0.0026041666666666665	0.011393229166666668	0.0026041666666666665	0.0026041666666666665	0.011393229166666668	1.0
