	brf_gmo	brf_gmo__nrlmf	brf_gso__nrlmf	brf_lmo	bxt_gmo	bxt_gmo__nrlmf	bxt_gmosa__nrlmf	bxt_gso__nrlmf
brf_gmo	1.0	0.0036458333333333334	0.011381884389342024	0.0036458333333333334	0.0068359375	0.0036458333333333334	0.14588802681961716	0.5772569444444444
brf_gmo__nrlmf	0.0036458333333333334	1.0	0.40384615384615385	0.0036458333333333334	0.6953125	0.03480113636363637	0.0036458333333333334	0.0036458333333333334
brf_gso__nrlmf	0.011381884389342024	0.40384615384615385	1.0	0.0036458333333333334	0.2165625	0.0036458333333333334	0.014391447368421052	0.07846467391304349
brf_lmo	0.0036458333333333334	0.0036458333333333334	0.0036458333333333334	1.0	0.0036458333333333334	0.0036458333333333334	0.0036458333333333334	0.0036458333333333334
bxt_gmo	0.0068359375	0.6953125	0.2165625	0.0036458333333333334	1.0	0.0036458333333333334	0.014391447368421052	0.03480113636363637
bxt_gmo__nrlmf	0.0036458333333333334	0.03480113636363637	0.0036458333333333334	0.0036458333333333334	0.0036458333333333334	1.0	0.0036458333333333334	0.0036458333333333334
bxt_gmosa__nrlmf	0.14588802681961716	0.0036458333333333334	0.014391447368421052	0.0036458333333333334	0.014391447368421052	0.0036458333333333334	1.0	0.019140624999999998
bxt_gso__nrlmf	0.5772569444444444	0.0036458333333333334	0.07846467391304349	0.0036458333333333334	0.03480113636363637	0.0036458333333333334	0.019140624999999998	1.0
