	brf_gmo	brf_gmo__nrlmf	brf_gso__nrlmf	brf_lmo	bxt_gmo	bxt_gmo__nrlmf	bxt_gmosa__nrlmf	bxt_gso__nrlmf
brf_gmo	1.0	0.028757162033184097	0.556640625	0.007291666666666667	0.007291666666666667	0.004557291666666667	0.08203125	0.28068820490665936
brf_gmo__nrlmf	0.028757162033184097	1.0	0.02734375	0.007291666666666667	0.004557291666666667	0.004557291666666667	0.01025390625	0.1555679121633239
brf_gso__nrlmf	0.556640625	0.02734375	1.0	0.02126736111111111	0.004557291666666667	0.004557291666666667	0.5252781103358933	0.13287552906525657
brf_lmo	0.007291666666666667	0.007291666666666667	0.02126736111111111	1.0	0.004557291666666667	0.004557291666666667	0.02126736111111111	0.004557291666666667
bxt_gmo	0.007291666666666667	0.004557291666666667	0.004557291666666667	0.004557291666666667	1.0	0.13287552906525657	0.004557291666666667	0.004557291666666667
bxt_gmo__nrlmf	0.004557291666666667	0.004557291666666667	0.004557291666666667	0.004557291666666667	0.13287552906525657	1.0	0.004557291666666667	0.004557291666666667
bxt_gmosa__nrlmf	0.08203125	0.01025390625	0.5252781103358933	0.02126736111111111	0.004557291666666667	0.004557291666666667	1.0	0.02734375
bxt_gso__nrlmf	0.28068820490665936	0.1555679121633239	0.13287552906525657	0.004557291666666667	0.004557291666666667	0.004557291666666667	0.02734375	1.0
