	brf_gmo	brf_gmo__nrlmf	brf_gso__nrlmf	brf_lmo	bxt_gmo	bxt_gmo__nrlmf	bxt_gmosa__nrlmf	bxt_gso__nrlmf
brf_gmo	1.0	0.005208333333333333	0.002734375	0.011393229166666668	0.030625	0.002734375	0.002734375	0.002734375
brf_gmo__nrlmf	0.005208333333333333	1.0	0.002734375	0.7204054321083013	0.008368391429825556	0.07998689968287219	0.002734375	0.002734375
brf_gso__nrlmf	0.002734375	0.002734375	1.0	0.002734375	0.002734375	0.002734375	0.002734375	0.002734375
brf_lmo	0.011393229166666668	0.7204054321083013	0.002734375	1.0	0.008368391429825556	0.08538020022507231	0.002734375	0.002734375
bxt_gmo	0.030625	0.008368391429825556	0.002734375	0.008368391429825556	1.0	0.002734375	0.002734375	0.002734375
bxt_gmo__nrlmf	0.002734375	0.07998689968287219	0.002734375	0.08538020022507231	0.002734375	1.0	0.002734375	0.002734375
bxt_gmosa__nrlmf	0.002734375	0.002734375	0.002734375	0.002734375	0.002734375	0.002734375	1.0	0.002734375
bxt_gso__nrlmf	0.002734375	0.002734375	0.002734375	0.002734375	0.002734375	0.002734375	0.002734375	1.0
