	brf_gmo	brf_gmo__nrlmf	brf_gso__nrlmf	brf_lmo	bxt_gmo	bxt_gmo__nrlmf	bxt_gmosa__nrlmf	bxt_gso__nrlmf
brf_gmo	1.0	0.0024857954545454545	0.0024857954545454545	0.0024857954545454545	0.0024857954545454545	0.0024857954545454545	0.0024857954545454545	0.0024857954545454545
brf_gmo__nrlmf	0.0024857954545454545	1.0	0.0024857954545454545	0.0024857954545454545	0.0024857954545454545	0.0024857954545454545	0.0024857954545454545	0.0024857954545454545
brf_gso__nrlmf	0.0024857954545454545	0.0024857954545454545	1.0	0.0024857954545454545	0.0024857954545454545	0.016616356348794468	0.0024857954545454545	0.0024857954545454545
brf_lmo	0.0024857954545454545	0.0024857954545454545	0.0024857954545454545	1.0	0.34705528846153844	0.0024857954545454545	0.3992939404568084	0.0024857954545454545
bxt_gmo	0.0024857954545454545	0.0024857954545454545	0.0024857954545454545	0.34705528846153844	1.0	0.0024857954545454545	0.0721875	0.431640625
bxt_gmo__nrlmf	0.0024857954545454545	0.0024857954545454545	0.016616356348794468	0.0024857954545454545	0.0024857954545454545	1.0	0.0024857954545454545	0.0024857954545454545
bxt_gmosa__nrlmf	0.0024857954545454545	0.0024857954545454545	0.0024857954545454545	0.3992939404568084	0.0721875	0.0024857954545454545	1.0	0.008368391429825556
bxt_gso__nrlmf	0.0024857954545454545	0.0024857954545454545	0.0024857954545454545	0.0024857954545454545	0.431640625	0.0024857954545454545	0.008368391429825556	1.0
