	brf_gmo	brf_gmo__nrlmf	brf_gso__nrlmf	brf_lmo	bxt_gmo	bxt_gmo__nrlmf	bxt_gmosa__nrlmf	bxt_gso__nrlmf
brf_gmo	1.0	0.0032169117647058826	0.0032169117647058826	0.0032169117647058826	0.0032169117647058826	0.0032169117647058826	0.005208333333333333	0.005208333333333333
brf_gmo__nrlmf	0.0032169117647058826	1.0	0.005208333333333333	0.0032169117647058826	0.0032169117647058826	0.005208333333333333	0.0032169117647058826	0.0032169117647058826
brf_gso__nrlmf	0.0032169117647058826	0.005208333333333333	1.0	0.0032169117647058826	0.0032169117647058826	0.118125	0.008795092482673381	0.0032169117647058826
brf_lmo	0.0032169117647058826	0.0032169117647058826	0.0032169117647058826	1.0	0.05432905495134294	0.0032169117647058826	0.556640625	0.0032169117647058826
bxt_gmo	0.0032169117647058826	0.0032169117647058826	0.0032169117647058826	0.05432905495134294	1.0	0.0032169117647058826	0.1440443631141888	0.14092548076923075
bxt_gmo__nrlmf	0.0032169117647058826	0.005208333333333333	0.118125	0.0032169117647058826	0.0032169117647058826	1.0	0.0032169117647058826	0.0032169117647058826
bxt_gmosa__nrlmf	0.005208333333333333	0.0032169117647058826	0.008795092482673381	0.556640625	0.1440443631141888	0.0032169117647058826	1.0	0.03906454571262936
bxt_gso__nrlmf	0.005208333333333333	0.0032169117647058826	0.0032169117647058826	0.0032169117647058826	0.14092548076923075	0.0032169117647058826	0.03906454571262936	1.0
