	brf_gmo	brf_gmo__nrlmf	brf_gso__nrlmf	brf_lmo	bxt_gmo	bxt_gmo__nrlmf	bxt_gmosa__nrlmf	bxt_gso__nrlmf
brf_gmo	1.0	0.009213906410419732	0.003038194444444444	0.008203125	0.003038194444444444	0.003038194444444444	0.003038194444444444	0.003038194444444444
brf_gmo__nrlmf	0.009213906410419732	1.0	0.5104166666666666	0.2165625	0.76953125	0.016644021739130436	0.003038194444444444	0.003038194444444444
brf_gso__nrlmf	0.003038194444444444	0.5104166666666666	1.0	0.09798177083333334	0.011775839859042708	0.003038194444444444	0.003038194444444444	0.003038194444444444
brf_lmo	0.008203125	0.2165625	0.09798177083333334	1.0	0.003038194444444444	0.003038194444444444	0.003038194444444444	0.003038194444444444
bxt_gmo	0.003038194444444444	0.76953125	0.011775839859042708	0.003038194444444444	1.0	0.005756578947368421	0.003038194444444444	0.003038194444444444
bxt_gmo__nrlmf	0.003038194444444444	0.016644021739130436	0.003038194444444444	0.003038194444444444	0.005756578947368421	1.0	0.003038194444444444	0.003038194444444444
bxt_gmosa__nrlmf	0.003038194444444444	0.003038194444444444	0.003038194444444444	0.003038194444444444	0.003038194444444444	0.003038194444444444	1.0	0.5104166666666666
bxt_gso__nrlmf	0.003038194444444444	0.003038194444444444	0.003038194444444444	0.003038194444444444	0.003038194444444444	0.003038194444444444	0.5104166666666666	1.0
