	brf_gmo	brf_gmo__nrlmf	brf_gso__nrlmf	brf_lmo	bxt_gmo	bxt_gmo__nrlmf	bxt_gmosa__nrlmf	bxt_gso__nrlmf
brf_gmo	1.0	0.008203125	0.003038194444444444	0.003038194444444444	0.003038194444444444	0.003038194444444444	0.003038194444444444	0.09798177083333334
brf_gmo__nrlmf	0.008203125	1.0	0.003038194444444444	0.003038194444444444	0.00874877285845399	0.003038194444444444	0.003038194444444444	0.005756578947368421
brf_gso__nrlmf	0.003038194444444444	0.003038194444444444	1.0	0.17247596153846154	0.003038194444444444	0.003038194444444444	0.556640625	0.14656249999999998
brf_lmo	0.003038194444444444	0.003038194444444444	0.17247596153846154	1.0	0.003038194444444444	0.003038194444444444	0.04517663043478261	0.003038194444444444
bxt_gmo	0.003038194444444444	0.00874877285845399	0.003038194444444444	0.003038194444444444	1.0	0.00874877285845399	0.003038194444444444	0.003038194444444444
bxt_gmo__nrlmf	0.003038194444444444	0.003038194444444444	0.003038194444444444	0.003038194444444444	0.00874877285845399	1.0	0.003038194444444444	0.003038194444444444
bxt_gmosa__nrlmf	0.003038194444444444	0.003038194444444444	0.556640625	0.04517663043478261	0.003038194444444444	0.003038194444444444	1.0	0.5104166666666666
bxt_gso__nrlmf	0.09798177083333334	0.005756578947368421	0.14656249999999998	0.003038194444444444	0.003038194444444444	0.003038194444444444	0.5104166666666666	1.0
