	brf_gmosa	brf_gso	brf_gso__nrlmf	brf_lmo	brf_lmo__nrlmf	brf_lso
brf_gmosa	1.0	0.045623779296875	0.0980987548828125	0.045841761997767856	0.03444671630859375	0.1961725408380682
brf_gso	0.045623779296875	1.0	0.31528472900390625	0.03444671630859375	0.002288818359375	0.781951904296875
brf_gso__nrlmf	0.0980987548828125	0.31528472900390625	1.0	0.045623779296875	0.0075531005859375	0.3721266526442308
brf_lmo	0.045841761997767856	0.03444671630859375	0.045623779296875	1.0	0.6773267473493303	0.0980987548828125
brf_lmo__nrlmf	0.03444671630859375	0.002288818359375	0.0075531005859375	0.6773267473493303	1.0	0.07244110107421875
brf_lso	0.1961725408380682	0.781951904296875	0.3721266526442308	0.0980987548828125	0.07244110107421875	1.0
