	brf_gmo	brf_gmo__nrlmf	brf_gmosa	brf_gmosa__nrlmf	brf_gso	brf_gso__nrlmf	brf_lmo	brf_lmo__nrlmf
brf_gmo	1.0	0.29599609374999997	0.2517547607421875	0.20916748046875	0.27277289496527773	0.051098632812499996	0.3790838068181818	0.979949951171875
brf_gmo__nrlmf	0.29599609374999997	1.0	0.21778157552083333	0.3790838068181818	0.6681787109374999	0.15259806315104169	0.39262058423913043	0.6933096426504629
brf_gmosa	0.2517547607421875	0.21778157552083333	1.0	0.01068115234375	0.012247721354166668	0.029337565104166668	0.6808002178485577	0.0288818359375
brf_gmosa__nrlmf	0.20916748046875	0.3790838068181818	0.01068115234375	1.0	0.17931189903846154	0.5779927571614584	0.01068115234375	0.01495361328125
brf_gso	0.27277289496527773	0.6681787109374999	0.012247721354166668	0.17931189903846154	1.0	0.27277289496527773	0.09834428267045454	0.28414113898026316
brf_gso__nrlmf	0.051098632812499996	0.15259806315104169	0.029337565104166668	0.5779927571614584	0.27277289496527773	1.0	0.0367431640625	0.051098632812499996
brf_lmo	0.3790838068181818	0.39262058423913043	0.6808002178485577	0.01068115234375	0.09834428267045454	0.0367431640625	1.0	0.051098632812499996
brf_lmo__nrlmf	0.979949951171875	0.6933096426504629	0.0288818359375	0.01495361328125	0.28414113898026316	0.051098632812499996	0.051098632812499996	1.0
