	brf_gmo	brf_gmo__nrlmf	brf_gmosa	brf_gmosa__nrlmf	brf_gso	brf_gso__nrlmf	brf_lmo	brf_lmo__nrlmf
brf_gmo	1.0	3.884055397727273e-05	3.884055397727273e-05	3.884055397727273e-05	3.884055397727273e-05	0.004335756655092593	3.884055397727273e-05	0.00011145550271739131
brf_gmo__nrlmf	3.884055397727273e-05	1.0	3.884055397727273e-05	3.884055397727273e-05	3.884055397727273e-05	3.884055397727273e-05	3.884055397727273e-05	3.884055397727273e-05
brf_gmosa	3.884055397727273e-05	3.884055397727273e-05	1.0	3.884055397727273e-05	3.884055397727273e-05	3.884055397727273e-05	3.884055397727273e-05	3.884055397727273e-05
brf_gmosa__nrlmf	3.884055397727273e-05	3.884055397727273e-05	3.884055397727273e-05	1.0	0.0011749267578125	3.884055397727273e-05	0.0155029296875	3.884055397727273e-05
brf_gso	3.884055397727273e-05	3.884055397727273e-05	3.884055397727273e-05	0.0011749267578125	1.0	3.884055397727273e-05	0.003615159254807692	3.884055397727273e-05
brf_gso__nrlmf	0.004335756655092593	3.884055397727273e-05	3.884055397727273e-05	3.884055397727273e-05	3.884055397727273e-05	1.0	3.884055397727273e-05	0.0023925781249999997
brf_lmo	3.884055397727273e-05	3.884055397727273e-05	3.884055397727273e-05	0.0155029296875	0.003615159254807692	3.884055397727273e-05	1.0	3.884055397727273e-05
brf_lmo__nrlmf	0.00011145550271739131	3.884055397727273e-05	3.884055397727273e-05	3.884055397727273e-05	3.884055397727273e-05	0.0023925781249999997	3.884055397727273e-05	1.0
