	brf_gmo	brf_gmo__nrlmf	brf_gmosa	brf_gmosa__nrlmf	brf_gso	brf_gso__nrlmf	brf_lmo	brf_lmo__nrlmf
brf_gmo	1.0	0.24814453125	0.43157552083333334	0.5016818576388888	0.3356730143229167	0.3356730143229167	0.295654296875	0.0042724609375
brf_gmo__nrlmf	0.24814453125	1.0	0.4228515625	0.6605631510416666	0.4228515625	0.6681787109374999	0.6808002178485577	0.525640869140625
brf_gmosa	0.43157552083333334	0.4228515625	1.0	0.6681787109374999	0.45202636718750006	0.6681787109374999	0.3356730143229167	0.295654296875
brf_gmosa__nrlmf	0.5016818576388888	0.6605631510416666	0.6681787109374999	1.0	0.93988037109375	0.8109130859375	0.3356730143229167	0.03759765625
brf_gso	0.3356730143229167	0.4228515625	0.45202636718750006	0.93988037109375	1.0	0.6681787109374999	0.3356730143229167	0.24814453125
brf_gso__nrlmf	0.3356730143229167	0.6681787109374999	0.6681787109374999	0.8109130859375	0.6681787109374999	1.0	0.44139862060546875	0.23299153645833334
brf_lmo	0.295654296875	0.6808002178485577	0.3356730143229167	0.3356730143229167	0.3356730143229167	0.44139862060546875	1.0	0.525640869140625
brf_lmo__nrlmf	0.0042724609375	0.525640869140625	0.295654296875	0.03759765625	0.24814453125	0.23299153645833334	0.525640869140625	1.0
