	brf_gmo	brf_gmo__nrlmf	brf_gmosa	brf_gmosa__nrlmf	brf_gso	brf_gso__nrlmf	brf_lmo	brf_lmo__nrlmf
brf_gmo	1.0	0.525640869140625	0.0009969075520833335	1.0	1.0	0.7799733479817709	0.179443359375	0.0005126953125
brf_gmo__nrlmf	0.525640869140625	1.0	0.6429867951766305	0.22525728665865383	0.525640869140625	0.22525728665865383	1.0	0.6429867951766305
brf_gmosa	0.0009969075520833335	0.6429867951766305	1.0	0.00042724609375	0.00042724609375	0.2119140625	0.525640869140625	0.525640869140625
brf_gmosa__nrlmf	1.0	0.22525728665865383	0.00042724609375	1.0	1.0	0.525640869140625	0.0367431640625	0.00042724609375
brf_gso	1.0	0.525640869140625	0.00042724609375	1.0	1.0	0.6183268229166666	0.2119140625	0.00042724609375
brf_gso__nrlmf	0.7799733479817709	0.22525728665865383	0.2119140625	0.525640869140625	0.6183268229166666	1.0	0.4708251953125	0.063873291015625
brf_lmo	0.179443359375	1.0	0.525640869140625	0.0367431640625	0.2119140625	0.4708251953125	1.0	0.23333740234375
brf_lmo__nrlmf	0.0005126953125	0.6429867951766305	0.525640869140625	0.00042724609375	0.00042724609375	0.063873291015625	0.23333740234375	1.0
