	brf_gmosa	brf_gso	brf_gso__nrlmf	brf_lmo	brf_lmo__nrlmf	brf_lso
brf_gmosa	1.0	0.0362396240234375	0.000152587890625	0.0021870930989583335	0.00018310546875	0.0164794921875
brf_gso	0.0362396240234375	1.0	0.00018310546875	0.0003814697265625	0.04457913912259615	0.40374755859375
brf_gso__nrlmf	0.000152587890625	0.00018310546875	1.0	0.000152587890625	0.000400543212890625	0.02917203036221591
brf_lmo	0.0021870930989583335	0.0003814697265625	0.000152587890625	1.0	0.000152587890625	0.000400543212890625
brf_lmo__nrlmf	0.00018310546875	0.04457913912259615	0.000400543212890625	0.000152587890625	1.0	0.40374755859375
brf_lso	0.0164794921875	0.40374755859375	0.02917203036221591	0.000400543212890625	0.40374755859375	1.0
