	brf_gmo	brf_gmo__nrlmf	brf_gmosa	brf_gmosa__nrlmf	brf_gso	brf_gso__nrlmf	brf_lmo	brf_lmo__nrlmf
brf_gmo	1.0	0.002764533547794118	0.0001220703125	0.6186839916087963	0.046954345703125	0.00014241536458333334	0.0001220703125	0.860260009765625
brf_gmo__nrlmf	0.002764533547794118	1.0	0.0001220703125	0.07021696671195653	0.0005696614583333334	0.04917214133522727	0.0001220703125	0.004177517361111111
brf_gmosa	0.0001220703125	0.0001220703125	1.0	0.00014241536458333334	0.042724609375	0.0001220703125	0.00229644775390625	0.00014241536458333334
brf_gmosa__nrlmf	0.6186839916087963	0.07021696671195653	0.00014241536458333334	1.0	0.07629903157552084	0.16112304687499998	0.00014241536458333334	0.5687960111177884
brf_gso	0.046954345703125	0.0005696614583333334	0.042724609375	0.07629903157552084	1.0	0.00014241536458333334	0.0003286508413461538	0.04917214133522727
brf_gso__nrlmf	0.00014241536458333334	0.04917214133522727	0.0001220703125	0.16112304687499998	0.00014241536458333334	1.0	0.0001220703125	0.00042724609375
brf_lmo	0.0001220703125	0.0001220703125	0.00229644775390625	0.00014241536458333334	0.0003286508413461538	0.0001220703125	1.0	0.0001220703125
brf_lmo__nrlmf	0.860260009765625	0.004177517361111111	0.00014241536458333334	0.5687960111177884	0.04917214133522727	0.00042724609375	0.0001220703125	1.0
