	brf_gmosa	brf_gso	brf_gso__nrlmf	brf_lmo	brf_lmo__nrlmf	brf_lso
brf_gmosa	1.0	0.000286102294921875	9.1552734375e-05	0.0019683837890625	9.1552734375e-05	0.012526078657670456
brf_gso	0.000286102294921875	1.0	0.000152587890625	0.18787928989955358	0.0005086263020833334	0.017887995793269232
brf_gso__nrlmf	9.1552734375e-05	0.000152587890625	1.0	0.93988037109375	0.017887995793269232	9.1552734375e-05
brf_lmo	0.0019683837890625	0.18787928989955358	0.93988037109375	1.0	0.000286102294921875	9.1552734375e-05
brf_lmo__nrlmf	9.1552734375e-05	0.0005086263020833334	0.017887995793269232	0.000286102294921875	1.0	9.1552734375e-05
brf_lso	0.012526078657670456	0.017887995793269232	9.1552734375e-05	9.1552734375e-05	9.1552734375e-05	1.0
