	brf_gmo	brf_gmo__nrlmf	brf_gmosa	brf_gmosa__nrlmf	brf_gso	brf_gso__nrlmf	brf_lmo	brf_lmo__nrlmf
brf_gmo	1.0	0.9122772216796875	0.32732747395833334	0.9122772216796875	0.9122772216796875	0.93988037109375	0.0748748779296875	0.141845703125
brf_gmo__nrlmf	0.9122772216796875	1.0	0.5419379340277778	0.9193994140624999	0.9122772216796875	0.9332637080439815	0.15259806315104169	0.2012657752403846
brf_gmosa	0.32732747395833334	0.5419379340277778	1.0	0.1468172940340909	0.0748748779296875	0.25946044921875	0.09019639756944443	0.4154339958639706
brf_gmosa__nrlmf	0.9122772216796875	0.9193994140624999	0.1468172940340909	1.0	0.9122772216796875	0.9122772216796875	0.01837158203125	0.019938151041666668
brf_gso	0.9122772216796875	0.9122772216796875	0.0748748779296875	0.9122772216796875	1.0	0.9332637080439815	0.01837158203125	0.0615234375
brf_gso__nrlmf	0.93988037109375	0.9332637080439815	0.25946044921875	0.9122772216796875	0.9332637080439815	1.0	0.0748748779296875	0.05340576171875
brf_lmo	0.0748748779296875	0.15259806315104169	0.09019639756944443	0.01837158203125	0.01837158203125	0.0748748779296875	1.0	0.3699951171875
brf_lmo__nrlmf	0.141845703125	0.2012657752403846	0.4154339958639706	0.019938151041666668	0.0615234375	0.05340576171875	0.3699951171875	1.0
