	brf_gmosa	brf_gso	brf_gso__nrlmf	brf_lmo	brf_lmo__nrlmf	brf_lso
brf_gmosa	1.0	0.045623779296875	0.1945953369140625	0.05435943603515625	0.31528472900390625	0.15574137369791669
brf_gso	0.045623779296875	1.0	0.899932861328125	0.0098419189453125	0.032958984375	0.40198692908653844
brf_gso__nrlmf	0.1945953369140625	0.899932861328125	1.0	0.045841761997767856	0.0286102294921875	0.432586669921875
brf_lmo	0.05435943603515625	0.0098419189453125	0.045841761997767856	1.0	0.2883078835227273	0.002288818359375
brf_lmo__nrlmf	0.31528472900390625	0.032958984375	0.0286102294921875	0.2883078835227273	1.0	0.025787353515625
brf_lso	0.15574137369791669	0.40198692908653844	0.432586669921875	0.002288818359375	0.025787353515625	1.0
