	brf_gmosa	brf_gso	brf_gso__nrlmf	brf_lmo	brf_lmo__nrlmf	brf_lso
brf_gmosa	1.0	0.03345196063701923	4.57763671875e-05	0.12500217982700892	4.57763671875e-05	4.57763671875e-05
brf_gso	0.03345196063701923	1.0	4.57763671875e-05	0.00644683837890625	4.57763671875e-05	0.0002913041548295455
brf_gso__nrlmf	4.57763671875e-05	4.57763671875e-05	1.0	4.57763671875e-05	0.781951904296875	4.57763671875e-05
brf_lmo	0.12500217982700892	0.00644683837890625	4.57763671875e-05	1.0	4.57763671875e-05	4.57763671875e-05
brf_lmo__nrlmf	4.57763671875e-05	4.57763671875e-05	0.781951904296875	4.57763671875e-05	1.0	4.57763671875e-05
brf_lso	4.57763671875e-05	0.0002913041548295455	4.57763671875e-05	4.57763671875e-05	4.57763671875e-05	1.0
