	brf_gmo	brf_gmo__nrlmf	brf_gmosa	brf_gmosa__nrlmf	brf_gso	brf_gso__nrlmf	brf_lmo	brf_lmo__nrlmf
brf_gmo	1.0	4.2724609375e-05	4.2724609375e-05	0.5827003761574074	0.0042724609375	4.2724609375e-05	0.42051269531249996	4.2724609375e-05
brf_gmo__nrlmf	4.2724609375e-05	1.0	4.2724609375e-05	4.2724609375e-05	4.2724609375e-05	4.2724609375e-05	4.2724609375e-05	0.0017496744791666667
brf_gmosa	4.2724609375e-05	4.2724609375e-05	1.0	4.2724609375e-05	4.2724609375e-05	4.2724609375e-05	4.2724609375e-05	4.2724609375e-05
brf_gmosa__nrlmf	0.5827003761574074	4.2724609375e-05	4.2724609375e-05	1.0	0.030390200407608696	4.2724609375e-05	0.46651986929086536	4.2724609375e-05
brf_gso	0.0042724609375	4.2724609375e-05	4.2724609375e-05	0.030390200407608696	1.0	4.2724609375e-05	0.2942657470703125	4.2724609375e-05
brf_gso__nrlmf	4.2724609375e-05	4.2724609375e-05	4.2724609375e-05	4.2724609375e-05	4.2724609375e-05	1.0	4.2724609375e-05	0.596588134765625
brf_lmo	0.42051269531249996	4.2724609375e-05	4.2724609375e-05	0.46651986929086536	0.2942657470703125	4.2724609375e-05	1.0	4.2724609375e-05
brf_lmo__nrlmf	4.2724609375e-05	0.0017496744791666667	4.2724609375e-05	4.2724609375e-05	4.2724609375e-05	0.596588134765625	4.2724609375e-05	1.0
