	brf_gmosa	brf_gso	brf_gso__nrlmf	brf_lmo	brf_lmo__nrlmf	brf_lso
brf_gmosa	1.0	0.025787353515625	0.6094242976262019	0.0286102294921875	0.14014107840401785	0.17520904541015625
brf_gso	0.025787353515625	1.0	0.025787353515625	0.289215087890625	0.979949951171875	0.6392015729631696
brf_gso__nrlmf	0.6094242976262019	0.025787353515625	1.0	0.14014107840401785	0.216217041015625	0.31527432528409094
brf_lmo	0.0286102294921875	0.289215087890625	0.14014107840401785	1.0	0.14014107840401785	0.025787353515625
brf_lmo__nrlmf	0.14014107840401785	0.979949951171875	0.216217041015625	0.14014107840401785	1.0	0.6094242976262019
brf_lso	0.17520904541015625	0.6392015729631696	0.31527432528409094	0.025787353515625	0.6094242976262019	1.0
