	brf_gmo	brf_gmo__nrlmf	brf_gmosa	brf_gmosa__nrlmf	brf_gso	brf_gso__nrlmf	brf_lmo	brf_lmo__nrlmf
brf_gmo	1.0	0.7491861979166666	1.0	0.8674875895182292	0.00811767578125	0.69359130859375	0.023413085937499998	0.023413085937499998
brf_gmo__nrlmf	0.7491861979166666	1.0	0.8138852326766305	1.0	0.026702880859375	0.22702789306640625	0.09390869140625	0.5016818576388888
brf_gmosa	1.0	0.8138852326766305	1.0	1.0	0.024068196614583336	0.69359130859375	0.026702880859375	0.13458251953125
brf_gmosa__nrlmf	0.8674875895182292	1.0	1.0	1.0	0.20916748046875	0.8138852326766305	0.00811767578125	0.0665554470486111
brf_gso	0.00811767578125	0.026702880859375	0.024068196614583336	0.20916748046875	1.0	0.023413085937499998	0.3175695082720589	1.0
brf_gso__nrlmf	0.69359130859375	0.22702789306640625	0.69359130859375	0.8138852326766305	0.023413085937499998	1.0	0.14085975060096154	0.22702789306640625
brf_lmo	0.023413085937499998	0.09390869140625	0.026702880859375	0.00811767578125	0.3175695082720589	0.14085975060096154	1.0	0.13458251953125
brf_lmo__nrlmf	0.023413085937499998	0.5016818576388888	0.13458251953125	0.0665554470486111	1.0	0.22702789306640625	0.13458251953125	1.0
