	brf_gmosa	brf_gso	brf_gso__nrlmf	brf_lmo	brf_lmo__nrlmf	brf_lso
brf_gmosa	1.0	0.668548583984375	0.00011444091796875	0.006968180338541667	0.00011444091796875	0.6392015729631696
brf_gso	0.668548583984375	1.0	0.00013078962053571428	0.011444091796875	0.00013078962053571428	0.6392015729631696
brf_gso__nrlmf	0.00011444091796875	0.00013078962053571428	1.0	0.00013078962053571428	0.0720977783203125	0.002460479736328125
brf_lmo	0.006968180338541667	0.011444091796875	0.00013078962053571428	1.0	0.00011444091796875	0.034040971235795456
brf_lmo__nrlmf	0.00011444091796875	0.00013078962053571428	0.0720977783203125	0.00011444091796875	1.0	0.00011444091796875
brf_lso	0.6392015729631696	0.6392015729631696	0.002460479736328125	0.034040971235795456	0.00011444091796875	1.0
