	brf_gmo	brf_gmo__nrlmf	brf_gmosa	brf_gmosa__nrlmf	brf_gso	brf_gso__nrlmf	brf_lmo	brf_lmo__nrlmf
brf_gmo	1.0	0.00035184972426470593	8.544921875e-05	0.979949951171875	0.0001220703125	0.011691006747159092	8.544921875e-05	0.16112304687499998
brf_gmo__nrlmf	0.00035184972426470593	1.0	8.544921875e-05	8.544921875e-05	8.544921875e-05	0.010172526041666666	8.544921875e-05	0.00035184972426470593
brf_gmosa	8.544921875e-05	8.544921875e-05	1.0	0.00017089843750000002	0.7199753981370192	8.544921875e-05	0.006161338404605263	8.544921875e-05
brf_gmosa__nrlmf	0.979949951171875	8.544921875e-05	0.00017089843750000002	1.0	0.0009019639756944444	0.16112304687499998	8.544921875e-05	0.8109130859375
brf_gso	0.0001220703125	8.544921875e-05	0.7199753981370192	0.0009019639756944444	1.0	0.0001220703125	0.010172526041666666	0.0001220703125
brf_gso__nrlmf	0.011691006747159092	0.010172526041666666	8.544921875e-05	0.16112304687499998	0.0001220703125	1.0	0.0001220703125	0.07021696671195653
brf_lmo	8.544921875e-05	8.544921875e-05	0.006161338404605263	8.544921875e-05	0.010172526041666666	0.0001220703125	1.0	8.544921875e-05
brf_lmo__nrlmf	0.16112304687499998	0.00035184972426470593	8.544921875e-05	0.8109130859375	0.0001220703125	0.07021696671195653	8.544921875e-05	1.0
