	brf_gmo	brf_gmo__nrlmf	brf_gmosa	brf_gmosa__nrlmf	brf_gso	brf_gso__nrlmf	brf_lmo	brf_lmo__nrlmf
brf_gmo	1.0	0.5915478515625	0.03339092548076923	0.781951904296875	0.001068115234375	0.5410359700520834	0.017801920572916668	0.006646050347222222
brf_gmo__nrlmf	0.5915478515625	1.0	0.001068115234375	0.781951904296875	0.013128107244318182	0.14535861545138887	0.05411783854166667	0.21207682291666666
brf_gmosa	0.03339092548076923	0.001068115234375	1.0	0.0058746337890625	0.001068115234375	0.001068115234375	0.0052490234375	0.0052490234375
brf_gmosa__nrlmf	0.781951904296875	0.781951904296875	0.0058746337890625	1.0	0.3210171786221591	0.6424795297475961	0.0023925781249999997	0.0364990234375
brf_gso	0.001068115234375	0.013128107244318182	0.001068115234375	0.3210171786221591	1.0	0.0093994140625	0.21207682291666666	0.5273702870244565
brf_gso__nrlmf	0.5410359700520834	0.14535861545138887	0.001068115234375	0.6424795297475961	0.0093994140625	1.0	0.1293487548828125	0.17193282277960525
brf_lmo	0.017801920572916668	0.05411783854166667	0.0052490234375	0.0023925781249999997	0.21207682291666666	0.1293487548828125	1.0	0.14535861545138887
brf_lmo__nrlmf	0.006646050347222222	0.21207682291666666	0.0052490234375	0.0364990234375	0.5273702870244565	0.17193282277960525	0.14535861545138887	1.0
