	brf_gmo	brf_gmo__nrlmf	brf_gmosa	brf_gmosa__nrlmf	brf_gso	brf_gso__nrlmf	brf_lmo	brf_lmo__nrlmf
brf_gmo	1.0	0.05217149522569444	0.02197265625	0.9332637080439815	0.0111083984375	0.84210205078125	0.008355034722222222	0.041116153492647065
brf_gmo__nrlmf	0.05217149522569444	1.0	0.0058746337890625	0.34749348958333337	0.00469970703125	0.15555826822916666	0.0052490234375	0.0111083984375
brf_gmosa	0.02197265625	0.0058746337890625	1.0	0.004058837890625	0.08499948601973684	0.027130126953125	0.027130126953125	0.5915478515625
brf_gmosa__nrlmf	0.9332637080439815	0.34749348958333337	0.004058837890625	1.0	0.091558837890625	0.979949951171875	0.004058837890625	0.004058837890625
brf_gso	0.0111083984375	0.00469970703125	0.08499948601973684	0.091558837890625	1.0	0.34749348958333337	0.0093994140625	0.16511119495738635
brf_gso__nrlmf	0.84210205078125	0.15555826822916666	0.027130126953125	0.979949951171875	0.34749348958333337	1.0	0.00469970703125	0.0111083984375
brf_lmo	0.008355034722222222	0.0052490234375	0.027130126953125	0.004058837890625	0.0093994140625	0.00469970703125	1.0	0.004058837890625
brf_lmo__nrlmf	0.041116153492647065	0.0111083984375	0.5915478515625	0.004058837890625	0.16511119495738635	0.0111083984375	0.004058837890625	1.0
