	brf_gmosa	brf_gso	brf_gso__nrlmf	brf_lmo	brf_lmo__nrlmf	brf_lso
brf_gmosa	1.0	0.086517333984375	0.033220563616071425	0.033220563616071425	0.5658939906529018	0.668548583984375
brf_gso	0.086517333984375	1.0	0.372314453125	0.01678466796875	0.17690485174005682	0.03421783447265625
brf_gso__nrlmf	0.033220563616071425	0.372314453125	1.0	0.0075531005859375	0.01934051513671875	0.032958984375
brf_lmo	0.033220563616071425	0.01678466796875	0.0075531005859375	1.0	0.0075531005859375	0.03565470377604167
brf_lmo__nrlmf	0.5658939906529018	0.17690485174005682	0.01934051513671875	0.0075531005859375	1.0	0.5658939906529018
brf_lso	0.668548583984375	0.03421783447265625	0.032958984375	0.03565470377604167	0.5658939906529018	1.0
