	brf_gmo	brf_gmo__nrlmf	brf_gso__nrlmf	brf_lmo	bxt_gmo	bxt_gmo__nrlmf	bxt_gmosa__nrlmf	bxt_gso__nrlmf
brf_gmo	1.0	0.000213623046875	0.0002848307291666667	0.004475911458333333	0.0001068115234375	0.08998174252717392	0.004475911458333333	0.0001553622159090909
brf_gmo__nrlmf	0.000213623046875	1.0	0.0002848307291666667	0.0001068115234375	0.0001068115234375	0.0001068115234375	0.0002848307291666667	0.0009550206801470589
brf_gso__nrlmf	0.0002848307291666667	0.0002848307291666667	1.0	0.0001553622159090909	0.0001068115234375	0.002041286892361111	0.24898587740384615	0.44924135561342593
brf_lmo	0.004475911458333333	0.0001068115234375	0.0001553622159090909	1.0	0.10901896158854167	0.008001154119318182	0.0001068115234375	0.0001553622159090909
bxt_gmo	0.0001068115234375	0.0001068115234375	0.0001068115234375	0.10901896158854167	1.0	0.596588134765625	0.0001068115234375	0.0001068115234375
bxt_gmo__nrlmf	0.08998174252717392	0.0001068115234375	0.002041286892361111	0.008001154119318182	0.596588134765625	1.0	0.0009550206801470589	0.0024735300164473685
bxt_gmosa__nrlmf	0.004475911458333333	0.0002848307291666667	0.24898587740384615	0.0001068115234375	0.0001068115234375	0.0009550206801470589	1.0	0.1306689453125
bxt_gso__nrlmf	0.0001553622159090909	0.0009550206801470589	0.44924135561342593	0.0001553622159090909	0.0001068115234375	0.0024735300164473685	0.1306689453125	1.0
