	brf_gmo	brf_gmo__nrlmf	brf_gso__nrlmf	brf_lmo	bxt_gmo	bxt_gmo__nrlmf	bxt_gmosa__nrlmf	bxt_gso__nrlmf
brf_gmo	1.0	4.0690104166666664e-05	0.0005201256793478261	4.0690104166666664e-05	4.0690104166666664e-05	4.0690104166666664e-05	0.0196533203125	0.022185149016203703
brf_gmo__nrlmf	4.0690104166666664e-05	1.0	4.0690104166666664e-05	4.0690104166666664e-05	4.0690104166666664e-05	4.0690104166666664e-05	4.0690104166666664e-05	4.0690104166666664e-05
brf_gso__nrlmf	0.0005201256793478261	4.0690104166666664e-05	1.0	4.0690104166666664e-05	7.768110795454545e-05	4.0690104166666664e-05	4.0690104166666664e-05	4.0690104166666664e-05
brf_lmo	4.0690104166666664e-05	4.0690104166666664e-05	4.0690104166666664e-05	1.0	4.0690104166666664e-05	4.0690104166666664e-05	4.0690104166666664e-05	4.0690104166666664e-05
bxt_gmo	4.0690104166666664e-05	4.0690104166666664e-05	7.768110795454545e-05	4.0690104166666664e-05	1.0	4.0690104166666664e-05	0.008544921875	0.0031331380208333335
bxt_gmo__nrlmf	4.0690104166666664e-05	4.0690104166666664e-05	4.0690104166666664e-05	4.0690104166666664e-05	4.0690104166666664e-05	1.0	4.0690104166666664e-05	4.0690104166666664e-05
bxt_gmosa__nrlmf	0.0196533203125	4.0690104166666664e-05	4.0690104166666664e-05	4.0690104166666664e-05	0.008544921875	4.0690104166666664e-05	1.0	0.129730224609375
bxt_gso__nrlmf	0.022185149016203703	4.0690104166666664e-05	4.0690104166666664e-05	4.0690104166666664e-05	0.0031331380208333335	4.0690104166666664e-05	0.129730224609375	1.0
