	brf_gmo	brf_gmo__nrlmf	brf_gso__nrlmf	brf_lmo	bxt_gmo	bxt_gmo__nrlmf	bxt_gmosa__nrlmf	bxt_gso__nrlmf
brf_gmo	1.0	0.0007476806640625	0.0001068115234375	0.00030517578125	0.0001068115234375	0.0001068115234375	0.0016587201286764708	0.0001068115234375
brf_gmo__nrlmf	0.0007476806640625	1.0	0.6933096426504629	0.00023304332386363637	0.33359374999999997	0.0024735300164473685	0.00880126953125	0.6051119290865384
brf_gso__nrlmf	0.0001068115234375	0.6933096426504629	1.0	0.0001708984375	0.10135020380434782	0.00030517578125	0.03177157315340909	0.16783650716145834
brf_lmo	0.00030517578125	0.00023304332386363637	0.0001708984375	1.0	0.0001068115234375	0.0001068115234375	0.0001068115234375	0.0001068115234375
bxt_gmo	0.0001068115234375	0.33359374999999997	0.10135020380434782	0.0001068115234375	1.0	0.0005696614583333334	0.0024735300164473685	0.743560791015625
bxt_gmo__nrlmf	0.0001068115234375	0.0024735300164473685	0.00030517578125	0.0001068115234375	0.0005696614583333334	1.0	0.0001708984375	0.020670572916666668
bxt_gmosa__nrlmf	0.0016587201286764708	0.00880126953125	0.03177157315340909	0.0001068115234375	0.0024735300164473685	0.0001708984375	1.0	0.00030517578125
bxt_gso__nrlmf	0.0001068115234375	0.6051119290865384	0.16783650716145834	0.0001068115234375	0.743560791015625	0.020670572916666668	0.00030517578125	1.0
