	brf_gmo__precomputed	brf_gmo__softmax	brf_gmo__square	brf_gmo__uniform	brf_gmo_full	brf_gmosa
brf_gmo__precomputed	1.0	0.820892333984375	0.3783416748046875	0.7662131569602273	7.62939453125e-05	0.020599365234375
brf_gmo__softmax	0.820892333984375	1.0	0.820892333984375	0.820892333984375	7.62939453125e-05	0.00013078962053571428
brf_gmo__square	0.3783416748046875	0.820892333984375	1.0	0.820892333984375	7.62939453125e-05	0.06439208984375
brf_gmo__uniform	0.7662131569602273	0.820892333984375	0.820892333984375	1.0	7.62939453125e-05	7.62939453125e-05
brf_gmo_full	7.62939453125e-05	7.62939453125e-05	7.62939453125e-05	7.62939453125e-05	1.0	7.62939453125e-05
brf_gmosa	0.020599365234375	0.00013078962053571428	0.06439208984375	7.62939453125e-05	7.62939453125e-05	1.0
