	brf_gmo__precomputed	brf_gmo__softmax	brf_gmo__square	brf_gmo__uniform	brf_gmo_full	brf_gmosa
brf_gmo__precomputed	1.0	3.814697265625e-05	3.814697265625e-05	0.008174351283482142	3.814697265625e-05	0.0001056377704326923
brf_gmo__softmax	3.814697265625e-05	1.0	3.814697265625e-05	3.814697265625e-05	3.814697265625e-05	3.814697265625e-05
brf_gmo__square	3.814697265625e-05	3.814697265625e-05	1.0	3.814697265625e-05	3.814697265625e-05	0.02899169921875
brf_gmo__uniform	0.008174351283482142	3.814697265625e-05	3.814697265625e-05	1.0	3.814697265625e-05	3.814697265625e-05
brf_gmo_full	3.814697265625e-05	3.814697265625e-05	3.814697265625e-05	3.814697265625e-05	1.0	3.814697265625e-05
brf_gmosa	0.0001056377704326923	3.814697265625e-05	0.02899169921875	3.814697265625e-05	3.814697265625e-05	1.0
