	brf_gmo__precomputed	brf_gmo__softmax	brf_gmo__square	brf_gmo__uniform	brf_gmo_full	brf_gmosa
brf_gmo__precomputed	1.0	7.62939453125e-05	7.62939453125e-05	0.0228118896484375	0.0015106201171875	0.0002543131510416667
brf_gmo__softmax	7.62939453125e-05	1.0	7.62939453125e-05	0.00013078962053571428	0.596588134765625	0.2065822056361607
brf_gmo__square	7.62939453125e-05	7.62939453125e-05	1.0	7.62939453125e-05	7.62939453125e-05	7.62939453125e-05
brf_gmo__uniform	0.0228118896484375	0.00013078962053571428	7.62939453125e-05	1.0	0.01040371981534091	0.000171661376953125
brf_gmo_full	0.0015106201171875	0.596588134765625	7.62939453125e-05	0.01040371981534091	1.0	0.10782095102163461
brf_gmosa	0.0002543131510416667	0.2065822056361607	7.62939453125e-05	0.000171661376953125	0.10782095102163461	1.0
