	brf_gmo__precomputed	brf_gmo__softmax	brf_gmo__square	brf_gmo__uniform	brf_gmo_full	brf_gmosa
brf_gmo__precomputed	1.0	8.322975852272728e-05	0.0005340576171875	0.0506591796875	5.7220458984375e-05	5.7220458984375e-05
brf_gmo__softmax	8.322975852272728e-05	1.0	5.7220458984375e-05	0.004824124849759615	8.322975852272728e-05	5.7220458984375e-05
brf_gmo__square	0.0005340576171875	5.7220458984375e-05	1.0	8.322975852272728e-05	5.7220458984375e-05	5.7220458984375e-05
brf_gmo__uniform	0.0506591796875	0.004824124849759615	8.322975852272728e-05	1.0	5.7220458984375e-05	5.7220458984375e-05
brf_gmo_full	5.7220458984375e-05	8.322975852272728e-05	5.7220458984375e-05	5.7220458984375e-05	1.0	0.0506591796875
brf_gmosa	5.7220458984375e-05	5.7220458984375e-05	5.7220458984375e-05	5.7220458984375e-05	0.0506591796875	1.0
