	brf_gmo__precomputed	brf_gmo__softmax	brf_gmo__square	brf_gmo__uniform	brf_gmo_full	brf_gmosa
brf_gmo__precomputed	1.0	4.161487926136364e-05	4.161487926136364e-05	0.001678466796875	0.00017606295072115384	4.161487926136364e-05
brf_gmo__softmax	4.161487926136364e-05	1.0	4.161487926136364e-05	4.161487926136364e-05	4.161487926136364e-05	4.161487926136364e-05
brf_gmo__square	4.161487926136364e-05	4.161487926136364e-05	1.0	4.161487926136364e-05	0.0014059884207589285	4.161487926136364e-05
brf_gmo__uniform	0.001678466796875	4.161487926136364e-05	4.161487926136364e-05	1.0	0.00011444091796875	4.161487926136364e-05
brf_gmo_full	0.00017606295072115384	4.161487926136364e-05	0.0014059884207589285	0.00011444091796875	1.0	4.161487926136364e-05
brf_gmosa	4.161487926136364e-05	4.161487926136364e-05	4.161487926136364e-05	4.161487926136364e-05	4.161487926136364e-05	1.0
