	brf_gmo__precomputed	brf_gmo__softmax	brf_gmo__square	brf_gmo__uniform	brf_gmo_full	brf_gmosa
brf_gmo__precomputed	1.0	4.57763671875e-05	0.0003814697265625	8.322975852272728e-05	4.57763671875e-05	0.04139491489955357
brf_gmo__softmax	4.57763671875e-05	1.0	4.57763671875e-05	0.0019366924579326923	4.57763671875e-05	4.57763671875e-05
brf_gmo__square	0.0003814697265625	4.57763671875e-05	1.0	4.57763671875e-05	4.57763671875e-05	0.375457763671875
brf_gmo__uniform	8.322975852272728e-05	0.0019366924579326923	4.57763671875e-05	1.0	4.57763671875e-05	4.57763671875e-05
brf_gmo_full	4.57763671875e-05	4.57763671875e-05	4.57763671875e-05	4.57763671875e-05	1.0	4.57763671875e-05
brf_gmosa	0.04139491489955357	4.57763671875e-05	0.375457763671875	4.57763671875e-05	4.57763671875e-05	1.0
