	brf_gmo__precomputed	brf_gmo__softmax	brf_gmo__square	brf_gmo__uniform	brf_gmo_full	brf_gmosa
brf_gmo__precomputed	1.0	0.015106201171875	0.08919852120535714	0.002288818359375	6.539481026785714e-05	0.00011444091796875
brf_gmo__softmax	0.015106201171875	1.0	0.00522613525390625	0.274444580078125	6.539481026785714e-05	6.539481026785714e-05
brf_gmo__square	0.08919852120535714	0.00522613525390625	1.0	0.000640869140625	6.539481026785714e-05	6.539481026785714e-05
brf_gmo__uniform	0.002288818359375	0.274444580078125	0.000640869140625	1.0	6.539481026785714e-05	0.000152587890625
brf_gmo_full	6.539481026785714e-05	6.539481026785714e-05	6.539481026785714e-05	6.539481026785714e-05	1.0	6.539481026785714e-05
brf_gmosa	0.00011444091796875	6.539481026785714e-05	6.539481026785714e-05	0.000152587890625	6.539481026785714e-05	1.0
