	brf_gmo__precomputed	brf_gmo__softmax	brf_gmo__square	brf_gmo__uniform	brf_gmo_full	brf_gmosa
brf_gmo__precomputed	1.0	0.008595784505208334	0.000457763671875	0.000640869140625	0.12742476029829547	0.0021580287388392855
brf_gmo__softmax	0.008595784505208334	1.0	0.000640869140625	0.0014495849609375	0.4998427170973557	0.009429931640625
brf_gmo__square	0.000457763671875	0.000640869140625	1.0	0.000457763671875	0.008595784505208334	0.000457763671875
brf_gmo__uniform	0.000640869140625	0.0014495849609375	0.000457763671875	1.0	0.528167724609375	0.1798248291015625
brf_gmo_full	0.12742476029829547	0.4998427170973557	0.008595784505208334	0.528167724609375	1.0	0.528167724609375
brf_gmosa	0.0021580287388392855	0.009429931640625	0.000457763671875	0.1798248291015625	0.528167724609375	1.0
