	brf_gmo	brf_gmo__nrlmf	brf_gso__nrlmf	brf_lmo	bxt_gmo	bxt_gmo__nrlmf	bxt_gmosa__nrlmf	bxt_gso__nrlmf
brf_gmo	1.0	0.20180257161458331	0.000213623046875	0.0002848307291666667	0.8007577749399039	0.93988037109375	0.0018039279513888888	0.013128107244318182
brf_gmo__nrlmf	0.20180257161458331	1.0	0.000213623046875	0.017146809895833334	0.47785533558238635	0.6555379231770834	0.0059814453125	0.08343864889705883
brf_gso__nrlmf	0.000213623046875	0.000213623046875	1.0	0.47785533558238635	0.014668782552083334	0.016432542067307692	0.28414113898026316	0.7080322265625
brf_lmo	0.0002848307291666667	0.017146809895833334	0.47785533558238635	1.0	0.0507354736328125	0.017146809895833334	0.9332637080439815	0.4915187669836957
bxt_gmo	0.8007577749399039	0.47785533558238635	0.014668782552083334	0.0507354736328125	1.0	0.45151367187499997	0.0006103515625	0.0002848307291666667
bxt_gmo__nrlmf	0.93988037109375	0.6555379231770834	0.016432542067307692	0.017146809895833334	0.45151367187499997	1.0	0.000213623046875	0.000213623046875
bxt_gmosa__nrlmf	0.0018039279513888888	0.0059814453125	0.28414113898026316	0.9332637080439815	0.0006103515625	0.000213623046875	1.0	0.0018039279513888888
bxt_gso__nrlmf	0.013128107244318182	0.08343864889705883	0.7080322265625	0.4915187669836957	0.0002848307291666667	0.000213623046875	0.0018039279513888888	1.0
