	brf_gmo	brf_gmo__nrlmf	brf_gso__nrlmf	brf_lmo	bxt_gmo	bxt_gmo__nrlmf	bxt_gmosa__nrlmf	bxt_gso__nrlmf
brf_gmo	1.0	0.00018310546875	8.544921875e-05	8.544921875e-05	0.3751878004807692	0.8109130859375	0.00035184972426470593	8.544921875e-05
brf_gmo__nrlmf	0.00018310546875	1.0	0.00018310546875	0.00018310546875	0.0002848307291666667	0.039128621419270836	0.019731001420454544	0.00035184972426470593
brf_gso__nrlmf	8.544921875e-05	0.00018310546875	1.0	0.860260009765625	8.544921875e-05	8.544921875e-05	0.0024735300164473685	0.006876627604166667
brf_lmo	8.544921875e-05	0.00018310546875	0.860260009765625	1.0	8.544921875e-05	8.544921875e-05	0.001186794704861111	0.030390200407608696
bxt_gmo	0.3751878004807692	0.0002848307291666667	8.544921875e-05	8.544921875e-05	1.0	0.006876627604166667	8.544921875e-05	8.544921875e-05
bxt_gmo__nrlmf	0.8109130859375	0.039128621419270836	8.544921875e-05	8.544921875e-05	0.006876627604166667	1.0	0.0001553622159090909	8.544921875e-05
bxt_gmosa__nrlmf	0.00035184972426470593	0.019731001420454544	0.0024735300164473685	0.001186794704861111	8.544921875e-05	0.0001553622159090909	1.0	0.082783203125
bxt_gso__nrlmf	8.544921875e-05	0.00035184972426470593	0.006876627604166667	0.030390200407608696	8.544921875e-05	8.544921875e-05	0.082783203125	1.0
