	brf_gmo	brf_gmo__nrlmf	brf_gso__nrlmf	brf_lmo	bxt_gmo	bxt_gmo__nrlmf	bxt_gmosa__nrlmf	bxt_gso__nrlmf
brf_gmo	1.0	0.006503634982638888	7.120768229166667e-05	7.120768229166667e-05	0.03529424252717391	0.4348050631009615	0.0005696614583333334	7.120768229166667e-05
brf_gmo__nrlmf	0.006503634982638888	1.0	7.120768229166667e-05	0.039128621419270836	7.120768229166667e-05	0.00013146033653846153	0.012860107421875	0.0007476806640625
brf_gso__nrlmf	7.120768229166667e-05	7.120768229166667e-05	1.0	0.0732470703125	7.120768229166667e-05	7.120768229166667e-05	7.120768229166667e-05	0.012860107421875
brf_lmo	7.120768229166667e-05	0.039128621419270836	0.0732470703125	1.0	0.00030517578125	0.0016587201286764708	0.5137713396990741	0.820892333984375
bxt_gmo	0.03529424252717391	7.120768229166667e-05	7.120768229166667e-05	0.00030517578125	1.0	0.020670572916666668	7.120768229166667e-05	7.120768229166667e-05
bxt_gmo__nrlmf	0.4348050631009615	0.00013146033653846153	7.120768229166667e-05	0.0016587201286764708	0.020670572916666668	1.0	7.120768229166667e-05	7.120768229166667e-05
bxt_gmosa__nrlmf	0.0005696614583333334	0.012860107421875	7.120768229166667e-05	0.5137713396990741	7.120768229166667e-05	7.120768229166667e-05	1.0	0.023226651278409092
bxt_gso__nrlmf	7.120768229166667e-05	0.0007476806640625	0.012860107421875	0.820892333984375	7.120768229166667e-05	7.120768229166667e-05	0.023226651278409092	1.0
