	brf_gmo	brf_gmo__nrlmf	brf_gso__nrlmf	brf_lmo	bxt_gmo	bxt_gmo__nrlmf	bxt_gmosa__nrlmf	bxt_gso__nrlmf
brf_gmo	1.0	0.34731820913461536	0.004947060032894737	0.00017089843750000002	0.001186794704861111	7.768110795454545e-05	0.00037384033203125	7.768110795454545e-05
brf_gmo__nrlmf	0.34731820913461536	1.0	7.768110795454545e-05	0.0001220703125	0.04268576882102273	7.768110795454545e-05	0.0007036994485294119	7.768110795454545e-05
brf_gso__nrlmf	0.004947060032894737	7.768110795454545e-05	1.0	0.06167204483695653	0.0001220703125	7.768110795454545e-05	0.19639648437499999	0.781951904296875
brf_lmo	0.00017089843750000002	0.0001220703125	0.06167204483695653	1.0	7.768110795454545e-05	7.768110795454545e-05	0.781951904296875	0.19639648437499999
bxt_gmo	0.001186794704861111	0.04268576882102273	0.0001220703125	7.768110795454545e-05	1.0	0.0146484375	0.0001220703125	7.768110795454545e-05
bxt_gmo__nrlmf	7.768110795454545e-05	7.768110795454545e-05	7.768110795454545e-05	7.768110795454545e-05	0.0146484375	1.0	7.768110795454545e-05	7.768110795454545e-05
bxt_gmosa__nrlmf	0.00037384033203125	0.0007036994485294119	0.19639648437499999	0.781951904296875	0.0001220703125	7.768110795454545e-05	1.0	0.0058532714843749995
bxt_gso__nrlmf	7.768110795454545e-05	7.768110795454545e-05	0.781951904296875	0.19639648437499999	7.768110795454545e-05	7.768110795454545e-05	0.0058532714843749995	1.0
