	brf_gmo	brf_gmo__nrlmf	brf_gso__nrlmf	brf_lmo	bxt_gmo	bxt_gmo__nrlmf	bxt_gmosa__nrlmf	bxt_gso__nrlmf
brf_gmo	1.0	0.00011393229166666667	0.13611348470052084	0.00026702880859375	0.010172526041666666	6.573016826923077e-05	0.003148129111842105	6.573016826923077e-05
brf_gmo__nrlmf	0.00011393229166666667	1.0	6.573016826923077e-05	6.573016826923077e-05	0.013982599431818182	0.015938136888586956	0.00011393229166666667	6.573016826923077e-05
brf_gso__nrlmf	0.13611348470052084	6.573016826923077e-05	1.0	0.860260009765625	0.00035184972426470593	6.573016826923077e-05	0.5687960111177884	0.25894531249999997
brf_lmo	0.00026702880859375	6.573016826923077e-05	0.860260009765625	1.0	6.573016826923077e-05	6.573016826923077e-05	0.8109130859375	0.0004747178819444444
bxt_gmo	0.010172526041666666	0.013982599431818182	0.00035184972426470593	6.573016826923077e-05	1.0	6.573016826923077e-05	6.573016826923077e-05	6.573016826923077e-05
bxt_gmo__nrlmf	6.573016826923077e-05	0.015938136888586956	6.573016826923077e-05	6.573016826923077e-05	6.573016826923077e-05	1.0	6.573016826923077e-05	6.573016826923077e-05
bxt_gmosa__nrlmf	0.003148129111842105	0.00011393229166666667	0.5687960111177884	0.8109130859375	6.573016826923077e-05	6.573016826923077e-05	1.0	0.00469970703125
bxt_gso__nrlmf	6.573016826923077e-05	6.573016826923077e-05	0.25894531249999997	0.0004747178819444444	6.573016826923077e-05	6.573016826923077e-05	0.00469970703125	1.0
