	brf_gmo	brf_gmo__nrlmf	brf_gso__nrlmf	brf_lmo	bxt_gmo	bxt_gmo__nrlmf	bxt_gmosa__nrlmf	bxt_gso__nrlmf
brf_gmo	1.0	0.2942657470703125	7.120768229166667e-05	7.120768229166667e-05	0.003957648026315789	0.0058532714843749995	0.3751878004807692	0.010172526041666666
brf_gmo__nrlmf	0.2942657470703125	1.0	7.120768229166667e-05	0.0001220703125	0.0001220703125	0.0015665690104166665	0.8109130859375	0.03177157315340909
brf_gso__nrlmf	7.120768229166667e-05	7.120768229166667e-05	1.0	0.0015665690104166665	7.120768229166667e-05	7.120768229166667e-05	7.120768229166667e-05	0.00133514404296875
brf_lmo	7.120768229166667e-05	0.0001220703125	0.0015665690104166665	1.0	7.120768229166667e-05	0.00017089843750000002	0.06167204483695653	0.899932861328125
bxt_gmo	0.003957648026315789	0.0001220703125	7.120768229166667e-05	7.120768229166667e-05	1.0	0.3612109375	7.120768229166667e-05	7.120768229166667e-05
bxt_gmo__nrlmf	0.0058532714843749995	0.0015665690104166665	7.120768229166667e-05	0.00017089843750000002	0.3612109375	1.0	7.120768229166667e-05	7.120768229166667e-05
bxt_gmosa__nrlmf	0.3751878004807692	0.8109130859375	7.120768229166667e-05	0.06167204483695653	7.120768229166667e-05	7.120768229166667e-05	1.0	7.120768229166667e-05
bxt_gso__nrlmf	0.010172526041666666	0.03177157315340909	0.00133514404296875	0.899932861328125	7.120768229166667e-05	7.120768229166667e-05	7.120768229166667e-05	1.0
