	brf_gmo	brf_gmo__nrlmf	brf_gmosa	brf_gmosa__nrlmf	brf_gso	brf_gso__nrlmf	brf_lmo	brf_lmo__nrlmf
brf_gmo	1.0	0.004755434782608696	0.0026041666666666665	0.0026041666666666665	0.007684311273747993	0.0026041666666666665	0.0026041666666666665	0.0026041666666666665
brf_gmo__nrlmf	0.004755434782608696	1.0	0.2398966717113301	0.0026041666666666665	0.0026041666666666665	0.009964172188420753	0.0026041666666666665	0.0026041666666666665
brf_gmosa	0.0026041666666666665	0.2398966717113301	1.0	0.0026041666666666665	0.0026041666666666665	0.012978849011928565	0.0026041666666666665	0.0026041666666666665
brf_gmosa__nrlmf	0.0026041666666666665	0.0026041666666666665	0.0026041666666666665	1.0	0.0026041666666666665	0.0026041666666666665	0.0026041666666666665	0.0026041666666666665
brf_gso	0.007684311273747993	0.0026041666666666665	0.0026041666666666665	0.0026041666666666665	1.0	0.0026041666666666665	0.004755434782608696	0.007698920115439512
brf_gso__nrlmf	0.0026041666666666665	0.009964172188420753	0.012978849011928565	0.0026041666666666665	0.0026041666666666665	1.0	0.0026041666666666665	0.0026041666666666665
brf_lmo	0.0026041666666666665	0.0026041666666666665	0.0026041666666666665	0.0026041666666666665	0.004755434782608696	0.0026041666666666665	1.0	0.0026041666666666665
brf_lmo__nrlmf	0.0026041666666666665	0.0026041666666666665	0.0026041666666666665	0.0026041666666666665	0.007698920115439512	0.0026041666666666665	0.0026041666666666665	1.0
