	brf_gmosa	brf_gso	brf_gso__nrlmf	brf_lmo	brf_lmo__nrlmf	brf_lso
brf_gmosa	1.0	0.001953125	0.001953125	0.001953125	0.001953125	0.001953125
brf_gso	0.001953125	1.0	0.001953125	0.001953125	0.001953125	0.001953125
brf_gso__nrlmf	0.001953125	0.001953125	1.0	0.001953125	0.001953125	0.001953125
brf_lmo	0.001953125	0.001953125	0.001953125	1.0	0.001953125	0.001953125
brf_lmo__nrlmf	0.001953125	0.001953125	0.001953125	0.001953125	1.0	0.001953125
brf_lso	0.001953125	0.001953125	0.001953125	0.001953125	0.001953125	1.0
