	brf_gmo	brf_gmo__nrlmf	brf_gmosa	brf_gmosa__nrlmf	brf_gso	brf_gso__nrlmf	brf_lmo	brf_lmo__nrlmf
brf_gmo	1.0	0.0024857954545454545	0.0024857954545454545	0.048828125	0.0024857954545454545	0.0024857954545454545	0.0024857954545454545	0.0024857954545454545
brf_gmo__nrlmf	0.0024857954545454545	1.0	0.0024857954545454545	0.0024857954545454545	0.0024857954545454545	0.0024857954545454545	0.0024857954545454545	0.0024857954545454545
brf_gmosa	0.0024857954545454545	0.0024857954545454545	1.0	0.0024857954545454545	0.0024857954545454545	0.0024857954545454545	0.0024857954545454545	0.0024857954545454545
brf_gmosa__nrlmf	0.048828125	0.0024857954545454545	0.0024857954545454545	1.0	0.004557291666666667	0.007363723843009896	0.007363723843009896	0.004557291666666667
brf_gso	0.0024857954545454545	0.0024857954545454545	0.0024857954545454545	0.004557291666666667	1.0	0.0024857954545454545	0.0024857954545454545	0.0024857954545454545
brf_gso__nrlmf	0.0024857954545454545	0.0024857954545454545	0.0024857954545454545	0.007363723843009896	0.0024857954545454545	1.0	0.0024857954545454545	0.00954777218478909
brf_lmo	0.0024857954545454545	0.0024857954545454545	0.0024857954545454545	0.007363723843009896	0.0024857954545454545	0.0024857954545454545	1.0	0.0024857954545454545
brf_lmo__nrlmf	0.0024857954545454545	0.0024857954545454545	0.0024857954545454545	0.004557291666666667	0.0024857954545454545	0.00954777218478909	0.0024857954545454545	1.0
