	brf_gmo	brf_gmo__nrlmf	brf_gmosa	brf_gmosa__nrlmf	brf_gso	brf_gso__nrlmf	brf_lmo	brf_lmo__nrlmf
brf_gmo	1.0	0.11358173076923077	0.0036458333333333334	0.017400568181818184	0.0036458333333333334	0.00962365014429939	0.03328804347826087	0.0036458333333333334
brf_gmo__nrlmf	0.11358173076923077	1.0	0.0036458333333333334	0.13570601851851852	0.0036458333333333334	0.006433823529411765	0.921875	0.00962365014429939
brf_gmosa	0.0036458333333333334	0.0036458333333333334	1.0	0.0036458333333333334	0.0940625	0.0036458333333333334	0.0036458333333333334	0.0036458333333333334
brf_gmosa__nrlmf	0.017400568181818184	0.13570601851851852	0.0036458333333333334	1.0	0.0036458333333333334	0.0036458333333333334	0.056966145833333336	0.00962365014429939
brf_gso	0.0036458333333333334	0.0036458333333333334	0.0940625	0.0036458333333333334	1.0	0.0036458333333333334	0.0036458333333333334	0.0036458333333333334
brf_gso__nrlmf	0.00962365014429939	0.006433823529411765	0.0036458333333333334	0.0036458333333333334	0.0036458333333333334	1.0	0.006433823529411765	0.017400568181818184
brf_lmo	0.03328804347826087	0.921875	0.0036458333333333334	0.056966145833333336	0.0036458333333333334	0.006433823529411765	1.0	0.0036458333333333334
brf_lmo__nrlmf	0.0036458333333333334	0.00962365014429939	0.0036458333333333334	0.00962365014429939	0.0036458333333333334	0.017400568181818184	0.0036458333333333334	1.0
