	brf_gmo	brf_gmo__nrlmf	brf_gmosa	brf_gmosa__nrlmf	brf_gso	brf_gso__nrlmf	brf_lmo	brf_lmo__nrlmf
brf_gmo	1.0	0.002734375	0.20823317307692307	0.7980324074074074	0.06730288252964245	0.002734375	0.008368391429825556	0.002734375
brf_gmo__nrlmf	0.002734375	1.0	0.002734375	0.002734375	0.002734375	0.002734375	0.002734375	0.002734375
brf_gmosa	0.20823317307692307	0.002734375	1.0	0.10347551940620535	0.002734375	0.002734375	0.002734375	0.002734375
brf_gmosa__nrlmf	0.7980324074074074	0.002734375	0.10347551940620535	1.0	0.005208333333333333	0.002734375	0.002734375	0.002734375
brf_gso	0.06730288252964245	0.002734375	0.002734375	0.005208333333333333	1.0	0.002734375	0.007457386363636364	0.002734375
brf_gso__nrlmf	0.002734375	0.002734375	0.002734375	0.002734375	0.002734375	1.0	0.002734375	0.9592477380355144
brf_lmo	0.008368391429825556	0.002734375	0.002734375	0.002734375	0.007457386363636364	0.002734375	1.0	0.002734375
brf_lmo__nrlmf	0.002734375	0.002734375	0.002734375	0.002734375	0.002734375	0.9592477380355144	0.002734375	1.0
