	brf_gmo	brf_gmo__nrlmf	brf_gmosa	brf_gmosa__nrlmf	brf_gso	brf_gso__nrlmf	brf_lmo	brf_lmo__nrlmf
brf_gmo	1.0	0.003038194444444444	0.003038194444444444	0.003038194444444444	0.003038194444444444	0.003038194444444444	0.003038194444444444	0.003038194444444444
brf_gmo__nrlmf	0.003038194444444444	1.0	0.003038194444444444	0.003038194444444444	0.003038194444444444	0.003038194444444444	0.003038194444444444	0.003038194444444444
brf_gmosa	0.003038194444444444	0.003038194444444444	1.0	0.861875	0.03480113636363637	1.0	0.009165381089808943	0.9927884615384615
brf_gmosa__nrlmf	0.003038194444444444	0.003038194444444444	0.861875	1.0	0.003038194444444444	1.0	0.003038194444444444	0.7608695652173914
brf_gso	0.003038194444444444	0.003038194444444444	0.03480113636363637	0.003038194444444444	1.0	0.003038194444444444	0.003038194444444444	0.009165381089808943
brf_gso__nrlmf	0.003038194444444444	0.003038194444444444	1.0	1.0	0.003038194444444444	1.0	0.003038194444444444	0.861875
brf_lmo	0.003038194444444444	0.003038194444444444	0.009165381089808943	0.003038194444444444	0.003038194444444444	0.003038194444444444	1.0	0.005756578947368421
brf_lmo__nrlmf	0.003038194444444444	0.003038194444444444	0.9927884615384615	0.7608695652173914	0.009165381089808943	0.861875	0.005756578947368421	1.0
