	brf_gmosa	brf_gso	brf_gso__nrlmf	brf_lmo	brf_lmo__nrlmf	brf_lso
brf_gmosa	1.0	0.002253605769230769	0.002253605769230769	0.002253605769230769	0.002253605769230769	0.002253605769230769
brf_gso	0.002253605769230769	1.0	0.002253605769230769	0.01953125	0.002253605769230769	0.002253605769230769
brf_gso__nrlmf	0.002253605769230769	0.002253605769230769	1.0	0.002253605769230769	0.013165002489877663	0.002253605769230769
brf_lmo	0.002253605769230769	0.01953125	0.002253605769230769	1.0	0.002253605769230769	0.002253605769230769
brf_lmo__nrlmf	0.002253605769230769	0.002253605769230769	0.013165002489877663	0.002253605769230769	1.0	0.002253605769230769
brf_lso	0.002253605769230769	0.002253605769230769	0.002253605769230769	0.002253605769230769	0.002253605769230769	1.0
