	brf_gmosa	brf_gso	brf_gso__nrlmf	brf_lmo	brf_lmo__nrlmf	brf_lso
brf_gmosa	1.0	0.011268028846153846	0.002663352272727273	0.002663352272727273	0.002663352272727273	0.41386148610694573
brf_gso	0.011268028846153846	1.0	0.002663352272727273	0.0048828125	0.002663352272727273	0.002663352272727273
brf_gso__nrlmf	0.002663352272727273	0.002663352272727273	1.0	0.002663352272727273	0.4445867389117455	0.002663352272727273
brf_lmo	0.002663352272727273	0.0048828125	0.002663352272727273	1.0	0.002663352272727273	0.002663352272727273
brf_lmo__nrlmf	0.002663352272727273	0.002663352272727273	0.4445867389117455	0.002663352272727273	1.0	0.002663352272727273
brf_lso	0.41386148610694573	0.002663352272727273	0.002663352272727273	0.002663352272727273	0.002663352272727273	1.0
