	brf_gmo	brf_gmo__nrlmf	brf_gmosa	brf_gmosa__nrlmf	brf_gso	brf_gso__nrlmf	brf_lmo	brf_lmo__nrlmf
brf_gmo	1.0	0.2578125	0.43227752877615816	0.3352581521739131	0.6192976786488689	0.0078125	0.02734375	0.10615808823529413
brf_gmo__nrlmf	0.2578125	1.0	0.6481481481481481	0.183203125	0.4180475445403603	0.0078125	0.03185717484746102	0.10615808823529413
brf_gmosa	0.43227752877615816	0.6481481481481481	1.0	0.033232712697588936	0.8383602338389031	0.0078125	0.0078125	0.02734375
brf_gmosa__nrlmf	0.3352581521739131	0.183203125	0.033232712697588936	1.0	0.183203125	0.0078125	0.0390625	0.3317224239805974
brf_gso	0.6192976786488689	0.4180475445403603	0.8383602338389031	0.183203125	1.0	0.0078125	0.0078125	0.0390625
brf_gso__nrlmf	0.0078125	0.0078125	0.0078125	0.0078125	0.0078125	1.0	0.09710179719676362	0.0241865043273518
brf_lmo	0.02734375	0.03185717484746102	0.0078125	0.0390625	0.0078125	0.09710179719676362	1.0	0.1306423611111111
brf_lmo__nrlmf	0.10615808823529413	0.10615808823529413	0.02734375	0.3317224239805974	0.0390625	0.0241865043273518	0.1306423611111111	1.0
