	brf_gmo	brf_gmo__nrlmf	brf_gmosa	brf_gmosa__nrlmf	brf_gso	brf_gso__nrlmf	brf_lmo	brf_lmo__nrlmf
brf_gmo	1.0	0.003038194444444444	0.003038194444444444	0.003038194444444444	0.012428977272727274	0.003038194444444444	0.003038194444444444	0.003038194444444444
brf_gmo__nrlmf	0.003038194444444444	1.0	0.003038194444444444	0.003038194444444444	0.003038194444444444	0.003038194444444444	0.003038194444444444	0.20982194924541656
brf_gmosa	0.003038194444444444	0.003038194444444444	1.0	0.14092548076923075	0.008203125	0.0739380020775309	0.003038194444444444	0.02377717391304348
brf_gmosa__nrlmf	0.003038194444444444	0.003038194444444444	0.14092548076923075	1.0	0.005756578947368421	0.003038194444444444	0.0739380020775309	0.003038194444444444
brf_gso	0.012428977272727274	0.003038194444444444	0.008203125	0.005756578947368421	1.0	0.003038194444444444	1.0	0.003038194444444444
brf_gso__nrlmf	0.003038194444444444	0.003038194444444444	0.0739380020775309	0.003038194444444444	0.003038194444444444	1.0	0.003038194444444444	0.012428977272727274
brf_lmo	0.003038194444444444	0.003038194444444444	0.003038194444444444	0.0739380020775309	1.0	0.003038194444444444	1.0	0.003038194444444444
brf_lmo__nrlmf	0.003038194444444444	0.20982194924541656	0.02377717391304348	0.003038194444444444	0.003038194444444444	0.012428977272727274	0.003038194444444444	1.0
