	brf_gmo	brf_gmo__nrlmf	brf_gmosa	brf_gmosa__nrlmf	brf_gso	brf_gso__nrlmf	brf_lmo	brf_lmo__nrlmf
brf_gmo	1.0	0.003038194444444444	0.0078125	0.008564790161980142	0.625	0.003038194444444444	0.0940625	0.003038194444444444
brf_gmo__nrlmf	0.003038194444444444	1.0	0.003038194444444444	0.003038194444444444	0.003038194444444444	0.003038194444444444	0.003038194444444444	0.01188858695652174
brf_gmosa	0.0078125	0.003038194444444444	1.0	0.005756578947368421	0.043294270833333336	0.003038194444444444	0.0078125	0.003038194444444444
brf_gmosa__nrlmf	0.008564790161980142	0.003038194444444444	0.005756578947368421	1.0	0.003038194444444444	0.003038194444444444	0.003038194444444444	0.003038194444444444
brf_gso	0.625	0.003038194444444444	0.043294270833333336	0.003038194444444444	1.0	0.003038194444444444	0.14092548076923075	0.003038194444444444
brf_gso__nrlmf	0.003038194444444444	0.003038194444444444	0.003038194444444444	0.003038194444444444	0.003038194444444444	1.0	0.003038194444444444	0.2410300925925926
brf_lmo	0.0940625	0.003038194444444444	0.0078125	0.003038194444444444	0.14092548076923075	0.003038194444444444	1.0	0.003038194444444444
brf_lmo__nrlmf	0.003038194444444444	0.01188858695652174	0.003038194444444444	0.003038194444444444	0.003038194444444444	0.2410300925925926	0.003038194444444444	1.0
