	brf_gmo	brf_gmo__nrlmf	brf_gmosa	brf_gmosa__nrlmf	brf_gso	brf_gso__nrlmf	brf_lmo	brf_lmo__nrlmf
brf_gmo	1.0	0.0024857954545454545	0.0024857954545454545	0.2086025781306949	0.041562499999999995	0.0024857954545454545	0.004755434782608696	0.0024857954545454545
brf_gmo__nrlmf	0.0024857954545454545	1.0	0.0024857954545454545	0.0024857954545454545	0.0024857954545454545	0.0024857954545454545	0.0024857954545454545	0.022786458333333336
brf_gmosa	0.0024857954545454545	0.0024857954545454545	1.0	0.0024857954545454545	0.0024857954545454545	0.0024857954545454545	0.0024857954545454545	0.0024857954545454545
brf_gmosa__nrlmf	0.2086025781306949	0.0024857954545454545	0.0024857954545454545	1.0	0.0024857954545454545	0.0024857954545454545	0.0024857954545454545	0.0024857954545454545
brf_gso	0.041562499999999995	0.0024857954545454545	0.0024857954545454545	0.0024857954545454545	1.0	0.0024857954545454545	0.05030359247623632	0.0024857954545454545
brf_gso__nrlmf	0.0024857954545454545	0.0024857954545454545	0.0024857954545454545	0.0024857954545454545	0.0024857954545454545	1.0	0.0024857954545454545	0.8379440413896384
brf_lmo	0.004755434782608696	0.0024857954545454545	0.0024857954545454545	0.0024857954545454545	0.05030359247623632	0.0024857954545454545	1.0	0.0024857954545454545
brf_lmo__nrlmf	0.0024857954545454545	0.022786458333333336	0.0024857954545454545	0.0024857954545454545	0.0024857954545454545	0.8379440413896384	0.0024857954545454545	1.0
