	brf_gmo	brf_gmo__nrlmf	brf_gmosa	brf_gmosa__nrlmf	brf_gso	brf_gso__nrlmf	brf_lmo	brf_lmo__nrlmf
brf_gmo	1.0	0.0120932521636759	0.004557291666666667	0.14656249999999998	0.004557291666666667	0.3888888888888889	0.020519292695710113	0.09798177083333334
brf_gmo__nrlmf	0.0120932521636759	1.0	0.004557291666666667	0.028984908564764	0.004557291666666667	0.09798177083333334	0.0078125	0.02734375
brf_gmosa	0.004557291666666667	0.004557291666666667	1.0	0.004557291666666667	0.0078125	0.004557291666666667	0.004557291666666667	0.004557291666666667
brf_gmosa__nrlmf	0.14656249999999998	0.028984908564764	0.004557291666666667	1.0	0.004557291666666667	0.02126736111111111	0.2965745192307692	0.921875
brf_gso	0.004557291666666667	0.004557291666666667	0.0078125	0.004557291666666667	1.0	0.004557291666666667	0.004557291666666667	0.004557291666666667
brf_gso__nrlmf	0.3888888888888889	0.09798177083333334	0.004557291666666667	0.02126736111111111	0.004557291666666667	1.0	0.0120932521636759	0.06214488636363637
brf_lmo	0.020519292695710113	0.0078125	0.004557291666666667	0.2965745192307692	0.004557291666666667	0.0120932521636759	1.0	0.02734375
brf_lmo__nrlmf	0.09798177083333334	0.02734375	0.004557291666666667	0.921875	0.004557291666666667	0.06214488636363637	0.02734375	1.0
