	brf_gmosa	brf_gso	brf_gso__nrlmf	brf_lmo	brf_lmo__nrlmf	brf_lso
brf_gmosa	1.0	0.9843858166197853	0.6217797794704407	0.00732421875	1.0	0.016276041666666668
brf_gso	0.9843858166197853	1.0	0.9843858166197853	0.00732421875	0.9843858166197853	0.01295705588965275
brf_gso__nrlmf	0.6217797794704407	0.9843858166197853	1.0	0.00732421875	0.9843858166197853	0.00732421875
brf_lmo	0.00732421875	0.00732421875	0.00732421875	1.0	0.01295705588965275	0.01295705588965275
brf_lmo__nrlmf	1.0	0.9843858166197853	0.9843858166197853	0.01295705588965275	1.0	0.01171875
brf_lso	0.016276041666666668	0.01295705588965275	0.00732421875	0.01295705588965275	0.01171875	1.0
