	brf_gmo	brf_gmo__nrlmf	brf_gmosa	brf_gmosa__nrlmf	brf_gso	brf_gso__nrlmf	brf_lmo	brf_lmo__nrlmf
brf_gmo	1.0	0.00546875	0.019140624999999998	0.00863486842105263	0.006433823529411765	0.00546875	0.22496081848147892	0.00546875
brf_gmo__nrlmf	0.00546875	1.0	0.00863486842105263	0.006433823529411765	0.006433823529411765	0.11273128430343136	0.00546875	0.3342013888888889
brf_gmosa	0.019140624999999998	0.00863486842105263	1.0	0.2965745192307692	0.123046875	0.006433823529411765	0.03480113636363637	0.006433823529411765
brf_gmosa__nrlmf	0.00863486842105263	0.006433823529411765	0.2965745192307692	1.0	0.375	0.00546875	0.006433823529411765	0.00546875
brf_gso	0.006433823529411765	0.006433823529411765	0.123046875	0.375	1.0	0.00546875	0.006433823529411765	0.00546875
brf_gso__nrlmf	0.00546875	0.11273128430343136	0.006433823529411765	0.00546875	0.00546875	1.0	0.00546875	0.03480113636363637
brf_lmo	0.22496081848147892	0.00546875	0.03480113636363637	0.006433823529411765	0.006433823529411765	0.00546875	1.0	0.00546875
brf_lmo__nrlmf	0.00546875	0.3342013888888889	0.006433823529411765	0.00546875	0.00546875	0.03480113636363637	0.00546875	1.0
