	brf_gmosa	brf_gso	brf_gso__nrlmf	brf_lmo	brf_lmo__nrlmf	brf_lso
brf_gmosa	1.0	0.0032552083333333335	0.0032552083333333335	0.007990056818181818	0.0032552083333333335	0.0032552083333333335
brf_gso	0.0032552083333333335	1.0	0.017961611804503657	0.0032552083333333335	0.022536057692307692	0.0032552083333333335
brf_gso__nrlmf	0.0032552083333333335	0.017961611804503657	1.0	0.0032552083333333335	0.921875	0.0032552083333333335
brf_lmo	0.007990056818181818	0.0032552083333333335	0.0032552083333333335	1.0	0.007990056818181818	0.06905691964285714
brf_lmo__nrlmf	0.0032552083333333335	0.022536057692307692	0.921875	0.007990056818181818	1.0	0.0032552083333333335
brf_lso	0.0032552083333333335	0.0032552083333333335	0.0032552083333333335	0.06905691964285714	0.0032552083333333335	1.0
