	brf_gmo	brf_gmo__nrlmf	brf_gmosa	brf_gmosa__nrlmf	brf_gso	brf_gso__nrlmf	brf_lmo	brf_lmo__nrlmf
brf_gmo	1.0	0.0028782894736842104	0.0028782894736842104	0.030625	0.0028782894736842104	0.02377717391304348	0.0028782894736842104	0.05651638414072709
brf_gmo__nrlmf	0.0028782894736842104	1.0	0.0028782894736842104	0.0028782894736842104	0.0028782894736842104	0.06684027777777778	0.0028782894736842104	0.012428977272727274
brf_gmosa	0.0028782894736842104	0.0028782894736842104	1.0	0.0028782894736842104	0.0028782894736842104	0.0028782894736842104	0.0028782894736842104	0.0028782894736842104
brf_gmosa__nrlmf	0.030625	0.0028782894736842104	0.0028782894736842104	1.0	0.0028782894736842104	0.012428977272727274	0.030625	0.0028782894736842104
brf_gso	0.0028782894736842104	0.0028782894736842104	0.0028782894736842104	0.0028782894736842104	1.0	0.0028782894736842104	0.00546875	0.0028782894736842104
brf_gso__nrlmf	0.02377717391304348	0.06684027777777778	0.0028782894736842104	0.012428977272727274	0.0028782894736842104	1.0	0.0028782894736842104	0.193359375
brf_lmo	0.0028782894736842104	0.0028782894736842104	0.0028782894736842104	0.030625	0.00546875	0.0028782894736842104	1.0	0.0028782894736842104
brf_lmo__nrlmf	0.05651638414072709	0.012428977272727274	0.0028782894736842104	0.0028782894736842104	0.0028782894736842104	0.193359375	0.0028782894736842104	1.0
