	brf_gmo	brf_gmo__nrlmf	brf_gmosa	brf_gmosa__nrlmf	brf_gso	brf_gso__nrlmf	brf_lmo	brf_lmo__nrlmf
brf_gmo	1.0	0.005756578947368421	0.00390625	0.022054133512974895	0.022054133512974895	0.00390625	0.012428977272727274	0.00390625
brf_gmo__nrlmf	0.005756578947368421	1.0	0.00390625	0.005756578947368421	0.0078125	0.14656249999999998	0.005756578947368421	0.4784670045999433
brf_gmosa	0.00390625	0.00390625	1.0	0.00390625	0.00390625	0.00390625	0.0078125	0.00390625
brf_gmosa__nrlmf	0.022054133512974895	0.005756578947368421	0.00390625	1.0	0.845703125	0.00390625	0.005756578947368421	0.00390625
brf_gso	0.022054133512974895	0.0078125	0.00390625	0.845703125	1.0	0.00390625	0.00390625	0.005756578947368421
brf_gso__nrlmf	0.00390625	0.14656249999999998	0.00390625	0.00390625	0.00390625	1.0	0.00390625	0.5104166666666666
brf_lmo	0.012428977272727274	0.005756578947368421	0.0078125	0.005756578947368421	0.00390625	0.00390625	1.0	0.00390625
brf_lmo__nrlmf	0.00390625	0.4784670045999433	0.00390625	0.00390625	0.005756578947368421	0.5104166666666666	0.00390625	1.0
