	brf_gmo	brf_gmo__nrlmf	brf_gmosa	brf_gmosa__nrlmf	brf_gso	brf_gso__nrlmf	brf_lmo	brf_lmo__nrlmf
brf_gmo	1.0	0.0032169117647058826	0.0032169117647058826	0.0078125	0.0032169117647058826	0.005756578947368421	0.0032169117647058826	0.09044471153846154
brf_gmo__nrlmf	0.0032169117647058826	1.0	0.0032169117647058826	0.0078125	0.0032169117647058826	0.005756578947368421	0.0032169117647058826	0.015166433731611821
brf_gmosa	0.0032169117647058826	0.0032169117647058826	1.0	0.0032169117647058826	0.07433342476980016	0.0032169117647058826	0.0032169117647058826	0.0032169117647058826
brf_gmosa__nrlmf	0.0078125	0.0078125	0.0032169117647058826	1.0	0.0032169117647058826	0.2618825947948257	0.1304451811070489	0.008795092482673381
brf_gso	0.0032169117647058826	0.0032169117647058826	0.07433342476980016	0.0032169117647058826	1.0	0.0032169117647058826	0.0032169117647058826	0.0032169117647058826
brf_gso__nrlmf	0.005756578947368421	0.005756578947368421	0.0032169117647058826	0.2618825947948257	0.0032169117647058826	1.0	0.0032169117647058826	0.056966145833333336
brf_lmo	0.0032169117647058826	0.0032169117647058826	0.0032169117647058826	0.1304451811070489	0.0032169117647058826	0.0032169117647058826	1.0	0.0032169117647058826
brf_lmo__nrlmf	0.09044471153846154	0.015166433731611821	0.0032169117647058826	0.008795092482673381	0.0032169117647058826	0.056966145833333336	0.0032169117647058826	1.0
