	brf_gmo	brf_gmosa	brf_gso	brf_lmo	brf_lso	brf_sgso_us
brf_gmo	1.0	5.7220458984375e-05	5.7220458984375e-05	5.7220458984375e-05	0.001373291015625	0.001514141376201923
brf_gmosa	5.7220458984375e-05	1.0	0.0005086263020833334	0.781951904296875	5.7220458984375e-05	5.7220458984375e-05
brf_gso	5.7220458984375e-05	0.0005086263020833334	1.0	0.0017983572823660715	0.001373291015625	5.7220458984375e-05
brf_lmo	5.7220458984375e-05	0.781951904296875	0.0017983572823660715	1.0	5.7220458984375e-05	5.7220458984375e-05
brf_lso	0.001373291015625	5.7220458984375e-05	0.001373291015625	5.7220458984375e-05	1.0	0.001514141376201923
brf_sgso_us	0.001514141376201923	5.7220458984375e-05	5.7220458984375e-05	5.7220458984375e-05	0.001514141376201923	1.0
