	brf_gmo	brf_gmosa	brf_gso	brf_lmo	brf_lso	brf_sgso_us
brf_gmo	1.0	6.539481026785714e-05	0.13072967529296875	6.539481026785714e-05	0.021140358664772728	0.22247314453125
brf_gmosa	6.539481026785714e-05	1.0	6.539481026785714e-05	6.539481026785714e-05	6.539481026785714e-05	6.539481026785714e-05
brf_gso	0.13072967529296875	6.539481026785714e-05	1.0	0.0002543131510416667	0.0002543131510416667	0.37327357700892855
brf_lmo	6.539481026785714e-05	6.539481026785714e-05	0.0002543131510416667	1.0	6.539481026785714e-05	0.668548583984375
brf_lso	0.021140358664772728	6.539481026785714e-05	0.0002543131510416667	6.539481026785714e-05	1.0	0.0062713623046875
brf_sgso_us	0.22247314453125	6.539481026785714e-05	0.37327357700892855	0.668548583984375	0.0062713623046875	1.0
