	brf_gmo	brf_gmosa	brf_gso	brf_lmo	brf_lso	brf_sgso_us
brf_gmo	1.0	5.0862630208333336e-05	5.0862630208333336e-05	5.0862630208333336e-05	5.0862630208333336e-05	5.0862630208333336e-05
brf_gmosa	5.0862630208333336e-05	1.0	0.001514141376201923	0.0004161487926136364	0.021392822265625	5.0862630208333336e-05
brf_gso	5.0862630208333336e-05	0.001514141376201923	1.0	0.001514141376201923	0.002877371651785714	5.0862630208333336e-05
brf_lmo	5.0862630208333336e-05	0.0004161487926136364	0.001514141376201923	1.0	9.1552734375e-05	5.0862630208333336e-05
brf_lso	5.0862630208333336e-05	0.021392822265625	0.002877371651785714	9.1552734375e-05	1.0	5.0862630208333336e-05
brf_sgso_us	5.0862630208333336e-05	5.0862630208333336e-05	5.0862630208333336e-05	5.0862630208333336e-05	5.0862630208333336e-05	1.0
