	brf_gmo	brf_gmosa	brf_gso	brf_lmo	brf_lso	brf_sgso_us
brf_gmo	1.0	0.2065822056361607	5.0862630208333336e-05	5.0862630208333336e-05	5.0862630208333336e-05	5.0862630208333336e-05
brf_gmosa	0.2065822056361607	1.0	0.0025177001953125	0.08528489332932691	5.0862630208333336e-05	5.0862630208333336e-05
brf_gso	5.0862630208333336e-05	0.0025177001953125	1.0	0.02674102783203125	0.4637451171875	5.0862630208333336e-05
brf_lmo	5.0862630208333336e-05	0.08528489332932691	0.02674102783203125	1.0	0.01498135653409091	5.0862630208333336e-05
brf_lso	5.0862630208333336e-05	5.0862630208333336e-05	0.4637451171875	0.01498135653409091	1.0	5.0862630208333336e-05
brf_sgso_us	5.0862630208333336e-05	5.0862630208333336e-05	5.0862630208333336e-05	5.0862630208333336e-05	5.0862630208333336e-05	1.0
