	brf_gmo	brf_gmosa	brf_gso	brf_lmo	brf_lso	brf_sgso_us
brf_gmo	1.0	4.57763671875e-05	4.57763671875e-05	4.57763671875e-05	4.57763671875e-05	4.57763671875e-05
brf_gmosa	4.57763671875e-05	1.0	4.57763671875e-05	4.57763671875e-05	4.57763671875e-05	0.00072479248046875
brf_gso	4.57763671875e-05	4.57763671875e-05	1.0	0.000582608309659091	4.57763671875e-05	0.668548583984375
brf_lmo	4.57763671875e-05	4.57763671875e-05	0.000582608309659091	1.0	4.57763671875e-05	0.432586669921875
brf_lso	4.57763671875e-05	4.57763671875e-05	4.57763671875e-05	4.57763671875e-05	1.0	0.3436748798076923
brf_sgso_us	4.57763671875e-05	0.00072479248046875	0.668548583984375	0.432586669921875	0.3436748798076923	1.0
