	brf_gmo	brf_gmosa	brf_gso	brf_lmo	brf_lso	brf_sgso_us
brf_gmo	1.0	3.814697265625e-05	0.02105712890625	0.18787928989955358	3.814697265625e-05	3.814697265625e-05
brf_gmosa	3.814697265625e-05	1.0	3.814697265625e-05	3.814697265625e-05	3.814697265625e-05	3.814697265625e-05
brf_gso	0.02105712890625	3.814697265625e-05	1.0	0.705718994140625	3.814697265625e-05	3.814697265625e-05
brf_lmo	0.18787928989955358	3.814697265625e-05	0.705718994140625	1.0	3.814697265625e-05	3.814697265625e-05
brf_lso	3.814697265625e-05	3.814697265625e-05	3.814697265625e-05	3.814697265625e-05	1.0	3.814697265625e-05
brf_sgso_us	3.814697265625e-05	3.814697265625e-05	3.814697265625e-05	3.814697265625e-05	3.814697265625e-05	1.0
