	brf_gmo	brf_gmosa	brf_gso	brf_lmo	brf_lso	brf_sgso_us
brf_gmo	1.0	5.0862630208333336e-05	5.0862630208333336e-05	5.0862630208333336e-05	5.0862630208333336e-05	5.0862630208333336e-05
brf_gmosa	5.0862630208333336e-05	1.0	5.0862630208333336e-05	0.08919852120535714	0.004824124849759615	5.0862630208333336e-05
brf_gso	5.0862630208333336e-05	5.0862630208333336e-05	1.0	5.0862630208333336e-05	0.0001248446377840909	0.231201171875
brf_lmo	5.0862630208333336e-05	0.08919852120535714	5.0862630208333336e-05	1.0	0.0041961669921875	5.0862630208333336e-05
brf_lso	5.0862630208333336e-05	0.004824124849759615	0.0001248446377840909	0.0041961669921875	1.0	9.1552734375e-05
brf_sgso_us	5.0862630208333336e-05	5.0862630208333336e-05	0.231201171875	5.0862630208333336e-05	9.1552734375e-05	1.0
