	brf_gmo	brf_gmosa	brf_gso	brf_lmo	brf_lso	brf_sgso_us
brf_gmo	1.0	9.1552734375e-05	5.7220458984375e-05	5.7220458984375e-05	5.7220458984375e-05	5.7220458984375e-05
brf_gmosa	9.1552734375e-05	1.0	9.1552734375e-05	0.5618896484375	0.00457763671875	5.7220458984375e-05
brf_gso	5.7220458984375e-05	9.1552734375e-05	1.0	0.01373291015625	0.18787928989955358	5.7220458984375e-05
brf_lmo	5.7220458984375e-05	0.5618896484375	0.01373291015625	1.0	0.16599214993990383	5.7220458984375e-05
brf_lso	5.7220458984375e-05	0.00457763671875	0.18787928989955358	0.16599214993990383	1.0	5.7220458984375e-05
brf_sgso_us	5.7220458984375e-05	5.7220458984375e-05	5.7220458984375e-05	5.7220458984375e-05	5.7220458984375e-05	1.0
