	brf_gmo	brf_gmosa	brf_gso	brf_lmo	brf_lso	brf_sgso_us
brf_gmo	1.0	5.0862630208333336e-05	5.0862630208333336e-05	5.0862630208333336e-05	5.0862630208333336e-05	5.0862630208333336e-05
brf_gmosa	5.0862630208333336e-05	1.0	0.899932861328125	0.0008803147536057692	0.00019073486328125	5.0862630208333336e-05
brf_gso	5.0862630208333336e-05	0.899932861328125	1.0	0.0001373291015625	0.00019073486328125	5.0862630208333336e-05
brf_lmo	5.0862630208333336e-05	0.0008803147536057692	0.0001373291015625	1.0	0.022920880998883928	5.0862630208333336e-05
brf_lso	5.0862630208333336e-05	0.00019073486328125	0.00019073486328125	0.022920880998883928	1.0	5.0862630208333336e-05
brf_sgso_us	5.0862630208333336e-05	5.0862630208333336e-05	5.0862630208333336e-05	5.0862630208333336e-05	5.0862630208333336e-05	1.0
