	brf_gmo	brf_gmosa	brf_gso	brf_lmo	brf_lso	brf_sgso_us
brf_gmo	1.0	4.161487926136364e-05	4.161487926136364e-05	4.161487926136364e-05	4.161487926136364e-05	0.93988037109375
brf_gmosa	4.161487926136364e-05	1.0	0.2065822056361607	4.161487926136364e-05	4.161487926136364e-05	4.161487926136364e-05
brf_gso	4.161487926136364e-05	0.2065822056361607	1.0	4.161487926136364e-05	7.62939453125e-05	4.161487926136364e-05
brf_lmo	4.161487926136364e-05	4.161487926136364e-05	4.161487926136364e-05	1.0	0.004824124849759615	4.161487926136364e-05
brf_lso	4.161487926136364e-05	4.161487926136364e-05	7.62939453125e-05	0.004824124849759615	1.0	4.161487926136364e-05
brf_sgso_us	0.93988037109375	4.161487926136364e-05	4.161487926136364e-05	4.161487926136364e-05	4.161487926136364e-05	1.0
