	brf_gmo	brf_gmosa	brf_gso	brf_lmo	brf_lso	brf_sgso_us
brf_gmo	1.0	4.161487926136364e-05	4.161487926136364e-05	4.161487926136364e-05	4.161487926136364e-05	4.161487926136364e-05
brf_gmosa	4.161487926136364e-05	1.0	0.0006212506975446429	0.0003814697265625	0.0004929762620192308	4.161487926136364e-05
brf_gso	4.161487926136364e-05	0.0006212506975446429	1.0	4.161487926136364e-05	0.274444580078125	4.161487926136364e-05
brf_lmo	4.161487926136364e-05	0.0003814697265625	4.161487926136364e-05	1.0	4.161487926136364e-05	4.161487926136364e-05
brf_lso	4.161487926136364e-05	0.0004929762620192308	0.274444580078125	4.161487926136364e-05	1.0	4.161487926136364e-05
brf_sgso_us	4.161487926136364e-05	4.161487926136364e-05	4.161487926136364e-05	4.161487926136364e-05	4.161487926136364e-05	1.0
