	brf_gmo	brf_gmosa	brf_gso	brf_lmo	brf_lso	brf_sgso_us
brf_gmo	1.0	5.0862630208333336e-05	0.2978515625	0.29404776436941965	0.0026702880859375	5.0862630208333336e-05
brf_gmosa	5.0862630208333336e-05	1.0	5.0862630208333336e-05	5.0862630208333336e-05	5.0862630208333336e-05	5.0862630208333336e-05
brf_gso	0.2978515625	5.0862630208333336e-05	1.0	0.2667705829326923	0.001373291015625	5.0862630208333336e-05
brf_lmo	0.29404776436941965	5.0862630208333336e-05	0.2667705829326923	1.0	0.0002288818359375	5.0862630208333336e-05
brf_lso	0.0026702880859375	5.0862630208333336e-05	0.001373291015625	0.0002288818359375	1.0	5.0862630208333336e-05
brf_sgso_us	5.0862630208333336e-05	5.0862630208333336e-05	5.0862630208333336e-05	5.0862630208333336e-05	5.0862630208333336e-05	1.0
