	brf_gmo	brf_gmosa	brf_gso	brf_lmo	brf_lso	brf_sgso_us
brf_gmo	1.0	5.0862630208333336e-05	0.05112868088942307	0.24771554129464285	0.00164031982421875	5.0862630208333336e-05
brf_gmosa	5.0862630208333336e-05	1.0	5.0862630208333336e-05	5.0862630208333336e-05	5.0862630208333336e-05	5.0862630208333336e-05
brf_gso	0.05112868088942307	5.0862630208333336e-05	1.0	0.40374755859375	0.0007906827059659091	5.0862630208333336e-05
brf_lmo	0.24771554129464285	5.0862630208333336e-05	0.40374755859375	1.0	9.1552734375e-05	5.0862630208333336e-05
brf_lso	0.00164031982421875	5.0862630208333336e-05	0.0007906827059659091	9.1552734375e-05	1.0	5.0862630208333336e-05
brf_sgso_us	5.0862630208333336e-05	5.0862630208333336e-05	5.0862630208333336e-05	5.0862630208333336e-05	5.0862630208333336e-05	1.0
