	brf_gmo	brf_gmosa	brf_gso	brf_lmo	brf_lso	brf_sgso_us
brf_gmo	1.0	0.000152587890625	0.019378662109375	0.019378662109375	0.0002288818359375	0.015309651692708334
brf_gmosa	0.000152587890625	1.0	0.009670257568359375	0.04457913912259615	0.7163020542689732	0.0002288818359375
brf_gso	0.019378662109375	0.009670257568359375	1.0	0.979949951171875	0.0002288818359375	0.0003269740513392857
brf_lmo	0.019378662109375	0.04457913912259615	0.979949951171875	1.0	0.019378662109375	0.000152587890625
brf_lso	0.0002288818359375	0.7163020542689732	0.0002288818359375	0.019378662109375	1.0	0.000152587890625
brf_sgso_us	0.015309651692708334	0.0002288818359375	0.0003269740513392857	0.000152587890625	0.000152587890625	1.0
