	brf_gmo	brf_gmosa	brf_gso	brf_lmo	brf_lso	brf_sgso_us
brf_gmo	1.0	5.0862630208333336e-05	0.2065822056361607	0.10782095102163461	0.0228118896484375	5.0862630208333336e-05
brf_gmosa	5.0862630208333336e-05	1.0	5.0862630208333336e-05	5.0862630208333336e-05	5.0862630208333336e-05	5.0862630208333336e-05
brf_gso	0.2065822056361607	5.0862630208333336e-05	1.0	0.40374755859375	0.00457763671875	5.0862630208333336e-05
brf_lmo	0.10782095102163461	5.0862630208333336e-05	0.40374755859375	1.0	0.003204345703125	5.0862630208333336e-05
brf_lso	0.0228118896484375	5.0862630208333336e-05	0.00457763671875	0.003204345703125	1.0	5.0862630208333336e-05
brf_sgso_us	5.0862630208333336e-05	5.0862630208333336e-05	5.0862630208333336e-05	5.0862630208333336e-05	5.0862630208333336e-05	1.0
