	brf_gmo	brf_gmosa	brf_gso	brf_lmo	brf_lso	brf_sgso_us
brf_gmo	1.0	0.00013078962053571428	0.00013078962053571428	0.781951904296875	0.02674102783203125	9.1552734375e-05
brf_gmosa	0.00013078962053571428	1.0	0.06655179537259615	0.0012715657552083335	0.024885697798295456	9.1552734375e-05
brf_gso	0.00013078962053571428	0.06655179537259615	1.0	0.0015106201171875	0.27024405343191965	9.1552734375e-05
brf_lmo	0.781951904296875	0.0012715657552083335	0.0015106201171875	1.0	0.0012715657552083335	9.1552734375e-05
brf_lso	0.02674102783203125	0.024885697798295456	0.27024405343191965	0.0012715657552083335	1.0	9.1552734375e-05
brf_sgso_us	9.1552734375e-05	9.1552734375e-05	9.1552734375e-05	9.1552734375e-05	9.1552734375e-05	1.0
