	brf_gmo	brf_gmosa	brf_gso	brf_lmo	brf_lso	brf_sgso_us
brf_gmo	1.0	0.0017894398082386365	0.860260009765625	0.6773267473493303	0.4998427170973557	5.7220458984375e-05
brf_gmosa	0.0017894398082386365	1.0	5.7220458984375e-05	5.7220458984375e-05	5.7220458984375e-05	5.7220458984375e-05
brf_gso	0.860260009765625	5.7220458984375e-05	1.0	0.0078582763671875	0.0008697509765625	5.7220458984375e-05
brf_lmo	0.6773267473493303	5.7220458984375e-05	0.0078582763671875	1.0	0.0007120768229166667	5.7220458984375e-05
brf_lso	0.4998427170973557	5.7220458984375e-05	0.0008697509765625	0.0007120768229166667	1.0	5.7220458984375e-05
brf_sgso_us	5.7220458984375e-05	5.7220458984375e-05	5.7220458984375e-05	5.7220458984375e-05	5.7220458984375e-05	1.0
