	brf_gmo	brf_gmosa	brf_gso	brf_lmo	brf_lso	brf_sgso_us
brf_gmo	1.0	0.8378056117466518	0.06439208984375	0.5414962768554688	0.979949951171875	9.1552734375e-05
brf_gmosa	0.8378056117466518	1.0	0.003596714564732143	0.4837646484375	0.8378056117466518	9.1552734375e-05
brf_gso	0.06439208984375	0.003596714564732143	1.0	0.001068115234375	0.0290679931640625	9.1552734375e-05
brf_lmo	0.5414962768554688	0.4837646484375	0.001068115234375	1.0	0.5119878595525569	9.1552734375e-05
brf_lso	0.979949951171875	0.8378056117466518	0.0290679931640625	0.5119878595525569	1.0	9.1552734375e-05
brf_sgso_us	9.1552734375e-05	9.1552734375e-05	9.1552734375e-05	9.1552734375e-05	9.1552734375e-05	1.0
