	bxt_gmo__precomputed	bxt_gmo__softmax	bxt_gmo__square	bxt_gmo__uniform	bxt_gmo_full	bxt_gmosa
bxt_gmo__precomputed	1.0	0.003662109375	0.003662109375	0.003662109375	0.083984375	0.003662109375
bxt_gmo__softmax	0.003662109375	1.0	0.013286877629017563	0.008547179460636486	0.008547179460636486	0.003662109375
bxt_gmo__square	0.003662109375	0.013286877629017563	1.0	0.010675898773307949	0.008547179460636486	0.003662109375
bxt_gmo__uniform	0.003662109375	0.008547179460636486	0.010675898773307949	1.0	0.008547179460636486	0.003662109375
bxt_gmo_full	0.083984375	0.008547179460636486	0.008547179460636486	0.008547179460636486	1.0	0.003662109375
bxt_gmosa	0.003662109375	0.003662109375	0.003662109375	0.003662109375	0.003662109375	1.0
