	bxt_gmo__precomputed	bxt_gmo__softmax	bxt_gmo__square	bxt_gmo__uniform	bxt_gmo_full	bxt_gmosa
bxt_gmo__precomputed	1.0	0.0020926339285714285	0.0020926339285714285	0.0020926339285714285	0.0020926339285714285	0.0020926339285714285
bxt_gmo__softmax	0.0020926339285714285	1.0	0.0020926339285714285	0.0020926339285714285	0.0020926339285714285	0.0020926339285714285
bxt_gmo__square	0.0020926339285714285	0.0020926339285714285	1.0	0.021482656547255445	0.0020926339285714285	0.0020926339285714285
bxt_gmo__uniform	0.0020926339285714285	0.0020926339285714285	0.021482656547255445	1.0	0.0020926339285714285	0.0020926339285714285
bxt_gmo_full	0.0020926339285714285	0.0020926339285714285	0.0020926339285714285	0.0020926339285714285	1.0	0.0020926339285714285
bxt_gmosa	0.0020926339285714285	0.0020926339285714285	0.0020926339285714285	0.0020926339285714285	0.0020926339285714285	1.0
