	bxt_gmo__precomputed	bxt_gmo__softmax	bxt_gmo__square	bxt_gmo__uniform	bxt_gmo_full	bxt_gmosa
bxt_gmo__precomputed	1.0	0.002253605769230769	0.002253605769230769	0.002253605769230769	0.002253605769230769	0.002253605769230769
bxt_gmo__softmax	0.002253605769230769	1.0	0.002253605769230769	0.002253605769230769	0.002253605769230769	0.002253605769230769
bxt_gmo__square	0.002253605769230769	0.002253605769230769	1.0	0.002253605769230769	0.002253605769230769	0.020926339285714284
bxt_gmo__uniform	0.002253605769230769	0.002253605769230769	0.002253605769230769	1.0	0.002253605769230769	0.08233090735989115
bxt_gmo_full	0.002253605769230769	0.002253605769230769	0.002253605769230769	0.002253605769230769	1.0	0.002253605769230769
bxt_gmosa	0.002253605769230769	0.002253605769230769	0.020926339285714284	0.08233090735989115	0.002253605769230769	1.0
