	bxt_gmo__precomputed	bxt_gmo__softmax	bxt_gmo__square	bxt_gmo__uniform	bxt_gmo_full	bxt_gmosa
bxt_gmo__precomputed	1.0	0.002663352272727273	0.002663352272727273	0.002663352272727273	0.002663352272727273	0.039760044642857144
bxt_gmo__softmax	0.002663352272727273	1.0	0.002663352272727273	0.002663352272727273	0.002663352272727273	0.7974385496751111
bxt_gmo__square	0.002663352272727273	0.002663352272727273	1.0	0.011268028846153846	0.002663352272727273	0.0048828125
bxt_gmo__uniform	0.002663352272727273	0.002663352272727273	0.011268028846153846	1.0	0.002663352272727273	0.002663352272727273
bxt_gmo_full	0.002663352272727273	0.002663352272727273	0.002663352272727273	0.002663352272727273	1.0	0.002663352272727273
bxt_gmosa	0.039760044642857144	0.7974385496751111	0.0048828125	0.002663352272727273	0.002663352272727273	1.0
