	bxt_gmo__precomputed	bxt_gmo__softmax	bxt_gmo__square	bxt_gmo__uniform	bxt_gmo_full	bxt_gmosa
bxt_gmo__precomputed	1.0	0.002663352272727273	0.002663352272727273	0.002663352272727273	0.002663352272727273	0.4921875
bxt_gmo__softmax	0.002663352272727273	1.0	0.002663352272727273	0.002663352272727273	0.002663352272727273	0.007404031936944428
bxt_gmo__square	0.002663352272727273	0.002663352272727273	1.0	0.002663352272727273	0.002663352272727273	0.00732421875
bxt_gmo__uniform	0.002663352272727273	0.002663352272727273	0.002663352272727273	1.0	0.002663352272727273	0.007404031936944428
bxt_gmo_full	0.002663352272727273	0.002663352272727273	0.002663352272727273	0.002663352272727273	1.0	0.002663352272727273
bxt_gmosa	0.4921875	0.007404031936944428	0.00732421875	0.007404031936944428	0.002663352272727273	1.0
