	bxt_gmo__precomputed	bxt_gmo__softmax	bxt_gmo__square	bxt_gmo__uniform	bxt_gmo_full	bxt_gmosa
bxt_gmo__precomputed	1.0	0.004185267857142857	0.004185267857142857	0.011275774302421677	0.050603693181818184	0.0146484375
bxt_gmo__softmax	0.004185267857142857	1.0	0.004185267857142857	0.004185267857142857	0.010986328125	0.15099158653846154
bxt_gmo__square	0.004185267857142857	0.004185267857142857	1.0	0.051039007096297	0.6464622026641696	0.004185267857142857
bxt_gmo__uniform	0.011275774302421677	0.004185267857142857	0.051039007096297	1.0	0.6464622026641696	0.004185267857142857
bxt_gmo_full	0.050603693181818184	0.010986328125	0.6464622026641696	0.6464622026641696	1.0	0.004185267857142857
bxt_gmosa	0.0146484375	0.15099158653846154	0.004185267857142857	0.004185267857142857	0.004185267857142857	1.0
