	bxt_gmo__precomputed	bxt_gmo__softmax	bxt_gmo__square	bxt_gmo__uniform	bxt_gmo_full	bxt_gmosa
bxt_gmo__precomputed	1.0	0.00244140625	0.00244140625	0.050199947987300514	0.00244140625	0.00244140625
bxt_gmo__softmax	0.00244140625	1.0	0.00244140625	0.00244140625	0.00244140625	0.00244140625
bxt_gmo__square	0.00244140625	0.00244140625	1.0	0.130859375	0.00244140625	0.00244140625
bxt_gmo__uniform	0.050199947987300514	0.00244140625	0.130859375	1.0	0.00244140625	0.00244140625
bxt_gmo_full	0.00244140625	0.00244140625	0.00244140625	0.00244140625	1.0	0.010728719086497819
bxt_gmosa	0.00244140625	0.00244140625	0.00244140625	0.00244140625	0.010728719086497819	1.0
