	bxt_gmo__precomputed	bxt_gmo__softmax	bxt_gmo__square	bxt_gmo__uniform	bxt_gmo_full	bxt_gmosa
bxt_gmo__precomputed	1.0	0.00244140625	0.00244140625	0.00244140625	0.00244140625	0.00244140625
bxt_gmo__softmax	0.00244140625	1.0	0.01953125	0.00780630528629193	0.00244140625	0.00244140625
bxt_gmo__square	0.00244140625	0.01953125	1.0	0.00244140625	0.00244140625	0.00244140625
bxt_gmo__uniform	0.00244140625	0.00780630528629193	0.00244140625	1.0	0.00244140625	0.00244140625
bxt_gmo_full	0.00244140625	0.00244140625	0.00244140625	0.00244140625	1.0	0.010463169642857142
bxt_gmosa	0.00244140625	0.00244140625	0.00244140625	0.00244140625	0.010463169642857142	1.0
