	bxt_gmo__precomputed	bxt_gmo__softmax	bxt_gmo__square	bxt_gmo__uniform	bxt_gmo_full	bxt_gmosa
bxt_gmo__precomputed	1.0	0.002253605769230769	0.002253605769230769	0.004185267857142857	0.002253605769230769	0.002253605769230769
bxt_gmo__softmax	0.002253605769230769	1.0	0.002253605769230769	0.002253605769230769	0.002253605769230769	0.002253605769230769
bxt_gmo__square	0.002253605769230769	0.002253605769230769	1.0	0.4439943760230095	0.002253605769230769	0.002253605769230769
bxt_gmo__uniform	0.004185267857142857	0.002253605769230769	0.4439943760230095	1.0	0.002253605769230769	0.002253605769230769
bxt_gmo_full	0.002253605769230769	0.002253605769230769	0.002253605769230769	0.002253605769230769	1.0	0.002253605769230769
bxt_gmosa	0.002253605769230769	0.002253605769230769	0.002253605769230769	0.002253605769230769	0.002253605769230769	1.0
