	bxt_gmo__precomputed	bxt_gmo__softmax	bxt_gmo__square	bxt_gmo__uniform	bxt_gmo_full	bxt_gmosa
bxt_gmo__precomputed	1.0	0.00244140625	0.00244140625	0.00244140625	0.00244140625	0.00244140625
bxt_gmo__softmax	0.00244140625	1.0	0.00244140625	0.00244140625	0.00244140625	0.00244140625
bxt_gmo__square	0.00244140625	0.00244140625	1.0	0.625	0.00244140625	0.006760817307692307
bxt_gmo__uniform	0.00244140625	0.00244140625	0.625	1.0	0.00244140625	0.010463169642857142
bxt_gmo_full	0.00244140625	0.00244140625	0.00244140625	0.00244140625	1.0	0.00244140625
bxt_gmosa	0.00244140625	0.00244140625	0.006760817307692307	0.010463169642857142	0.00244140625	1.0
