	bxt_gmo__precomputed	bxt_gmo__softmax	bxt_gmo__square	bxt_gmo__uniform	bxt_gmo_full	bxt_gmosa
bxt_gmo__precomputed	1.0	0.005859375	0.016276041666666668	0.005859375	0.5438832260459183	0.03875026932935966
bxt_gmo__softmax	0.005859375	1.0	0.005859375	0.016276041666666668	0.5438832260459183	0.625
bxt_gmo__square	0.016276041666666668	0.005859375	1.0	0.005859375	0.029296875	0.005859375
bxt_gmo__uniform	0.005859375	0.016276041666666668	0.005859375	1.0	0.016276041666666668	0.016276041666666668
bxt_gmo_full	0.5438832260459183	0.5438832260459183	0.029296875	0.016276041666666668	1.0	0.06103515625
bxt_gmosa	0.03875026932935966	0.625	0.005859375	0.016276041666666668	0.06103515625	1.0
