	bxt_gmo__precomputed	bxt_gmo__softmax	bxt_gmo__square	bxt_gmo__uniform	bxt_gmo_full	bxt_gmosa
bxt_gmo__precomputed	1.0	0.020756097629653417	0.004185267857142857	0.004185267857142857	0.013316761363636364	0.0087890625
bxt_gmo__softmax	0.020756097629653417	1.0	0.004185267857142857	0.004185267857142857	0.006510416666666667	0.006510416666666667
bxt_gmo__square	0.004185267857142857	0.004185267857142857	1.0	0.004185267857142857	0.5964006696428571	0.3718449519230769
bxt_gmo__uniform	0.004185267857142857	0.004185267857142857	0.004185267857142857	1.0	0.004185267857142857	0.004185267857142857
bxt_gmo_full	0.013316761363636364	0.006510416666666667	0.5964006696428571	0.004185267857142857	1.0	0.76953125
bxt_gmosa	0.0087890625	0.006510416666666667	0.3718449519230769	0.004185267857142857	0.76953125	1.0
