	bxt_gmo__precomputed	bxt_gmo__softmax	bxt_gmo__square	bxt_gmo__uniform	bxt_gmo_full	bxt_gmosa
bxt_gmo__precomputed	1.0	0.06905691964285714	0.0032552083333333335	0.0032552083333333335	0.005326704545454546	0.0032552083333333335
bxt_gmo__softmax	0.06905691964285714	1.0	0.0032552083333333335	0.008592544771695883	0.005326704545454546	0.0032552083333333335
bxt_gmo__square	0.0032552083333333335	0.0032552083333333335	1.0	0.0032552083333333335	0.0032552083333333335	0.0032552083333333335
bxt_gmo__uniform	0.0032552083333333335	0.008592544771695883	0.0032552083333333335	1.0	0.011268028846153846	0.0032552083333333335
bxt_gmo_full	0.005326704545454546	0.005326704545454546	0.0032552083333333335	0.011268028846153846	1.0	0.275390625
bxt_gmosa	0.0032552083333333335	0.0032552083333333335	0.0032552083333333335	0.0032552083333333335	0.275390625	1.0
