	brf_gmo	brf_gmosa	brf_gso	brf_lmo	brf_lso	brf_sgso_us
brf_gmo	1.0	0.000152587890625	0.0007120768229166667	0.0007120768229166667	0.000457763671875	9.1552734375e-05
brf_gmosa	0.000152587890625	1.0	0.00335693359375	0.00335693359375	0.00335693359375	9.1552734375e-05
brf_gso	0.0007120768229166667	0.00335693359375	1.0	0.979949951171875	0.010598989633413462	9.1552734375e-05
brf_lmo	0.0007120768229166667	0.00335693359375	0.979949951171875	1.0	0.014027186802455356	9.1552734375e-05
brf_lso	0.000457763671875	0.00335693359375	0.010598989633413462	0.014027186802455356	1.0	9.1552734375e-05
brf_sgso_us	9.1552734375e-05	9.1552734375e-05	9.1552734375e-05	9.1552734375e-05	9.1552734375e-05	1.0
