	brf_gmo	brf_gmosa	brf_gso	brf_lmo	brf_lso	brf_sgso_us
brf_gmo	1.0	5.7220458984375e-05	5.7220458984375e-05	0.0007120768229166667	5.7220458984375e-05	5.7220458984375e-05
brf_gmosa	5.7220458984375e-05	1.0	0.00457763671875	0.0015106201171875	0.01373291015625	5.7220458984375e-05
brf_gso	5.7220458984375e-05	0.00457763671875	1.0	0.274444580078125	0.11205400739397321	5.7220458984375e-05
brf_lmo	0.0007120768229166667	0.0015106201171875	0.274444580078125	1.0	0.024684025691105768	5.7220458984375e-05
brf_lso	5.7220458984375e-05	0.01373291015625	0.11205400739397321	0.024684025691105768	1.0	5.7220458984375e-05
brf_sgso_us	5.7220458984375e-05	5.7220458984375e-05	5.7220458984375e-05	5.7220458984375e-05	5.7220458984375e-05	1.0
