	brf_gmo	brf_gmosa	brf_gso	brf_lmo	brf_lso	brf_sgso_us
brf_gmo	1.0	4.161487926136364e-05	4.161487926136364e-05	0.00011444091796875	4.161487926136364e-05	4.161487926136364e-05
brf_gmosa	4.161487926136364e-05	1.0	4.161487926136364e-05	4.161487926136364e-05	4.161487926136364e-05	4.161487926136364e-05
brf_gso	4.161487926136364e-05	4.161487926136364e-05	1.0	0.252227783203125	0.0008174351283482143	4.161487926136364e-05
brf_lmo	0.00011444091796875	4.161487926136364e-05	0.252227783203125	1.0	0.0004929762620192308	4.161487926136364e-05
brf_lso	4.161487926136364e-05	4.161487926136364e-05	0.0008174351283482143	0.0004929762620192308	1.0	4.161487926136364e-05
brf_sgso_us	4.161487926136364e-05	4.161487926136364e-05	4.161487926136364e-05	4.161487926136364e-05	4.161487926136364e-05	1.0
