	brf_gmo	brf_gmosa	brf_gso	brf_lmo	brf_lso	brf_sgso_us
brf_gmo	1.0	0.6020246233258928	0.0003814697265625	0.013471330915178572	0.1945953369140625	9.1552734375e-05
brf_gmosa	0.6020246233258928	1.0	0.017223358154296875	0.22247314453125	0.781951904296875	9.1552734375e-05
brf_gso	0.0003814697265625	0.017223358154296875	1.0	0.22247314453125	0.021820068359375	9.1552734375e-05
brf_lmo	0.013471330915178572	0.22247314453125	0.22247314453125	1.0	0.22247314453125	9.1552734375e-05
brf_lso	0.1945953369140625	0.781951904296875	0.021820068359375	0.22247314453125	1.0	9.1552734375e-05
brf_sgso_us	9.1552734375e-05	9.1552734375e-05	9.1552734375e-05	9.1552734375e-05	9.1552734375e-05	1.0
