	bxt_gmo	bxt_gmosa	bxt_gso	bxt_gso_1k	bxt_gso__nrlmf	bxt_lmo	bxt_lmo__nrlmf	bxt_lso
bxt_gmo	1.0	0.003987630208333333	0.7199753981370192	9.494357638888888e-05	0.04058837890625	0.02689401726973684	0.7711000795717593	9.494357638888888e-05
bxt_gmosa	0.003987630208333333	1.0	0.0009969075520833335	9.494357638888888e-05	0.20457967122395834	0.00902557373046875	0.14203146229619565	9.494357638888888e-05
bxt_gso	0.7199753981370192	0.0009969075520833335	1.0	9.494357638888888e-05	0.11892977627840909	0.05908203125	0.781951904296875	9.494357638888888e-05
bxt_gso_1k	9.494357638888888e-05	9.494357638888888e-05	9.494357638888888e-05	1.0	9.494357638888888e-05	0.0012488731971153845	0.01035443474264706	9.494357638888888e-05
bxt_gso__nrlmf	0.04058837890625	0.20457967122395834	0.11892977627840909	9.494357638888888e-05	1.0	0.014289008246527776	0.3073779296875	9.494357638888888e-05
bxt_lmo	0.02689401726973684	0.00902557373046875	0.05908203125	0.0012488731971153845	0.014289008246527776	1.0	0.00262451171875	0.0007768110795454546
bxt_lmo__nrlmf	0.7711000795717593	0.14203146229619565	0.781951904296875	0.01035443474264706	0.3073779296875	0.00262451171875	1.0	0.00042724609375
bxt_lso	9.494357638888888e-05	9.494357638888888e-05	9.494357638888888e-05	9.494357638888888e-05	9.494357638888888e-05	0.0007768110795454546	0.00042724609375	1.0
