	bxt_gmo	bxt_gmosa	bxt_gso	bxt_gso_1k	bxt_gso__nrlmf	bxt_lmo	bxt_lmo__nrlmf	bxt_lso
bxt_gmo	1.0	9.494357638888888e-05	0.322509765625	0.027958984375	5.0264246323529416e-05	0.15492600661057693	5.0264246323529416e-05	0.00013491981907894735
bxt_gmosa	9.494357638888888e-05	1.0	5.0264246323529416e-05	5.0264246323529416e-05	5.0264246323529416e-05	5.0264246323529416e-05	5.0264246323529416e-05	0.0032693614130434785
bxt_gso	0.322509765625	5.0264246323529416e-05	1.0	0.0002848307291666667	5.0264246323529416e-05	0.2615695529513889	5.0264246323529416e-05	5.0264246323529416e-05
bxt_gso_1k	0.027958984375	5.0264246323529416e-05	0.0002848307291666667	1.0	5.0264246323529416e-05	0.006017049153645834	5.0264246323529416e-05	5.0264246323529416e-05
bxt_gso__nrlmf	5.0264246323529416e-05	5.0264246323529416e-05	5.0264246323529416e-05	5.0264246323529416e-05	1.0	0.000213623046875	0.0016701438210227273	5.0264246323529416e-05
bxt_lmo	0.15492600661057693	5.0264246323529416e-05	0.2615695529513889	0.006017049153645834	0.000213623046875	1.0	5.0264246323529416e-05	5.0264246323529416e-05
bxt_lmo__nrlmf	5.0264246323529416e-05	5.0264246323529416e-05	5.0264246323529416e-05	5.0264246323529416e-05	0.0016701438210227273	5.0264246323529416e-05	1.0	5.0264246323529416e-05
bxt_lso	0.00013491981907894735	0.0032693614130434785	5.0264246323529416e-05	5.0264246323529416e-05	5.0264246323529416e-05	5.0264246323529416e-05	5.0264246323529416e-05	1.0
