	bxt_gmo	bxt_gmosa	bxt_gso	bxt_gso_1k	bxt_gso__nrlmf	bxt_lmo	bxt_lmo__nrlmf	bxt_lso
bxt_gmo	1.0	7.768110795454545e-05	7.768110795454545e-05	7.768110795454545e-05	0.00013146033653846153	0.0007476806640625	0.0002848307291666667	7.768110795454545e-05
bxt_gmosa	7.768110795454545e-05	1.0	0.09407182173295454	7.768110795454545e-05	7.768110795454545e-05	0.23976417824074073	0.042724609375	7.768110795454545e-05
bxt_gso	7.768110795454545e-05	0.09407182173295454	1.0	0.00013146033653846153	7.768110795454545e-05	0.18556722005208334	0.348388671875	7.768110795454545e-05
bxt_gso_1k	7.768110795454545e-05	7.768110795454545e-05	0.00013146033653846153	1.0	0.23976417824074073	0.003323025173611111	0.23976417824074073	7.768110795454545e-05
bxt_gso__nrlmf	0.00013146033653846153	7.768110795454545e-05	7.768110795454545e-05	0.23976417824074073	1.0	0.002764533547794118	0.1579324473505435	7.768110795454545e-05
bxt_lmo	0.0007476806640625	0.23976417824074073	0.18556722005208334	0.003323025173611111	0.002764533547794118	1.0	0.076904296875	0.054089355468749996
bxt_lmo__nrlmf	0.0002848307291666667	0.042724609375	0.348388671875	0.23976417824074073	0.1579324473505435	0.076904296875	1.0	0.0002848307291666667
bxt_lso	7.768110795454545e-05	7.768110795454545e-05	7.768110795454545e-05	7.768110795454545e-05	7.768110795454545e-05	0.054089355468749996	0.0002848307291666667	1.0
