	bxt_gmo	bxt_gmosa	bxt_gso	bxt_gso_1k	bxt_gso__nrlmf	bxt_lmo	bxt_lmo__nrlmf	bxt_lso
bxt_gmo	1.0	4.747178819444444e-05	4.747178819444444e-05	4.747178819444444e-05	4.747178819444444e-05	4.747178819444444e-05	4.747178819444444e-05	4.747178819444444e-05
bxt_gmosa	4.747178819444444e-05	1.0	0.6424795297475961	0.03529424252717391	4.747178819444444e-05	0.6424795297475961	4.747178819444444e-05	4.747178819444444e-05
bxt_gso	4.747178819444444e-05	0.6424795297475961	1.0	0.0022379557291666665	4.747178819444444e-05	0.8512957537615741	4.747178819444444e-05	4.747178819444444e-05
bxt_gso_1k	4.747178819444444e-05	0.03529424252717391	0.0022379557291666665	1.0	4.747178819444444e-05	0.979949951171875	8.994654605263157e-05	4.747178819444444e-05
bxt_gso__nrlmf	4.747178819444444e-05	4.747178819444444e-05	4.747178819444444e-05	4.747178819444444e-05	1.0	0.00029907226562499997	0.16783650716145834	4.747178819444444e-05
bxt_lmo	4.747178819444444e-05	0.6424795297475961	0.8512957537615741	0.979949951171875	0.00029907226562499997	1.0	4.747178819444444e-05	0.027227228338068184
bxt_lmo__nrlmf	4.747178819444444e-05	4.747178819444444e-05	4.747178819444444e-05	8.994654605263157e-05	0.16783650716145834	4.747178819444444e-05	1.0	4.747178819444444e-05
bxt_lso	4.747178819444444e-05	4.747178819444444e-05	4.747178819444444e-05	4.747178819444444e-05	4.747178819444444e-05	0.027227228338068184	4.747178819444444e-05	1.0
