	bxt_gmo	bxt_gmosa	bxt_gso	bxt_gso_1k	bxt_gso__nrlmf	bxt_lmo	bxt_lmo__nrlmf	bxt_lso
bxt_gmo	1.0	0.015380859375	0.004177517361111111	0.020670572916666668	7.120768229166667e-05	7.120768229166667e-05	7.120768229166667e-05	0.023226651278409092
bxt_gmosa	0.015380859375	1.0	0.8109130859375	0.1306689453125	0.015380859375	7.120768229166667e-05	7.120768229166667e-05	0.067291259765625
bxt_gso	0.004177517361111111	0.8109130859375	1.0	0.047034222146739135	0.00229644775390625	7.120768229166667e-05	7.120768229166667e-05	0.2076416015625
bxt_gso_1k	0.020670572916666668	0.1306689453125	0.047034222146739135	1.0	0.00152587890625	7.120768229166667e-05	7.120768229166667e-05	0.979949951171875
bxt_gso__nrlmf	7.120768229166667e-05	0.015380859375	0.00229644775390625	0.00152587890625	1.0	0.0006573016826923076	7.120768229166667e-05	0.00229644775390625
bxt_lmo	7.120768229166667e-05	7.120768229166667e-05	7.120768229166667e-05	7.120768229166667e-05	0.0006573016826923076	1.0	0.002764533547794118	7.120768229166667e-05
bxt_lmo__nrlmf	7.120768229166667e-05	7.120768229166667e-05	7.120768229166667e-05	7.120768229166667e-05	7.120768229166667e-05	0.002764533547794118	1.0	7.120768229166667e-05
bxt_lso	0.023226651278409092	0.067291259765625	0.2076416015625	0.979949951171875	0.00229644775390625	7.120768229166667e-05	7.120768229166667e-05	1.0
