	bxt_gmo	bxt_gmo__nrlmf	bxt_gmosa	bxt_gmosa__nrlmf	bxt_gso	bxt_gso__nrlmf	bxt_lmo	bxt_lmo__nrlmf
bxt_gmo	1.0	7.120768229166667e-05	0.0128173828125	7.120768229166667e-05	0.0035807291666666665	7.120768229166667e-05	7.120768229166667e-05	7.120768229166667e-05
bxt_gmo__nrlmf	7.120768229166667e-05	1.0	0.00299072265625	0.002161362591911765	0.00299072265625	0.5477294921875	0.002161362591911765	0.00013146033653846153
bxt_gmosa	0.0128173828125	0.00299072265625	1.0	0.27162992037259615	0.781951904296875	0.0128173828125	7.120768229166667e-05	7.120768229166667e-05
bxt_gmosa__nrlmf	7.120768229166667e-05	0.002161362591911765	0.27162992037259615	1.0	0.056738281249999994	0.006564053622159091	7.120768229166667e-05	7.120768229166667e-05
bxt_gso	0.0035807291666666665	0.00299072265625	0.781951904296875	0.056738281249999994	1.0	0.002161362591911765	7.120768229166667e-05	7.120768229166667e-05
bxt_gso__nrlmf	7.120768229166667e-05	0.5477294921875	0.0128173828125	0.006564053622159091	0.002161362591911765	1.0	0.0006103515625	7.120768229166667e-05
bxt_lmo	7.120768229166667e-05	0.002161362591911765	7.120768229166667e-05	7.120768229166667e-05	7.120768229166667e-05	0.0006103515625	1.0	0.002610948350694444
bxt_lmo__nrlmf	7.120768229166667e-05	0.00013146033653846153	7.120768229166667e-05	7.120768229166667e-05	7.120768229166667e-05	7.120768229166667e-05	0.002610948350694444	1.0
