	bxt_gmo	bxt_gmosa	bxt_gso	bxt_gso_1k	bxt_gso__nrlmf	bxt_lmo	bxt_lmo__nrlmf	bxt_lso
bxt_gmo	1.0	5.340576171875e-05	5.340576171875e-05	5.340576171875e-05	0.0011243318256578946	5.340576171875e-05	5.340576171875e-05	5.340576171875e-05
bxt_gmosa	5.340576171875e-05	1.0	5.340576171875e-05	5.340576171875e-05	5.340576171875e-05	5.340576171875e-05	5.340576171875e-05	5.340576171875e-05
bxt_gso	5.340576171875e-05	5.340576171875e-05	1.0	5.340576171875e-05	0.03689852627840909	0.49941781850961536	0.1306689453125	0.5477294921875
bxt_gso_1k	5.340576171875e-05	5.340576171875e-05	5.340576171875e-05	1.0	5.340576171875e-05	0.00010052849264705883	0.020670572916666668	5.340576171875e-05
bxt_gso__nrlmf	0.0011243318256578946	5.340576171875e-05	0.03689852627840909	5.340576171875e-05	1.0	0.0009019639756944444	5.340576171875e-05	0.00299072265625
bxt_lmo	5.340576171875e-05	5.340576171875e-05	0.49941781850961536	0.00010052849264705883	0.0009019639756944444	1.0	0.07961638077445653	1.0
bxt_lmo__nrlmf	5.340576171875e-05	5.340576171875e-05	0.1306689453125	0.020670572916666668	5.340576171875e-05	0.07961638077445653	1.0	0.08623250325520834
bxt_lso	5.340576171875e-05	5.340576171875e-05	0.5477294921875	5.340576171875e-05	0.00299072265625	1.0	0.08623250325520834	1.0
