	bxt_gmo	bxt_gmosa	bxt_gso	bxt_gso_1k	bxt_gso__nrlmf	bxt_lmo	bxt_lmo__nrlmf	bxt_lso
bxt_gmo	1.0	3.884055397727273e-05	3.884055397727273e-05	3.884055397727273e-05	0.0014697265625	3.884055397727273e-05	0.44924135561342593	3.884055397727273e-05
bxt_gmosa	3.884055397727273e-05	1.0	3.884055397727273e-05	3.884055397727273e-05	3.884055397727273e-05	3.884055397727273e-05	3.884055397727273e-05	0.860260009765625
bxt_gso	3.884055397727273e-05	3.884055397727273e-05	1.0	7.430366847826087e-05	3.884055397727273e-05	0.00035603841145833337	3.884055397727273e-05	3.884055397727273e-05
bxt_gso_1k	3.884055397727273e-05	3.884055397727273e-05	7.430366847826087e-05	1.0	3.884055397727273e-05	0.44924135561342593	3.884055397727273e-05	3.884055397727273e-05
bxt_gso__nrlmf	0.0014697265625	3.884055397727273e-05	3.884055397727273e-05	3.884055397727273e-05	1.0	3.884055397727273e-05	3.884055397727273e-05	3.884055397727273e-05
bxt_lmo	3.884055397727273e-05	3.884055397727273e-05	0.00035603841145833337	0.44924135561342593	3.884055397727273e-05	1.0	3.884055397727273e-05	3.884055397727273e-05
bxt_lmo__nrlmf	0.44924135561342593	3.884055397727273e-05	3.884055397727273e-05	3.884055397727273e-05	3.884055397727273e-05	3.884055397727273e-05	1.0	3.884055397727273e-05
bxt_lso	3.884055397727273e-05	0.860260009765625	3.884055397727273e-05	3.884055397727273e-05	3.884055397727273e-05	3.884055397727273e-05	3.884055397727273e-05	1.0
