	bxt_gmo	bxt_gmosa	bxt_gso	bxt_gso_1k	bxt_gso__nrlmf	bxt_lmo	bxt_lmo__nrlmf	bxt_lso
bxt_gmo	1.0	3.884055397727273e-05	3.884055397727273e-05	3.884055397727273e-05	7.120768229166667e-05	3.884055397727273e-05	0.009526005497685185	3.884055397727273e-05
bxt_gmosa	3.884055397727273e-05	1.0	3.884055397727273e-05	3.884055397727273e-05	3.884055397727273e-05	3.884055397727273e-05	3.884055397727273e-05	3.884055397727273e-05
bxt_gso	3.884055397727273e-05	3.884055397727273e-05	1.0	7.120768229166667e-05	3.884055397727273e-05	0.0001708984375	3.884055397727273e-05	3.884055397727273e-05
bxt_gso_1k	3.884055397727273e-05	3.884055397727273e-05	7.120768229166667e-05	1.0	3.884055397727273e-05	0.129730224609375	3.884055397727273e-05	3.884055397727273e-05
bxt_gso__nrlmf	7.120768229166667e-05	3.884055397727273e-05	3.884055397727273e-05	3.884055397727273e-05	1.0	3.884055397727273e-05	0.0002300555889423077	3.884055397727273e-05
bxt_lmo	3.884055397727273e-05	3.884055397727273e-05	0.0001708984375	0.129730224609375	3.884055397727273e-05	1.0	3.884055397727273e-05	3.884055397727273e-05
bxt_lmo__nrlmf	0.009526005497685185	3.884055397727273e-05	3.884055397727273e-05	3.884055397727273e-05	0.0002300555889423077	3.884055397727273e-05	1.0	3.884055397727273e-05
bxt_lso	3.884055397727273e-05	3.884055397727273e-05	3.884055397727273e-05	3.884055397727273e-05	3.884055397727273e-05	3.884055397727273e-05	3.884055397727273e-05	1.0
