	bxt_gmo	bxt_gmosa	bxt_gso	bxt_gso_1k	bxt_gso__nrlmf	bxt_lmo	bxt_lmo__nrlmf	bxt_lso
bxt_gmo	1.0	5.340576171875e-05	5.340576171875e-05	5.340576171875e-05	5.340576171875e-05	5.340576171875e-05	5.340576171875e-05	5.340576171875e-05
bxt_gmosa	5.340576171875e-05	1.0	5.340576171875e-05	0.043271484374999995	0.06211500901442307	0.00010052849264705883	0.015938136888586956	5.340576171875e-05
bxt_gso	5.340576171875e-05	5.340576171875e-05	1.0	5.340576171875e-05	5.340576171875e-05	0.07665111400462962	5.340576171875e-05	0.018086751302083336
bxt_gso_1k	5.340576171875e-05	0.043271484374999995	5.340576171875e-05	1.0	0.743560791015625	0.00013491981907894735	0.00013491981907894735	5.340576171875e-05
bxt_gso__nrlmf	5.340576171875e-05	0.06211500901442307	5.340576171875e-05	0.743560791015625	1.0	0.000213623046875	0.0005437677556818182	5.340576171875e-05
bxt_lmo	5.340576171875e-05	0.00010052849264705883	0.07665111400462962	0.00013491981907894735	0.000213623046875	1.0	5.340576171875e-05	0.0005437677556818182
bxt_lmo__nrlmf	5.340576171875e-05	0.015938136888586956	5.340576171875e-05	0.00013491981907894735	0.0005437677556818182	5.340576171875e-05	1.0	5.340576171875e-05
bxt_lso	5.340576171875e-05	5.340576171875e-05	0.018086751302083336	5.340576171875e-05	5.340576171875e-05	0.0005437677556818182	5.340576171875e-05	1.0
