	bxt_gmo	bxt_gmo__nrlmf	bxt_gmosa	bxt_gmosa__nrlmf	bxt_gso	bxt_gso__nrlmf	bxt_lmo	bxt_lmo__nrlmf
bxt_gmo	1.0	0.031005859375	7.768110795454545e-05	7.768110795454545e-05	7.768110795454545e-05	7.768110795454545e-05	7.768110795454545e-05	7.768110795454545e-05
bxt_gmo__nrlmf	0.031005859375	1.0	7.768110795454545e-05	7.768110795454545e-05	7.768110795454545e-05	7.768110795454545e-05	0.000213623046875	7.768110795454545e-05
bxt_gmosa	7.768110795454545e-05	7.768110795454545e-05	1.0	0.7199753981370192	0.27277289496527773	0.3717041015625	0.4645182291666667	0.45151367187499997
bxt_gmosa__nrlmf	7.768110795454545e-05	7.768110795454545e-05	0.7199753981370192	1.0	0.031005859375	0.03406575520833333	0.5513416637073864	0.9746907552083334
bxt_gso	7.768110795454545e-05	7.768110795454545e-05	0.27277289496527773	0.031005859375	1.0	0.979949951171875	0.7199753981370192	0.14569091796875
bxt_gso__nrlmf	7.768110795454545e-05	7.768110795454545e-05	0.3717041015625	0.03406575520833333	0.979949951171875	1.0	0.7199753981370192	0.21367331112132354
bxt_lmo	7.768110795454545e-05	0.000213623046875	0.4645182291666667	0.5513416637073864	0.7199753981370192	0.7199753981370192	1.0	0.6840395720108696
bxt_lmo__nrlmf	7.768110795454545e-05	7.768110795454545e-05	0.45151367187499997	0.9746907552083334	0.14569091796875	0.21367331112132354	0.6840395720108696	1.0
