	bxt_gmo	bxt_gmosa	bxt_gso	bxt_gso_1k	bxt_gso__nrlmf	bxt_lmo	bxt_lmo__nrlmf	bxt_lso
bxt_gmo	1.0	0.0001068115234375	0.0001068115234375	0.0001068115234375	0.0001068115234375	0.0001068115234375	0.0001068115234375	0.0001068115234375
bxt_gmosa	0.0001068115234375	1.0	0.27277289496527773	0.00018988715277777775	0.3717041015625	0.4645182291666667	0.45151367187499997	0.47785533558238635
bxt_gso	0.0001068115234375	0.27277289496527773	1.0	0.0001068115234375	0.979949951171875	0.7199753981370192	0.15540364583333333	0.23694565716911767
bxt_gso_1k	0.0001068115234375	0.00018988715277777775	0.0001068115234375	1.0	0.00042724609375	0.03617350260416667	0.15540364583333333	0.03617350260416667
bxt_gso__nrlmf	0.0001068115234375	0.3717041015625	0.979949951171875	0.00042724609375	1.0	0.7199753981370192	0.22702789306640625	0.14085975060096154
bxt_lmo	0.0001068115234375	0.4645182291666667	0.7199753981370192	0.03617350260416667	0.7199753981370192	1.0	0.6555379231770834	0.5645592730978262
bxt_lmo__nrlmf	0.0001068115234375	0.45151367187499997	0.15540364583333333	0.15540364583333333	0.22702789306640625	0.6555379231770834	1.0	0.8921214916087963
bxt_lso	0.0001068115234375	0.47785533558238635	0.23694565716911767	0.03617350260416667	0.14085975060096154	0.5645592730978262	0.8921214916087963	1.0
