	bxt_gmo	bxt_gmosa	bxt_gso	bxt_gso_1k	bxt_gso__nrlmf	bxt_lmo	bxt_lmo__nrlmf	bxt_lso
bxt_gmo	1.0	5.0264246323529416e-05	5.0264246323529416e-05	5.0264246323529416e-05	0.04160719651442307	8.994654605263157e-05	0.0011749267578125	5.0264246323529416e-05
bxt_gmosa	5.0264246323529416e-05	1.0	0.5618896484375	0.21925636574074073	5.0264246323529416e-05	5.0264246323529416e-05	5.0264246323529416e-05	5.0264246323529416e-05
bxt_gso	5.0264246323529416e-05	0.5618896484375	1.0	0.007041015625	5.0264246323529416e-05	8.994654605263157e-05	5.0264246323529416e-05	0.0007058848505434783
bxt_gso_1k	5.0264246323529416e-05	0.21925636574074073	0.007041015625	1.0	5.0264246323529416e-05	0.0005437677556818182	5.0264246323529416e-05	0.000128173828125
bxt_gso__nrlmf	0.04160719651442307	5.0264246323529416e-05	5.0264246323529416e-05	5.0264246323529416e-05	1.0	0.00020345052083333334	5.0264246323529416e-05	5.0264246323529416e-05
bxt_lmo	8.994654605263157e-05	5.0264246323529416e-05	8.994654605263157e-05	0.0005437677556818182	0.00020345052083333334	1.0	5.0264246323529416e-05	5.0264246323529416e-05
bxt_lmo__nrlmf	0.0011749267578125	5.0264246323529416e-05	5.0264246323529416e-05	5.0264246323529416e-05	5.0264246323529416e-05	5.0264246323529416e-05	1.0	5.0264246323529416e-05
bxt_lso	5.0264246323529416e-05	5.0264246323529416e-05	0.0007058848505434783	0.000128173828125	5.0264246323529416e-05	5.0264246323529416e-05	5.0264246323529416e-05	1.0
