	bxt_gmo	bxt_gmosa	bxt_gso	bxt_gso_1k	bxt_gso__nrlmf	bxt_lmo	bxt_lmo__nrlmf	bxt_lso
bxt_gmo	1.0	0.0001220703125	0.0001220703125	0.000213623046875	0.0001220703125	0.005437677556818182	0.0001220703125	0.0004747178819444444
bxt_gmosa	0.0001220703125	1.0	0.0001220703125	0.7487744140625	0.14535861545138887	0.1541234066611842	0.7711000795717593	0.009005033052884616
bxt_gso	0.0001220703125	0.0001220703125	1.0	0.0125732421875	0.7262812075407609	0.006266276041666667	0.00469970703125	0.0001220703125
bxt_gso_1k	0.000213623046875	0.7487744140625	0.0125732421875	1.0	0.3971354166666667	0.29599609374999997	0.7711000795717593	0.0507354736328125
bxt_gso__nrlmf	0.0001220703125	0.14535861545138887	0.7262812075407609	0.3971354166666667	1.0	0.13712086397058826	0.0001220703125	0.039933268229166666
bxt_lmo	0.005437677556818182	0.1541234066611842	0.006266276041666667	0.29599609374999997	0.13712086397058826	1.0	0.781951904296875	0.47785533558238635
bxt_lmo__nrlmf	0.0001220703125	0.7711000795717593	0.00469970703125	0.7711000795717593	0.0001220703125	0.781951904296875	1.0	0.7487744140625
bxt_lso	0.0004747178819444444	0.009005033052884616	0.0001220703125	0.0507354736328125	0.039933268229166666	0.47785533558238635	0.7487744140625	1.0
