	bxt_gmo	bxt_gmosa	bxt_gso	bxt_gso_1k	bxt_gso__nrlmf	bxt_lmo	bxt_lmo__nrlmf	bxt_lso
bxt_gmo	1.0	0.0001220703125	0.0001220703125	0.000213623046875	0.0001220703125	0.00213623046875	0.0001220703125	0.0001220703125
bxt_gmosa	0.0001220703125	1.0	0.039933268229166666	0.257080078125	0.06363453584558824	0.781951904296875	0.163336181640625	0.3901953125
bxt_gso	0.0001220703125	0.039933268229166666	1.0	0.0001220703125	0.4348050631009615	0.0281982421875	0.26908735795454547	0.0281982421875
bxt_gso_1k	0.000213623046875	0.257080078125	0.0001220703125	1.0	0.0001220703125	0.781951904296875	0.0009494357638888888	0.07880316840277778
bxt_gso__nrlmf	0.0001220703125	0.06363453584558824	0.4348050631009615	0.0001220703125	1.0	0.0281982421875	0.12268708881578946	0.039933268229166666
bxt_lmo	0.00213623046875	0.781951904296875	0.0281982421875	0.781951904296875	0.0281982421875	1.0	0.0507354736328125	0.3762613932291667
bxt_lmo__nrlmf	0.0001220703125	0.163336181640625	0.26908735795454547	0.0009494357638888888	0.12268708881578946	0.0507354736328125	1.0	0.3341064453125
bxt_lso	0.0001220703125	0.3901953125	0.0281982421875	0.07880316840277778	0.039933268229166666	0.3762613932291667	0.3341064453125	1.0
