	bxt_gmo	bxt_gmo__nrlmf	bxt_gmosa	bxt_gmosa__nrlmf	bxt_gso	bxt_gso__nrlmf	bxt_lmo	bxt_lmo__nrlmf
bxt_gmo	1.0	4.497327302631579e-05	4.497327302631579e-05	0.021704101562499998	4.497327302631579e-05	0.11892977627840909	4.497327302631579e-05	0.11892977627840909
bxt_gmo__nrlmf	4.497327302631579e-05	1.0	4.497327302631579e-05	4.497327302631579e-05	4.497327302631579e-05	4.497327302631579e-05	4.497327302631579e-05	4.497327302631579e-05
bxt_gmosa	4.497327302631579e-05	4.497327302631579e-05	1.0	4.497327302631579e-05	1.0	4.497327302631579e-05	1.0	4.497327302631579e-05
bxt_gmosa__nrlmf	0.021704101562499998	4.497327302631579e-05	4.497327302631579e-05	1.0	4.497327302631579e-05	0.1513519287109375	4.497327302631579e-05	0.1513519287109375
bxt_gso	4.497327302631579e-05	4.497327302631579e-05	1.0	4.497327302631579e-05	1.0	4.497327302631579e-05	1.0	4.497327302631579e-05
bxt_gso__nrlmf	0.11892977627840909	4.497327302631579e-05	4.497327302631579e-05	0.1513519287109375	4.497327302631579e-05	1.0	4.497327302631579e-05	1.0
bxt_lmo	4.497327302631579e-05	4.497327302631579e-05	1.0	4.497327302631579e-05	1.0	4.497327302631579e-05	1.0	4.497327302631579e-05
bxt_lmo__nrlmf	0.11892977627840909	4.497327302631579e-05	4.497327302631579e-05	0.1513519287109375	4.497327302631579e-05	1.0	4.497327302631579e-05	1.0
