	bxt_gmo	bxt_gmo__nrlmf	bxt_gmosa	bxt_gmosa__nrlmf	bxt_gso	bxt_gso__nrlmf	bxt_lmo	bxt_lmo__nrlmf
bxt_gmo	1.0	4.497327302631579e-05	4.497327302631579e-05	0.146417236328125	4.497327302631579e-05	0.3201853434244792	4.497327302631579e-05	0.3201853434244792
bxt_gmo__nrlmf	4.497327302631579e-05	1.0	4.497327302631579e-05	4.497327302631579e-05	4.497327302631579e-05	4.497327302631579e-05	4.497327302631579e-05	4.497327302631579e-05
bxt_gmosa	4.497327302631579e-05	4.497327302631579e-05	1.0	4.497327302631579e-05	1.0	4.497327302631579e-05	1.0	4.497327302631579e-05
bxt_gmosa__nrlmf	0.146417236328125	4.497327302631579e-05	4.497327302631579e-05	1.0	4.497327302631579e-05	0.2453946200284091	4.497327302631579e-05	0.2453946200284091
bxt_gso	4.497327302631579e-05	4.497327302631579e-05	1.0	4.497327302631579e-05	1.0	4.497327302631579e-05	1.0	4.497327302631579e-05
bxt_gso__nrlmf	0.3201853434244792	4.497327302631579e-05	4.497327302631579e-05	0.2453946200284091	4.497327302631579e-05	1.0	4.497327302631579e-05	1.0
bxt_lmo	4.497327302631579e-05	4.497327302631579e-05	1.0	4.497327302631579e-05	1.0	4.497327302631579e-05	1.0	4.497327302631579e-05
bxt_lmo__nrlmf	0.3201853434244792	4.497327302631579e-05	4.497327302631579e-05	0.2453946200284091	4.497327302631579e-05	1.0	4.497327302631579e-05	1.0
