	bxt_gmo	bxt_gmosa	bxt_gso	bxt_gso_1k	bxt_gso__nrlmf	bxt_lmo	bxt_lmo__nrlmf	bxt_lso	bxt_lso__nrlmf
bxt_gmo	1.0	4.993785511363636e-05	4.993785511363636e-05	4.993785511363636e-05	0.7293257279829546	4.993785511363636e-05	0.0019683837890625	4.993785511363636e-05	0.93988037109375
bxt_gmosa	4.993785511363636e-05	1.0	0.0022379557291666665	0.0022379557291666665	4.993785511363636e-05	0.004316057477678571	4.993785511363636e-05	0.7872996610753676	4.993785511363636e-05
bxt_gso	4.993785511363636e-05	0.0022379557291666665	1.0	0.8443464006696428	4.993785511363636e-05	0.0886962890625	4.993785511363636e-05	0.21691131591796875	4.993785511363636e-05
bxt_gso_1k	4.993785511363636e-05	0.0022379557291666665	0.8443464006696428	1.0	4.993785511363636e-05	0.026556606950431032	4.993785511363636e-05	0.20363690776209675	4.993785511363636e-05
bxt_gso__nrlmf	0.7293257279829546	4.993785511363636e-05	4.993785511363636e-05	4.993785511363636e-05	1.0	4.993785511363636e-05	4.993785511363636e-05	4.993785511363636e-05	0.00023883322010869568
bxt_lmo	4.993785511363636e-05	0.004316057477678571	0.0886962890625	0.026556606950431032	4.993785511363636e-05	1.0	4.993785511363636e-05	0.0022379557291666665	4.993785511363636e-05
bxt_lmo__nrlmf	0.0019683837890625	4.993785511363636e-05	4.993785511363636e-05	4.993785511363636e-05	4.993785511363636e-05	4.993785511363636e-05	1.0	4.993785511363636e-05	4.993785511363636e-05
bxt_lso	4.993785511363636e-05	0.7872996610753676	0.21691131591796875	0.20363690776209675	4.993785511363636e-05	0.0022379557291666665	4.993785511363636e-05	1.0	4.993785511363636e-05
bxt_lso__nrlmf	0.93988037109375	4.993785511363636e-05	4.993785511363636e-05	4.993785511363636e-05	0.00023883322010869568	4.993785511363636e-05	4.993785511363636e-05	4.993785511363636e-05	1.0
