	bxt_gmo	bxt_gmosa	bxt_gso	bxt_gso_1k	bxt_gso__nrlmf	bxt_lmo	bxt_lmo__nrlmf	bxt_lso	bxt_lso__nrlmf
bxt_gmo	1.0	4.993785511363636e-05	4.993785511363636e-05	4.993785511363636e-05	0.1726318359375	4.993785511363636e-05	0.0010986328125	4.993785511363636e-05	0.899932861328125
bxt_gmosa	4.993785511363636e-05	1.0	0.25221946022727276	0.3153722426470588	4.993785511363636e-05	0.01056377704326923	4.993785511363636e-05	0.5095772879464285	4.993785511363636e-05
bxt_gso	4.993785511363636e-05	0.25221946022727276	1.0	0.1789398193359375	4.993785511363636e-05	0.0174560546875	4.993785511363636e-05	0.1789398193359375	4.993785511363636e-05
bxt_gso_1k	4.993785511363636e-05	0.3153722426470588	0.1789398193359375	1.0	4.993785511363636e-05	0.043121337890625	4.993785511363636e-05	0.08118517645474138	4.993785511363636e-05
bxt_gso__nrlmf	0.1726318359375	4.993785511363636e-05	4.993785511363636e-05	4.993785511363636e-05	1.0	4.993785511363636e-05	4.993785511363636e-05	4.993785511363636e-05	0.000457763671875
bxt_lmo	4.993785511363636e-05	0.01056377704326923	0.0174560546875	0.043121337890625	4.993785511363636e-05	1.0	4.993785511363636e-05	0.00033436650815217393	4.993785511363636e-05
bxt_lmo__nrlmf	0.0010986328125	4.993785511363636e-05	4.993785511363636e-05	4.993785511363636e-05	4.993785511363636e-05	4.993785511363636e-05	1.0	4.993785511363636e-05	4.993785511363636e-05
bxt_lso	4.993785511363636e-05	0.5095772879464285	0.1789398193359375	0.08118517645474138	4.993785511363636e-05	0.00033436650815217393	4.993785511363636e-05	1.0	4.993785511363636e-05
bxt_lso__nrlmf	0.899932861328125	4.993785511363636e-05	4.993785511363636e-05	4.993785511363636e-05	0.000457763671875	4.993785511363636e-05	4.993785511363636e-05	4.993785511363636e-05	1.0
