	bxt_gmo	bxt_gmosa	bxt_gso	bxt_gso_1k	bxt_gso__nrlmf	bxt_lmo	bxt_lmo__nrlmf	bxt_lso	bxt_lso__nrlmf
bxt_gmo	1.0	0.3350830078125	0.02426545516304348	0.001398259943181818	0.002112755408653846	0.05500740840517241	0.02426545516304348	0.00335693359375	0.5949419806985294
bxt_gmosa	0.3350830078125	1.0	0.35182883522727276	0.005088404605263158	0.01373291015625	0.002778894761029412	0.043121337890625	0.00031389508928571425	0.979949951171875
bxt_gso	0.02426545516304348	0.35182883522727276	1.0	0.00226593017578125	0.00226593017578125	0.001739501953125	0.043121337890625	0.00031389508928571425	0.041748046875
bxt_gso_1k	0.001398259943181818	0.005088404605263158	0.00226593017578125	1.0	0.27744140624999997	0.00031389508928571425	0.8443464006696428	0.00031389508928571425	0.001398259943181818
bxt_gso__nrlmf	0.002112755408653846	0.01373291015625	0.00226593017578125	0.27744140624999997	1.0	0.00031389508928571425	0.31870983492943544	0.0004119873046875	0.00031389508928571425
bxt_lmo	0.05500740840517241	0.002778894761029412	0.001739501953125	0.00031389508928571425	0.00031389508928571425	1.0	0.00031389508928571425	0.043121337890625	0.027374267578125
bxt_lmo__nrlmf	0.02426545516304348	0.043121337890625	0.043121337890625	0.8443464006696428	0.31870983492943544	0.00031389508928571425	1.0	0.0006103515625	0.018833705357142856
bxt_lso	0.00335693359375	0.00031389508928571425	0.00031389508928571425	0.00031389508928571425	0.0004119873046875	0.043121337890625	0.0006103515625	1.0	0.00226593017578125
bxt_lso__nrlmf	0.5949419806985294	0.979949951171875	0.041748046875	0.001398259943181818	0.00031389508928571425	0.027374267578125	0.018833705357142856	0.00226593017578125	1.0
