	bxt_gmo	bxt_gmosa	bxt_gso	bxt_gso_1k	bxt_gso__nrlmf	bxt_lmo	bxt_lmo__nrlmf	bxt_lso	bxt_lso__nrlmf
bxt_gmo	1.0	6.866455078125e-05	0.00012925091911764706	6.866455078125e-05	0.5404607599431819	6.866455078125e-05	0.0016479492187499998	6.866455078125e-05	0.7258823939732143
bxt_gmosa	6.866455078125e-05	1.0	0.7258823939732143	1.0	6.866455078125e-05	0.2537109375	6.866455078125e-05	0.20450265066964285	0.00054931640625
bxt_gso	0.00012925091911764706	0.7258823939732143	1.0	0.0941748046875	6.866455078125e-05	0.13944498697916666	6.866455078125e-05	0.391937255859375	6.866455078125e-05
bxt_gso_1k	6.866455078125e-05	1.0	0.0941748046875	1.0	6.866455078125e-05	0.391937255859375	6.866455078125e-05	0.21768083243534483	6.866455078125e-05
bxt_gso__nrlmf	0.5404607599431819	6.866455078125e-05	6.866455078125e-05	6.866455078125e-05	1.0	0.0026271654211956525	0.00018310546875	6.866455078125e-05	0.00028911389802631577
bxt_lmo	6.866455078125e-05	0.2537109375	0.13944498697916666	0.391937255859375	0.0026271654211956525	1.0	6.866455078125e-05	0.0164794921875	0.12938514122596154
bxt_lmo__nrlmf	0.0016479492187499998	6.866455078125e-05	6.866455078125e-05	6.866455078125e-05	0.00018310546875	6.866455078125e-05	1.0	6.866455078125e-05	6.866455078125e-05
bxt_lso	6.866455078125e-05	0.20450265066964285	0.391937255859375	0.21768083243534483	6.866455078125e-05	0.0164794921875	6.866455078125e-05	1.0	0.0009940011160714285
bxt_lso__nrlmf	0.7258823939732143	0.00054931640625	6.866455078125e-05	6.866455078125e-05	0.00028911389802631577	0.12938514122596154	6.866455078125e-05	0.0009940011160714285	1.0
