	bxt_gmo	bxt_gmosa	bxt_gso	bxt_gso_1k	bxt_gso__nrlmf	bxt_lmo	bxt_lmo__nrlmf	bxt_lso	bxt_lso__nrlmf
bxt_gmo	1.0	0.008056640625	0.038507080078125	0.9667340959821429	0.9667340959821429	0.00054931640625	0.15555826822916666	0.008632114955357142	0.4003569504310345
bxt_gmosa	0.008056640625	1.0	0.057952880859375	0.008056640625	0.02618408203125	0.0026092529296875	0.18496268136160715	0.029373972039473683	0.00091552734375
bxt_gso	0.038507080078125	0.057952880859375	1.0	0.05249554177989131	0.12938514122596154	0.00054931640625	0.979949951171875	0.008632114955357142	0.00054931640625
bxt_gso_1k	0.9667340959821429	0.008056640625	0.05249554177989131	1.0	0.5941886901855469	0.00091552734375	0.01945226332720588	0.0047241210937499995	0.5941886901855469
bxt_gso__nrlmf	0.9667340959821429	0.02618408203125	0.12938514122596154	0.5941886901855469	1.0	0.0010986328125	0.0941748046875	0.01945226332720588	0.5941886901855469
bxt_lmo	0.00054931640625	0.0026092529296875	0.00054931640625	0.00091552734375	0.0010986328125	1.0	0.0100341796875	0.6508234197443182	0.00054931640625
bxt_lmo__nrlmf	0.15555826822916666	0.18496268136160715	0.979949951171875	0.01945226332720588	0.0941748046875	0.0100341796875	1.0	0.04279436383928571	0.047440962357954544
bxt_lso	0.008632114955357142	0.029373972039473683	0.008632114955357142	0.0047241210937499995	0.01945226332720588	0.6508234197443182	0.04279436383928571	1.0	0.0047241210937499995
bxt_lso__nrlmf	0.4003569504310345	0.00091552734375	0.00054931640625	0.5941886901855469	0.5941886901855469	0.00054931640625	0.047440962357954544	0.0047241210937499995	1.0
