	bxt_gmo	bxt_gmosa	bxt_gso	bxt_gso_1k	bxt_gso__nrlmf	bxt_lmo	bxt_lmo__nrlmf	bxt_lso	bxt_lso__nrlmf
bxt_gmo	1.0	6.462545955882353e-05	0.000384521484375	0.0021473277698863635	0.006876627604166667	6.462545955882353e-05	0.0026271654211956525	6.462545955882353e-05	0.8443464006696428
bxt_gmosa	6.462545955882353e-05	1.0	0.0005231584821428571	0.003204345703125	6.462545955882353e-05	0.7939338684082031	6.462545955882353e-05	0.8279490751378676	6.462545955882353e-05
bxt_gso	0.000384521484375	0.0005231584821428571	1.0	0.899932861328125	6.462545955882353e-05	0.016832624162946428	6.462545955882353e-05	0.1726318359375	0.00011564555921052631
bxt_gso_1k	0.0021473277698863635	0.003204345703125	0.899932861328125	1.0	6.462545955882353e-05	0.004648061899038462	6.462545955882353e-05	0.14483011179956895	0.00011564555921052631
bxt_gso__nrlmf	0.006876627604166667	6.462545955882353e-05	6.462545955882353e-05	6.462545955882353e-05	1.0	6.462545955882353e-05	0.8279490751378676	6.462545955882353e-05	6.462545955882353e-05
bxt_lmo	6.462545955882353e-05	0.7939338684082031	0.016832624162946428	0.004648061899038462	6.462545955882353e-05	1.0	6.462545955882353e-05	0.18471207157258063	6.462545955882353e-05
bxt_lmo__nrlmf	0.0026271654211956525	6.462545955882353e-05	6.462545955882353e-05	6.462545955882353e-05	0.8279490751378676	6.462545955882353e-05	1.0	6.462545955882353e-05	0.0038671875
bxt_lso	6.462545955882353e-05	0.8279490751378676	0.1726318359375	0.14483011179956895	6.462545955882353e-05	0.18471207157258063	6.462545955882353e-05	1.0	6.462545955882353e-05
bxt_lso__nrlmf	0.8443464006696428	6.462545955882353e-05	0.00011564555921052631	0.00011564555921052631	6.462545955882353e-05	6.462545955882353e-05	0.0038671875	6.462545955882353e-05	1.0
