	bxt_gmo	bxt_gmosa	bxt_gso	bxt_gso_1k	bxt_gso__nrlmf	bxt_lmo	bxt_lmo__nrlmf	bxt_lso	bxt_lso__nrlmf
bxt_gmo	1.0	7.32421875e-05	0.09894157858455882	3.923688616071428e-05	3.923688616071428e-05	3.923688616071428e-05	3.923688616071428e-05	3.923688616071428e-05	0.375457763671875
bxt_gmosa	7.32421875e-05	1.0	3.923688616071428e-05	3.923688616071428e-05	3.923688616071428e-05	0.003021240234375	3.923688616071428e-05	3.923688616071428e-05	0.00024807837701612903
bxt_gso	0.09894157858455882	3.923688616071428e-05	1.0	3.923688616071428e-05	3.923688616071428e-05	3.923688616071428e-05	3.923688616071428e-05	3.923688616071428e-05	0.21746651785714285
bxt_gso_1k	3.923688616071428e-05	3.923688616071428e-05	3.923688616071428e-05	1.0	3.923688616071428e-05	3.923688616071428e-05	3.923688616071428e-05	3.923688616071428e-05	3.923688616071428e-05
bxt_gso__nrlmf	3.923688616071428e-05	3.923688616071428e-05	3.923688616071428e-05	3.923688616071428e-05	1.0	3.923688616071428e-05	0.010020862926136364	3.923688616071428e-05	3.923688616071428e-05
bxt_lmo	3.923688616071428e-05	0.003021240234375	3.923688616071428e-05	3.923688616071428e-05	3.923688616071428e-05	1.0	3.923688616071428e-05	7.32421875e-05	3.923688616071428e-05
bxt_lmo__nrlmf	3.923688616071428e-05	3.923688616071428e-05	3.923688616071428e-05	3.923688616071428e-05	0.010020862926136364	3.923688616071428e-05	1.0	3.923688616071428e-05	3.923688616071428e-05
bxt_lso	3.923688616071428e-05	3.923688616071428e-05	3.923688616071428e-05	3.923688616071428e-05	3.923688616071428e-05	7.32421875e-05	3.923688616071428e-05	1.0	3.923688616071428e-05
bxt_lso__nrlmf	0.375457763671875	0.00024807837701612903	0.21746651785714285	3.923688616071428e-05	3.923688616071428e-05	3.923688616071428e-05	3.923688616071428e-05	3.923688616071428e-05	1.0
