	bxt_gmo	bxt_gmosa	bxt_gso	bxt_gso_1k	bxt_gso__nrlmf	bxt_lmo	bxt_lmo__nrlmf	bxt_lso	bxt_lso__nrlmf
bxt_gmo	1.0	4.0690104166666664e-05	4.0690104166666664e-05	4.0690104166666664e-05	0.03209577287946429	4.0690104166666664e-05	4.0690104166666664e-05	4.0690104166666664e-05	0.035989695581896554
bxt_gmosa	4.0690104166666664e-05	1.0	0.7648053850446429	0.4910242417279412	4.0690104166666664e-05	4.0690104166666664e-05	4.0690104166666664e-05	0.391937255859375	4.0690104166666664e-05
bxt_gso	4.0690104166666664e-05	0.7648053850446429	1.0	0.18471207157258063	4.0690104166666664e-05	4.0690104166666664e-05	4.0690104166666664e-05	0.899932861328125	4.0690104166666664e-05
bxt_gso_1k	4.0690104166666664e-05	0.4910242417279412	0.18471207157258063	1.0	4.0690104166666664e-05	4.0690104166666664e-05	4.0690104166666664e-05	0.14000244140624998	4.0690104166666664e-05
bxt_gso__nrlmf	0.03209577287946429	4.0690104166666664e-05	4.0690104166666664e-05	4.0690104166666664e-05	1.0	4.0690104166666664e-05	4.0690104166666664e-05	4.0690104166666664e-05	0.40959028764204547
bxt_lmo	4.0690104166666664e-05	4.0690104166666664e-05	4.0690104166666664e-05	4.0690104166666664e-05	4.0690104166666664e-05	1.0	4.0690104166666664e-05	4.0690104166666664e-05	4.0690104166666664e-05
bxt_lmo__nrlmf	4.0690104166666664e-05	4.0690104166666664e-05	4.0690104166666664e-05	4.0690104166666664e-05	4.0690104166666664e-05	4.0690104166666664e-05	1.0	4.0690104166666664e-05	4.0690104166666664e-05
bxt_lso	4.0690104166666664e-05	0.391937255859375	0.899932861328125	0.14000244140624998	4.0690104166666664e-05	4.0690104166666664e-05	4.0690104166666664e-05	1.0	4.0690104166666664e-05
bxt_lso__nrlmf	0.035989695581896554	4.0690104166666664e-05	4.0690104166666664e-05	4.0690104166666664e-05	0.40959028764204547	4.0690104166666664e-05	4.0690104166666664e-05	4.0690104166666664e-05	1.0
