	bxt_gmo	bxt_gmosa	bxt_gso	bxt_gso_1k	bxt_gso__nrlmf	bxt_lmo	bxt_lmo__nrlmf	bxt_lso	bxt_lso__nrlmf
bxt_gmo	1.0	4.0690104166666664e-05	4.0690104166666664e-05	4.0690104166666664e-05	0.0021580287388392855	4.0690104166666664e-05	4.0690104166666664e-05	4.0690104166666664e-05	0.003333782327586207
bxt_gmosa	4.0690104166666664e-05	1.0	0.11213378906249999	0.15065445438508063	4.0690104166666664e-05	4.0690104166666664e-05	4.0690104166666664e-05	0.899932861328125	4.0690104166666664e-05
bxt_gso	4.0690104166666664e-05	0.11213378906249999	1.0	0.3249289772727273	4.0690104166666664e-05	4.0690104166666664e-05	4.0690104166666664e-05	0.19727325439453125	4.0690104166666664e-05
bxt_gso_1k	4.0690104166666664e-05	0.15065445438508063	0.3249289772727273	1.0	4.0690104166666664e-05	4.0690104166666664e-05	4.0690104166666664e-05	0.5949419806985294	4.0690104166666664e-05
bxt_gso__nrlmf	0.0021580287388392855	4.0690104166666664e-05	4.0690104166666664e-05	4.0690104166666664e-05	1.0	4.0690104166666664e-05	4.0690104166666664e-05	4.0690104166666664e-05	0.6502336774553572
bxt_lmo	4.0690104166666664e-05	4.0690104166666664e-05	4.0690104166666664e-05	4.0690104166666664e-05	4.0690104166666664e-05	1.0	4.0690104166666664e-05	4.0690104166666664e-05	4.0690104166666664e-05
bxt_lmo__nrlmf	4.0690104166666664e-05	4.0690104166666664e-05	4.0690104166666664e-05	4.0690104166666664e-05	4.0690104166666664e-05	4.0690104166666664e-05	1.0	4.0690104166666664e-05	4.0690104166666664e-05
bxt_lso	4.0690104166666664e-05	0.899932861328125	0.19727325439453125	0.5949419806985294	4.0690104166666664e-05	4.0690104166666664e-05	4.0690104166666664e-05	1.0	4.0690104166666664e-05
bxt_lso__nrlmf	0.003333782327586207	4.0690104166666664e-05	4.0690104166666664e-05	4.0690104166666664e-05	0.6502336774553572	4.0690104166666664e-05	4.0690104166666664e-05	4.0690104166666664e-05	1.0
