	bxt_gmo	bxt_gmosa	bxt_gso	bxt_gso_1k	bxt_gso__nrlmf	bxt_lmo	bxt_lmo__nrlmf	bxt_lso	bxt_lso__nrlmf
bxt_gmo	1.0	4.0690104166666664e-05	4.0690104166666664e-05	4.0690104166666664e-05	0.00037883890086206896	4.0690104166666664e-05	4.0690104166666664e-05	4.0690104166666664e-05	0.000274658203125
bxt_gmosa	4.0690104166666664e-05	1.0	0.47257856889204547	0.9256452287946428	4.0690104166666664e-05	4.0690104166666664e-05	4.0690104166666664e-05	0.47257856889204547	4.0690104166666664e-05
bxt_gso	4.0690104166666664e-05	0.47257856889204547	1.0	0.190869140625	4.0690104166666664e-05	4.0690104166666664e-05	4.0690104166666664e-05	0.979949951171875	4.0690104166666664e-05
bxt_gso_1k	4.0690104166666664e-05	0.9256452287946428	0.190869140625	1.0	4.0690104166666664e-05	4.0690104166666664e-05	4.0690104166666664e-05	0.31870983492943544	4.0690104166666664e-05
bxt_gso__nrlmf	0.00037883890086206896	4.0690104166666664e-05	4.0690104166666664e-05	4.0690104166666664e-05	1.0	4.0690104166666664e-05	4.0690104166666664e-05	4.0690104166666664e-05	0.6693581973805147
bxt_lmo	4.0690104166666664e-05	4.0690104166666664e-05	4.0690104166666664e-05	4.0690104166666664e-05	4.0690104166666664e-05	1.0	4.0690104166666664e-05	4.0690104166666664e-05	4.0690104166666664e-05
bxt_lmo__nrlmf	4.0690104166666664e-05	4.0690104166666664e-05	4.0690104166666664e-05	4.0690104166666664e-05	4.0690104166666664e-05	4.0690104166666664e-05	1.0	4.0690104166666664e-05	4.0690104166666664e-05
bxt_lso	4.0690104166666664e-05	0.47257856889204547	0.979949951171875	0.31870983492943544	4.0690104166666664e-05	4.0690104166666664e-05	4.0690104166666664e-05	1.0	4.0690104166666664e-05
bxt_lso__nrlmf	0.000274658203125	4.0690104166666664e-05	4.0690104166666664e-05	4.0690104166666664e-05	0.6693581973805147	4.0690104166666664e-05	4.0690104166666664e-05	4.0690104166666664e-05	1.0
