	bxt_gmo	bxt_gmosa	bxt_gso	bxt_gso_1k	bxt_gso__nrlmf	bxt_lmo	bxt_lmo__nrlmf	bxt_lso	bxt_lso__nrlmf
bxt_gmo	1.0	6.103515625e-05	6.103515625e-05	6.103515625e-05	0.005754743303571428	6.103515625e-05	0.029620830829326924	6.103515625e-05	0.6508234197443182
bxt_gmosa	6.103515625e-05	1.0	0.038655598958333336	0.08118517645474138	6.103515625e-05	0.8042933872767857	6.103515625e-05	0.7872996610753676	0.00011564555921052631
bxt_gso	6.103515625e-05	0.038655598958333336	1.0	0.45421600341796875	6.103515625e-05	0.02232421875	6.103515625e-05	0.04967389787946429	6.103515625e-05
bxt_gso_1k	6.103515625e-05	0.08118517645474138	0.45421600341796875	1.0	6.103515625e-05	0.006841486150568181	6.103515625e-05	0.12550048828125	6.103515625e-05
bxt_gso__nrlmf	0.005754743303571428	6.103515625e-05	6.103515625e-05	6.103515625e-05	1.0	6.103515625e-05	0.3458921370967742	6.103515625e-05	0.01437775985054348
bxt_lmo	6.103515625e-05	0.8042933872767857	0.02232421875	0.006841486150568181	6.103515625e-05	1.0	6.103515625e-05	0.899932861328125	0.000274658203125
bxt_lmo__nrlmf	0.029620830829326924	6.103515625e-05	6.103515625e-05	6.103515625e-05	0.3458921370967742	6.103515625e-05	1.0	6.103515625e-05	0.02232421875
bxt_lso	6.103515625e-05	0.7872996610753676	0.04967389787946429	0.12550048828125	6.103515625e-05	0.899932861328125	6.103515625e-05	1.0	6.103515625e-05
bxt_lso__nrlmf	0.6508234197443182	0.00011564555921052631	6.103515625e-05	6.103515625e-05	0.01437775985054348	0.000274658203125	0.02232421875	6.103515625e-05	1.0
