	bxt_gmo	bxt_gmosa	bxt_gso	bxt_gso_1k	bxt_gso__nrlmf	bxt_lmo	bxt_lmo__nrlmf	bxt_lso	bxt_lso__nrlmf
bxt_gmo	1.0	9.1552734375e-05	9.1552734375e-05	9.1552734375e-05	0.10236391813858696	9.1552734375e-05	0.207158203125	9.1552734375e-05	0.02657645089285714
bxt_gmosa	9.1552734375e-05	1.0	0.6711616516113281	0.5753291960685484	0.00028911389802631577	0.8530384410511364	0.00028911389802631577	0.1945953369140625	0.00054931640625
bxt_gso	9.1552734375e-05	0.6711616516113281	1.0	0.4003569504310345	9.1552734375e-05	0.45054931640624996	9.1552734375e-05	0.93988037109375	0.0001373291015625
bxt_gso_1k	9.1552734375e-05	0.5753291960685484	0.4003569504310345	1.0	9.1552734375e-05	0.06322132457386363	9.1552734375e-05	0.9256452287946428	9.1552734375e-05
bxt_gso__nrlmf	0.10236391813858696	0.00028911389802631577	9.1552734375e-05	9.1552734375e-05	1.0	9.1552734375e-05	0.3659261067708333	0.0001373291015625	0.9256452287946428
bxt_lmo	9.1552734375e-05	0.8530384410511364	0.45054931640624996	0.06322132457386363	9.1552734375e-05	1.0	0.0001373291015625	0.4003569504310345	0.0001373291015625
bxt_lmo__nrlmf	0.207158203125	0.00028911389802631577	9.1552734375e-05	9.1552734375e-05	0.3659261067708333	0.0001373291015625	1.0	9.1552734375e-05	0.2669677734375
bxt_lso	9.1552734375e-05	0.1945953369140625	0.93988037109375	0.9256452287946428	0.0001373291015625	0.4003569504310345	9.1552734375e-05	1.0	0.00028911389802631577
bxt_lso__nrlmf	0.02657645089285714	0.00054931640625	0.0001373291015625	9.1552734375e-05	0.9256452287946428	0.0001373291015625	0.2669677734375	0.00028911389802631577	1.0
