	bxt_gmo	bxt_gmo__nrlmf	bxt_gmosa	bxt_gmosa__nrlmf	bxt_gso	bxt_gso__nrlmf	bxt_lmo	bxt_lmo__nrlmf
bxt_gmo	1.0	7.120768229166667e-05	7.120768229166667e-05	0.002349853515625	7.120768229166667e-05	0.07961638077445653	7.120768229166667e-05	0.16783650716145834
bxt_gmo__nrlmf	7.120768229166667e-05	1.0	7.120768229166667e-05	7.120768229166667e-05	7.120768229166667e-05	0.00015079273897058824	7.120768229166667e-05	7.120768229166667e-05
bxt_gmosa	7.120768229166667e-05	7.120768229166667e-05	1.0	0.00011393229166666667	0.6186839916087963	0.00022486636513157894	0.781951904296875	0.00022486636513157894
bxt_gmosa__nrlmf	0.002349853515625	7.120768229166667e-05	0.00011393229166666667	1.0	0.00011393229166666667	0.06754557291666667	0.00015079273897058824	0.07961638077445653
bxt_gso	7.120768229166667e-05	7.120768229166667e-05	0.6186839916087963	0.00011393229166666667	1.0	7.120768229166667e-05	0.4043391301081731	7.120768229166667e-05
bxt_gso__nrlmf	0.07961638077445653	0.00015079273897058824	0.00022486636513157894	0.06754557291666667	7.120768229166667e-05	1.0	7.120768229166667e-05	0.3073779296875
bxt_lmo	7.120768229166667e-05	7.120768229166667e-05	0.781951904296875	0.00015079273897058824	0.4043391301081731	7.120768229166667e-05	1.0	0.00011393229166666667
bxt_lmo__nrlmf	0.16783650716145834	7.120768229166667e-05	0.00022486636513157894	0.07961638077445653	7.120768229166667e-05	0.3073779296875	0.00011393229166666667	1.0
