	bxt_gso	bxt_sgso	bxt_sgso_us
bxt_gso	1.0	0.921875	0.005859375
bxt_sgso	0.921875	1.0	0.0087890625
bxt_sgso_us	0.005859375	0.0087890625	1.0
