	bxt_gmo__precomputed	bxt_gmo__softmax	bxt_gmo__square	bxt_gmo__uniform	bxt_gmo_full	bxt_gmosa
bxt_gmo__precomputed	1.0	7.62939453125e-05	0.0005086263020833334	0.12500217982700892	0.0312042236328125	7.62939453125e-05
bxt_gmo__softmax	7.62939453125e-05	1.0	7.62939453125e-05	0.007032914595170455	0.5618896484375	0.00013078962053571428
bxt_gmo__square	0.0005086263020833334	7.62939453125e-05	1.0	7.62939453125e-05	0.000640869140625	7.62939453125e-05
bxt_gmo__uniform	0.12500217982700892	0.007032914595170455	7.62939453125e-05	1.0	0.06655179537259615	7.62939453125e-05
bxt_gmo_full	0.0312042236328125	0.5618896484375	0.000640869140625	0.06655179537259615	1.0	0.000171661376953125
bxt_gmosa	7.62939453125e-05	0.00013078962053571428	7.62939453125e-05	7.62939453125e-05	0.000171661376953125	1.0
