	bxt_gmo__precomputed	bxt_gmo__softmax	bxt_gmo__square	bxt_gmo__uniform	bxt_gmo_full	bxt_gmosa
bxt_gmo__precomputed	1.0	6.539481026785714e-05	0.0002288818359375	0.00522613525390625	6.539481026785714e-05	0.00010172526041666667
bxt_gmo__softmax	6.539481026785714e-05	1.0	6.539481026785714e-05	6.539481026785714e-05	0.3436748798076923	0.5308096749441964
bxt_gmo__square	0.0002288818359375	6.539481026785714e-05	1.0	0.000582608309659091	6.539481026785714e-05	6.539481026785714e-05
bxt_gmo__uniform	0.00522613525390625	6.539481026785714e-05	0.000582608309659091	1.0	0.00010172526041666667	6.539481026785714e-05
bxt_gmo_full	6.539481026785714e-05	0.3436748798076923	6.539481026785714e-05	0.00010172526041666667	1.0	0.979949951171875
bxt_gmosa	0.00010172526041666667	0.5308096749441964	6.539481026785714e-05	6.539481026785714e-05	0.979949951171875	1.0
