	bxt_gmo__precomputed	bxt_gmo__softmax	bxt_gmo__square	bxt_gmo__uniform	bxt_gmo_full	bxt_gmosa
bxt_gmo__precomputed	1.0	4.57763671875e-05	0.00095367431640625	0.031062534877232144	4.57763671875e-05	4.57763671875e-05
bxt_gmo__softmax	4.57763671875e-05	1.0	4.57763671875e-05	4.57763671875e-05	0.0007906827059659091	4.57763671875e-05
bxt_gmo__square	0.00095367431640625	4.57763671875e-05	1.0	0.004824124849759615	4.57763671875e-05	4.57763671875e-05
bxt_gmo__uniform	0.031062534877232144	4.57763671875e-05	0.004824124849759615	1.0	4.57763671875e-05	4.57763671875e-05
bxt_gmo_full	4.57763671875e-05	0.0007906827059659091	4.57763671875e-05	4.57763671875e-05	1.0	1.0
bxt_gmosa	4.57763671875e-05	4.57763671875e-05	4.57763671875e-05	4.57763671875e-05	1.0	1.0
