	bxt_gmo__precomputed	bxt_gmo__softmax	bxt_gmo__square	bxt_gmo__uniform	bxt_gmo_full	bxt_gmosa
bxt_gmo__precomputed	1.0	0.0001056377704326923	3.814697265625e-05	3.814697265625e-05	3.814697265625e-05	3.814697265625e-05
bxt_gmo__softmax	0.0001056377704326923	1.0	3.814697265625e-05	3.814697265625e-05	3.814697265625e-05	3.814697265625e-05
bxt_gmo__square	3.814697265625e-05	3.814697265625e-05	1.0	0.005525861467633928	3.814697265625e-05	3.814697265625e-05
bxt_gmo__uniform	3.814697265625e-05	3.814697265625e-05	0.005525861467633928	1.0	3.814697265625e-05	3.814697265625e-05
bxt_gmo_full	3.814697265625e-05	3.814697265625e-05	3.814697265625e-05	3.814697265625e-05	1.0	0.0443115234375
bxt_gmosa	3.814697265625e-05	3.814697265625e-05	3.814697265625e-05	3.814697265625e-05	0.0443115234375	1.0
