	bxt_gmo__precomputed	bxt_gmo__softmax	bxt_gmo__square	bxt_gmo__uniform	bxt_gmo_full	bxt_gmosa
bxt_gmo__precomputed	1.0	0.00010172526041666667	6.539481026785714e-05	0.02496337890625	6.539481026785714e-05	0.000582608309659091
bxt_gmo__softmax	0.00010172526041666667	1.0	6.539481026785714e-05	0.011771065848214286	6.539481026785714e-05	0.00010172526041666667
bxt_gmo__square	6.539481026785714e-05	6.539481026785714e-05	1.0	0.0001373291015625	6.539481026785714e-05	0.007253793569711538
bxt_gmo__uniform	0.02496337890625	0.011771065848214286	0.0001373291015625	1.0	6.539481026785714e-05	0.00125885009765625
bxt_gmo_full	6.539481026785714e-05	6.539481026785714e-05	6.539481026785714e-05	6.539481026785714e-05	1.0	6.539481026785714e-05
bxt_gmosa	0.000582608309659091	0.00010172526041666667	0.007253793569711538	0.00125885009765625	6.539481026785714e-05	1.0
