	bxt_gmo__precomputed	bxt_gmo__softmax	bxt_gmo__square	bxt_gmo__uniform	bxt_gmo_full	bxt_gmosa
bxt_gmo__precomputed	1.0	0.000457763671875	0.000457763671875	0.000457763671875	0.00011444091796875	0.00335693359375
bxt_gmo__softmax	0.000457763671875	1.0	0.000457763671875	0.0007906827059659091	0.00011444091796875	0.079193115234375
bxt_gmo__square	0.000457763671875	0.000457763671875	1.0	0.000457763671875	0.017887995793269232	0.000457763671875
bxt_gmo__uniform	0.000457763671875	0.0007906827059659091	0.000457763671875	1.0	0.00011444091796875	0.49542236328125
bxt_gmo_full	0.00011444091796875	0.00011444091796875	0.017887995793269232	0.00011444091796875	1.0	0.00011444091796875
bxt_gmosa	0.00335693359375	0.079193115234375	0.000457763671875	0.49542236328125	0.00011444091796875	1.0
