	bxt_gmo__precomputed	bxt_gmo__softmax	bxt_gmo__square	bxt_gmo__uniform	bxt_gmo_full	bxt_gmosa
bxt_gmo__precomputed	1.0	0.002896345368414786	0.0002464881310096154	4.161487926136364e-05	4.161487926136364e-05	4.161487926136364e-05
bxt_gmo__softmax	0.002896345368414786	1.0	0.00011444091796875	0.010986328125	4.161487926136364e-05	4.161487926136364e-05
bxt_gmo__square	0.0002464881310096154	0.00011444091796875	1.0	4.161487926136364e-05	4.161487926136364e-05	4.161487926136364e-05
bxt_gmo__uniform	4.161487926136364e-05	0.010986328125	4.161487926136364e-05	1.0	4.161487926136364e-05	4.161487926136364e-05
bxt_gmo_full	4.161487926136364e-05	4.161487926136364e-05	4.161487926136364e-05	4.161487926136364e-05	1.0	4.161487926136364e-05
bxt_gmosa	4.161487926136364e-05	4.161487926136364e-05	4.161487926136364e-05	4.161487926136364e-05	4.161487926136364e-05	1.0
