	bxt_gmo__precomputed	bxt_gmo__softmax	bxt_gmo__square	bxt_gmo__uniform	bxt_gmo_full	bxt_gmosa
bxt_gmo__precomputed	1.0	0.00767152192647289	0.000152587890625	0.0008697509765625	0.000152587890625	0.0003269740513392857
bxt_gmo__softmax	0.00767152192647289	1.0	0.001040371981534091	0.01824951171875	0.00018310546875	0.0008697509765625
bxt_gmo__square	0.000152587890625	0.001040371981534091	1.0	0.00057220458984375	0.000152587890625	0.0002288818359375
bxt_gmo__uniform	0.0008697509765625	0.01824951171875	0.00057220458984375	1.0	0.00018310546875	0.004824124849759615
bxt_gmo_full	0.000152587890625	0.00018310546875	0.000152587890625	0.00018310546875	1.0	0.00164031982421875
bxt_gmosa	0.0003269740513392857	0.0008697509765625	0.0002288818359375	0.004824124849759615	0.00164031982421875	1.0
