	bxt_gmo__precomputed	bxt_gmo__softmax	bxt_gmo__square	bxt_gmo__uniform	bxt_gmo_full	bxt_gmosa
bxt_gmo__precomputed	1.0	0.0038733849158653845	0.000171661376953125	0.0002543131510416667	6.539481026785714e-05	0.0026702880859375
bxt_gmo__softmax	0.0038733849158653845	1.0	6.539481026785714e-05	0.0007906827059659091	6.539481026785714e-05	0.11205400739397321
bxt_gmo__square	0.000171661376953125	6.539481026785714e-05	1.0	6.539481026785714e-05	6.539481026785714e-05	0.0003204345703125
bxt_gmo__uniform	0.0002543131510416667	0.0007906827059659091	6.539481026785714e-05	1.0	6.539481026785714e-05	0.705718994140625
bxt_gmo_full	6.539481026785714e-05	6.539481026785714e-05	6.539481026785714e-05	6.539481026785714e-05	1.0	6.539481026785714e-05
bxt_gmosa	0.0026702880859375	0.11205400739397321	0.0003204345703125	0.705718994140625	6.539481026785714e-05	1.0
