	bxt_gmo__precomputed	bxt_gmo__softmax	bxt_gmo__square	bxt_gmo__uniform	bxt_gmo_full	bxt_gmosa
bxt_gmo__precomputed	1.0	5.0862630208333336e-05	9.1552734375e-05	5.0862630208333336e-05	5.0862630208333336e-05	5.0862630208333336e-05
bxt_gmo__softmax	5.0862630208333336e-05	1.0	5.0862630208333336e-05	5.0862630208333336e-05	0.00011444091796875	0.003596714564732143
bxt_gmo__square	9.1552734375e-05	5.0862630208333336e-05	1.0	5.0862630208333336e-05	5.0862630208333336e-05	5.0862630208333336e-05
bxt_gmo__uniform	5.0862630208333336e-05	5.0862630208333336e-05	5.0862630208333336e-05	1.0	0.00017606295072115384	0.4637451171875
bxt_gmo_full	5.0862630208333336e-05	0.00011444091796875	5.0862630208333336e-05	0.00017606295072115384	1.0	0.00011444091796875
bxt_gmosa	5.0862630208333336e-05	0.003596714564732143	5.0862630208333336e-05	0.4637451171875	0.00011444091796875	1.0
