	bxt_gmo__precomputed	bxt_gmo__softmax	bxt_gmo__square	bxt_gmo__uniform	bxt_gmo_full	bxt_gmosa
bxt_gmo__precomputed	1.0	4.57763671875e-05	4.57763671875e-05	4.57763671875e-05	4.57763671875e-05	0.00209808349609375
bxt_gmo__softmax	4.57763671875e-05	1.0	4.57763671875e-05	4.57763671875e-05	4.57763671875e-05	0.0004161487926136364
bxt_gmo__square	4.57763671875e-05	4.57763671875e-05	1.0	0.004824124849759615	4.57763671875e-05	0.005525861467633928
bxt_gmo__uniform	4.57763671875e-05	4.57763671875e-05	0.004824124849759615	1.0	4.57763671875e-05	0.009185791015625
bxt_gmo_full	4.57763671875e-05	4.57763671875e-05	4.57763671875e-05	4.57763671875e-05	1.0	4.57763671875e-05
bxt_gmosa	0.00209808349609375	0.0004161487926136364	0.005525861467633928	0.009185791015625	4.57763671875e-05	1.0
