	bxt_gmo__precomputed	bxt_gmo__softmax	bxt_gmo__square	bxt_gmo__uniform	bxt_gmo_full	bxt_gmosa
bxt_gmo__precomputed	1.0	4.161487926136364e-05	4.161487926136364e-05	4.161487926136364e-05	7.62939453125e-05	4.161487926136364e-05
bxt_gmo__softmax	4.161487926136364e-05	1.0	4.161487926136364e-05	0.012676532451923076	4.161487926136364e-05	4.161487926136364e-05
bxt_gmo__square	4.161487926136364e-05	4.161487926136364e-05	1.0	4.161487926136364e-05	0.46413966587611605	4.161487926136364e-05
bxt_gmo__uniform	4.161487926136364e-05	0.012676532451923076	4.161487926136364e-05	1.0	4.161487926136364e-05	0.668548583984375
bxt_gmo_full	7.62939453125e-05	4.161487926136364e-05	0.46413966587611605	4.161487926136364e-05	1.0	4.161487926136364e-05
bxt_gmosa	4.161487926136364e-05	4.161487926136364e-05	4.161487926136364e-05	0.668548583984375	4.161487926136364e-05	1.0
