	bxt_gmo__precomputed	bxt_gmo__softmax	bxt_gmo__square	bxt_gmo__uniform	bxt_gmo_full	bxt_gmosa
bxt_gmo__precomputed	1.0	7.62939453125e-05	0.5618896484375	0.002288818359375	0.5618896484375	7.62939453125e-05
bxt_gmo__softmax	7.62939453125e-05	1.0	0.000286102294921875	0.063323974609375	0.0008697509765625	7.62939453125e-05
bxt_gmo__square	0.5618896484375	0.000286102294921875	1.0	0.0008697509765625	0.18352801983173075	7.62939453125e-05
bxt_gmo__uniform	0.002288818359375	0.063323974609375	0.0008697509765625	1.0	0.00013078962053571428	7.62939453125e-05
bxt_gmo_full	0.5618896484375	0.0008697509765625	0.18352801983173075	0.00013078962053571428	1.0	7.62939453125e-05
bxt_gmosa	7.62939453125e-05	7.62939453125e-05	7.62939453125e-05	7.62939453125e-05	7.62939453125e-05	1.0
