	bxt_gmo__precomputed	bxt_gmo__softmax	bxt_gmo__square	bxt_gmo__uniform	bxt_gmo_full	bxt_gmosa
bxt_gmo__precomputed	1.0	4.57763671875e-05	0.0923919677734375	0.002288818359375	0.24771554129464285	4.57763671875e-05
bxt_gmo__softmax	4.57763671875e-05	1.0	4.57763671875e-05	0.24771554129464285	4.57763671875e-05	4.57763671875e-05
bxt_gmo__square	0.0923919677734375	4.57763671875e-05	1.0	4.57763671875e-05	0.49542236328125	4.57763671875e-05
bxt_gmo__uniform	0.002288818359375	0.24771554129464285	4.57763671875e-05	1.0	4.57763671875e-05	4.57763671875e-05
bxt_gmo_full	0.24771554129464285	4.57763671875e-05	0.49542236328125	4.57763671875e-05	1.0	4.57763671875e-05
bxt_gmosa	4.57763671875e-05	4.57763671875e-05	4.57763671875e-05	4.57763671875e-05	4.57763671875e-05	1.0
