	bxt_gmo__precomputed	bxt_gmo__softmax	bxt_gmo__square	bxt_gmo__uniform	bxt_gmo_full	bxt_gmosa
bxt_gmo__precomputed	1.0	4.161487926136364e-05	0.0006212506975446429	7.62939453125e-05	4.161487926136364e-05	4.161487926136364e-05
bxt_gmo__softmax	4.161487926136364e-05	1.0	4.161487926136364e-05	4.161487926136364e-05	4.161487926136364e-05	0.0001056377704326923
bxt_gmo__square	0.0006212506975446429	4.161487926136364e-05	1.0	0.49542236328125	4.161487926136364e-05	4.161487926136364e-05
bxt_gmo__uniform	7.62939453125e-05	4.161487926136364e-05	0.49542236328125	1.0	4.161487926136364e-05	4.161487926136364e-05
bxt_gmo_full	4.161487926136364e-05	4.161487926136364e-05	4.161487926136364e-05	4.161487926136364e-05	1.0	4.161487926136364e-05
bxt_gmosa	4.161487926136364e-05	0.0001056377704326923	4.161487926136364e-05	4.161487926136364e-05	4.161487926136364e-05	1.0
