	bxt_gmo__precomputed	bxt_gmo__softmax	bxt_gmo__square	bxt_gmo__uniform	bxt_gmo_full	bxt_gmosa
bxt_gmo__precomputed	1.0	0.005340576171875	0.023542131696428572	0.1476202709927513	0.23858642578125	9.1552734375e-05
bxt_gmo__softmax	0.005340576171875	1.0	0.31527432528409094	0.23858642578125	0.7163020542689732	9.1552734375e-05
bxt_gmo__square	0.023542131696428572	0.31527432528409094	1.0	0.979949951171875	0.7163020542689732	9.1552734375e-05
bxt_gmo__uniform	0.1476202709927513	0.23858642578125	0.979949951171875	1.0	0.7163020542689732	9.1552734375e-05
bxt_gmo_full	0.23858642578125	0.7163020542689732	0.7163020542689732	0.7163020542689732	1.0	9.1552734375e-05
bxt_gmosa	9.1552734375e-05	9.1552734375e-05	9.1552734375e-05	9.1552734375e-05	9.1552734375e-05	1.0
