	bxt_gmo__precomputed	bxt_gmo__softmax	bxt_gmo__square	bxt_gmo__uniform	bxt_gmo_full	bxt_gmosa
bxt_gmo__precomputed	1.0	5.7220458984375e-05	0.3721266526442308	0.002681991655940562	0.31528472900390625	5.7220458984375e-05
bxt_gmo__softmax	5.7220458984375e-05	1.0	5.7220458984375e-05	5.7220458984375e-05	0.01498135653409091	5.7220458984375e-05
bxt_gmo__square	0.3721266526442308	5.7220458984375e-05	1.0	0.00783954573016846	0.432586669921875	5.7220458984375e-05
bxt_gmo__uniform	0.002681991655940562	5.7220458984375e-05	0.00783954573016846	1.0	0.705718994140625	5.7220458984375e-05
bxt_gmo_full	0.31528472900390625	0.01498135653409091	0.432586669921875	0.705718994140625	1.0	5.7220458984375e-05
bxt_gmosa	5.7220458984375e-05	5.7220458984375e-05	5.7220458984375e-05	5.7220458984375e-05	5.7220458984375e-05	1.0
