	bxt_gmo__precomputed	bxt_gmo__softmax	bxt_gmo__square	bxt_gmo__uniform	bxt_gmo_full	bxt_gmosa
bxt_gmo__precomputed	1.0	6.539481026785714e-05	0.026746477399553572	0.0040283203125	0.008803147536057692	6.539481026785714e-05
bxt_gmo__softmax	6.539481026785714e-05	1.0	6.539481026785714e-05	0.005701238458806819	0.00010172526041666667	6.539481026785714e-05
bxt_gmo__square	0.026746477399553572	6.539481026785714e-05	1.0	6.539481026785714e-05	0.1590576171875	6.539481026785714e-05
bxt_gmo__uniform	0.0040283203125	0.005701238458806819	6.539481026785714e-05	1.0	0.00644683837890625	6.539481026785714e-05
bxt_gmo_full	0.008803147536057692	0.00010172526041666667	0.1590576171875	0.00644683837890625	1.0	0.00010172526041666667
bxt_gmosa	6.539481026785714e-05	6.539481026785714e-05	6.539481026785714e-05	6.539481026785714e-05	0.00010172526041666667	1.0
