	bxt_gmo__precomputed	bxt_gmo__softmax	bxt_gmo__square	bxt_gmo__uniform	bxt_gmo_full	bxt_gmosa
bxt_gmo__precomputed	1.0	3.814697265625e-05	3.814697265625e-05	0.022920880998883928	3.814697265625e-05	3.814697265625e-05
bxt_gmo__softmax	3.814697265625e-05	1.0	3.814697265625e-05	3.814697265625e-05	3.814697265625e-05	3.814697265625e-05
bxt_gmo__square	3.814697265625e-05	3.814697265625e-05	1.0	0.00017606295072115384	3.814697265625e-05	3.814697265625e-05
bxt_gmo__uniform	0.022920880998883928	3.814697265625e-05	0.00017606295072115384	1.0	3.814697265625e-05	3.814697265625e-05
bxt_gmo_full	3.814697265625e-05	3.814697265625e-05	3.814697265625e-05	3.814697265625e-05	1.0	0.029873144019229032
bxt_gmosa	3.814697265625e-05	3.814697265625e-05	3.814697265625e-05	3.814697265625e-05	0.029873144019229032	1.0
