	bxt_gmo__precomputed	bxt_gmo__softmax	bxt_gmo__square	bxt_gmo__uniform	bxt_gmo_full	bxt_gmosa
bxt_gmo__precomputed	1.0	0.0004929762620192308	3.814697265625e-05	3.814697265625e-05	3.814697265625e-05	3.814697265625e-05
bxt_gmo__softmax	0.0004929762620192308	1.0	0.0006212506975446429	3.814697265625e-05	3.814697265625e-05	3.814697265625e-05
bxt_gmo__square	3.814697265625e-05	0.0006212506975446429	1.0	3.814697265625e-05	3.814697265625e-05	3.814697265625e-05
bxt_gmo__uniform	3.814697265625e-05	3.814697265625e-05	3.814697265625e-05	1.0	3.814697265625e-05	3.814697265625e-05
bxt_gmo_full	3.814697265625e-05	3.814697265625e-05	3.814697265625e-05	3.814697265625e-05	1.0	0.743560791015625
bxt_gmosa	3.814697265625e-05	3.814697265625e-05	3.814697265625e-05	3.814697265625e-05	0.743560791015625	1.0
