	bxt_gmo__precomputed	bxt_gmo__softmax	bxt_gmo__square	bxt_gmo__uniform	bxt_gmo_full	bxt_gmosa
bxt_gmo__precomputed	1.0	4.57763671875e-05	4.57763671875e-05	0.5618896484375	4.57763671875e-05	4.57763671875e-05
bxt_gmo__softmax	4.57763671875e-05	1.0	4.57763671875e-05	0.00017606295072115384	4.57763671875e-05	4.57763671875e-05
bxt_gmo__square	4.57763671875e-05	4.57763671875e-05	1.0	0.061798095703125	7.62939453125e-05	4.57763671875e-05
bxt_gmo__uniform	0.5618896484375	0.00017606295072115384	0.061798095703125	1.0	4.57763671875e-05	7.62939453125e-05
bxt_gmo_full	4.57763671875e-05	4.57763671875e-05	7.62939453125e-05	4.57763671875e-05	1.0	4.57763671875e-05
bxt_gmosa	4.57763671875e-05	4.57763671875e-05	4.57763671875e-05	7.62939453125e-05	4.57763671875e-05	1.0
