	bxt_gmo__precomputed	bxt_gmo__softmax	bxt_gmo__square	bxt_gmo__uniform	bxt_gmo_full	bxt_gmosa
bxt_gmo__precomputed	1.0	0.0038733849158653845	4.57763671875e-05	0.079193115234375	4.57763671875e-05	4.57763671875e-05
bxt_gmo__softmax	0.0038733849158653845	1.0	4.57763671875e-05	0.0038733849158653845	4.57763671875e-05	4.57763671875e-05
bxt_gmo__square	4.57763671875e-05	4.57763671875e-05	1.0	0.104583740234375	4.57763671875e-05	4.57763671875e-05
bxt_gmo__uniform	0.079193115234375	0.0038733849158653845	0.104583740234375	1.0	4.57763671875e-05	4.57763671875e-05
bxt_gmo_full	4.57763671875e-05	4.57763671875e-05	4.57763671875e-05	4.57763671875e-05	1.0	8.322975852272728e-05
bxt_gmosa	4.57763671875e-05	4.57763671875e-05	4.57763671875e-05	4.57763671875e-05	8.322975852272728e-05	1.0
