	bxt_gmo__precomputed	bxt_gmo__softmax	bxt_gmo__square	bxt_gmo__uniform	bxt_gmo_full	bxt_gmosa
bxt_gmo__precomputed	1.0	0.0009663899739583334	0.014027186802455356	0.0009663899739583334	0.0005340576171875	0.005950927734375
bxt_gmo__softmax	0.0009663899739583334	1.0	0.00011444091796875	0.003204345703125	0.00018310546875	0.005950927734375
bxt_gmo__square	0.014027186802455356	0.00011444091796875	1.0	0.00011444091796875	0.0006539481026785714	0.005950927734375
bxt_gmo__uniform	0.0009663899739583334	0.003204345703125	0.00011444091796875	1.0	0.00011444091796875	0.528167724609375
bxt_gmo_full	0.0005340576171875	0.00018310546875	0.0006539481026785714	0.00011444091796875	1.0	0.00011444091796875
bxt_gmosa	0.005950927734375	0.005950927734375	0.005950927734375	0.528167724609375	0.00011444091796875	1.0
