	bxt_gmo__precomputed	bxt_gmo__softmax	bxt_gmo__square	bxt_gmo__uniform	bxt_gmo_full	bxt_gmosa
bxt_gmo__precomputed	1.0	9.1552734375e-05	0.01148223876953125	0.00013078962053571428	0.00035603841145833337	0.12500217982700892
bxt_gmo__softmax	9.1552734375e-05	1.0	9.1552734375e-05	0.0008697509765625	0.00013078962053571428	0.2978515625
bxt_gmo__square	0.01148223876953125	9.1552734375e-05	1.0	9.1552734375e-05	0.000286102294921875	0.01040371981534091
bxt_gmo__uniform	0.00013078962053571428	0.0008697509765625	9.1552734375e-05	1.0	9.1552734375e-05	0.12500217982700892
bxt_gmo_full	0.00035603841145833337	0.00013078962053571428	0.000286102294921875	9.1552734375e-05	1.0	9.1552734375e-05
bxt_gmosa	0.12500217982700892	0.2978515625	0.01040371981534091	0.12500217982700892	9.1552734375e-05	1.0
