	bxt_gmo__precomputed	bxt_gmo__softmax	bxt_gmo__square	bxt_gmo__uniform	bxt_gmo_full	bxt_gmosa
bxt_gmo__precomputed	1.0	5.0862630208333336e-05	0.0001373291015625	5.0862630208333336e-05	0.0005340576171875	5.0862630208333336e-05
bxt_gmo__softmax	5.0862630208333336e-05	1.0	5.0862630208333336e-05	0.0008803147536057692	5.0862630208333336e-05	0.0005340576171875
bxt_gmo__square	0.0001373291015625	5.0862630208333336e-05	1.0	5.0862630208333336e-05	0.274444580078125	5.0862630208333336e-05
bxt_gmo__uniform	5.0862630208333336e-05	0.0008803147536057692	5.0862630208333336e-05	1.0	5.0862630208333336e-05	0.026746477399553572
bxt_gmo_full	0.0005340576171875	5.0862630208333336e-05	0.274444580078125	5.0862630208333336e-05	1.0	5.0862630208333336e-05
bxt_gmosa	5.0862630208333336e-05	0.0005340576171875	5.0862630208333336e-05	0.026746477399553572	5.0862630208333336e-05	1.0
