	bxt_gmo__precomputed	bxt_gmo__softmax	bxt_gmo__square	bxt_gmo__uniform	bxt_gmo_full	bxt_gmosa
bxt_gmo__precomputed	1.0	0.04906025182098125	0.07598089684466067	0.04978857336538172	0.07833923483620306	0.05100153810209048
bxt_gmo__softmax	0.04906025182098125	1.0	0.024313808854099114	0.08114507908986825	0.024313808854099114	0.04909434018200387
bxt_gmo__square	0.07598089684466067	0.024313808854099114	1.0	0.024313808854099114	0.6050949464540121	0.024313808854099114
bxt_gmo__uniform	0.04978857336538172	0.08114507908986825	0.024313808854099114	1.0	0.024313808854099114	0.5372651480218648
bxt_gmo_full	0.07833923483620306	0.024313808854099114	0.6050949464540121	0.024313808854099114	1.0	0.024313808854099114
bxt_gmosa	0.05100153810209048	0.04909434018200387	0.024313808854099114	0.5372651480218648	0.024313808854099114	1.0
