	bxt_gmo__precomputed	bxt_gmo__softmax	bxt_gmo__square	bxt_gmo__uniform	bxt_gmo_full	bxt_gmosa
bxt_gmo__precomputed	1.0	0.605621337890625	0.9381342682829861	0.605621337890625	0.605621337890625	0.605621337890625
bxt_gmo__softmax	0.605621337890625	1.0	0.605621337890625	0.605621337890625	0.7561274937220982	0.6755759499289773
bxt_gmo__square	0.9381342682829861	0.605621337890625	1.0	0.605621337890625	0.605621337890625	0.605621337890625
bxt_gmo__uniform	0.605621337890625	0.605621337890625	0.605621337890625	1.0	0.7561274937220982	0.7457351684570312
bxt_gmo_full	0.605621337890625	0.7561274937220982	0.605621337890625	0.7561274937220982	1.0	0.605621337890625
bxt_gmosa	0.605621337890625	0.6755759499289773	0.605621337890625	0.7457351684570312	0.605621337890625	1.0
