	bxt_gmo__precomputed	bxt_gmo__softmax	bxt_gmo__square	bxt_gmo__uniform	bxt_gmo_full	bxt_gmosa
bxt_gmo__precomputed	1.0	0.13429583114777668	0.836138661741041	0.13119866285014417	0.836138661741041	0.17430623372395834
bxt_gmo__softmax	0.13429583114777668	1.0	0.13429583114777668	0.34305572509765625	0.13119866285014417	0.34305572509765625
bxt_gmo__square	0.836138661741041	0.13429583114777668	1.0	0.13119866285014417	0.5785932363312389	0.13858795166015625
bxt_gmo__uniform	0.13119866285014417	0.34305572509765625	0.13119866285014417	1.0	0.13119866285014417	0.34305572509765625
bxt_gmo_full	0.836138661741041	0.13119866285014417	0.5785932363312389	0.13119866285014417	1.0	0.13119866285014417
bxt_gmosa	0.17430623372395834	0.34305572509765625	0.13858795166015625	0.34305572509765625	0.13119866285014417	1.0
