	bxt_gmo__precomputed	bxt_gmo__softmax	bxt_gmo__square	bxt_gmo__uniform	bxt_gmo_full	bxt_gmosa
bxt_gmo__precomputed	1.0	0.008888989376740708	0.008888989376740708	0.006577327961136988	5.0862630208333336e-05	5.0862630208333336e-05
bxt_gmo__softmax	0.008888989376740708	1.0	0.0003204345703125	0.23149299765738762	5.0862630208333336e-05	5.0862630208333336e-05
bxt_gmo__square	0.008888989376740708	0.0003204345703125	1.0	5.0862630208333336e-05	5.0862630208333336e-05	5.0862630208333336e-05
bxt_gmo__uniform	0.006577327961136988	0.23149299765738762	5.0862630208333336e-05	1.0	5.0862630208333336e-05	5.0862630208333336e-05
bxt_gmo_full	5.0862630208333336e-05	5.0862630208333336e-05	5.0862630208333336e-05	5.0862630208333336e-05	1.0	0.052952107478224236
bxt_gmosa	5.0862630208333336e-05	5.0862630208333336e-05	5.0862630208333336e-05	5.0862630208333336e-05	0.052952107478224236	1.0
