	brf_gmo	brf_gmo__nrlmf	brf_gmosa	brf_gmosa__nrlmf	brf_gso	brf_gso__nrlmf	brf_lmo	brf_lmo__nrlmf
brf_gmo	1.0	0.00018575917119565219	4.2724609375e-05	4.2724609375e-05	0.1590576171875	4.2724609375e-05	0.003615159254807692	4.2724609375e-05
brf_gmo__nrlmf	0.00018575917119565219	1.0	4.2724609375e-05	4.2724609375e-05	7.768110795454545e-05	4.2724609375e-05	0.0008544921875	4.2724609375e-05
brf_gmosa	4.2724609375e-05	4.2724609375e-05	1.0	4.2724609375e-05	4.2724609375e-05	4.2724609375e-05	4.2724609375e-05	4.2724609375e-05
brf_gmosa__nrlmf	4.2724609375e-05	4.2724609375e-05	4.2724609375e-05	1.0	4.2724609375e-05	4.2724609375e-05	4.2724609375e-05	0.007911964699074073
brf_gso	0.1590576171875	7.768110795454545e-05	4.2724609375e-05	4.2724609375e-05	1.0	4.2724609375e-05	7.768110795454545e-05	4.2724609375e-05
brf_gso__nrlmf	4.2724609375e-05	4.2724609375e-05	4.2724609375e-05	4.2724609375e-05	4.2724609375e-05	1.0	4.2724609375e-05	0.00024922688802083337
brf_lmo	0.003615159254807692	0.0008544921875	4.2724609375e-05	4.2724609375e-05	7.768110795454545e-05	4.2724609375e-05	1.0	4.2724609375e-05
brf_lmo__nrlmf	4.2724609375e-05	4.2724609375e-05	4.2724609375e-05	0.007911964699074073	4.2724609375e-05	0.00024922688802083337	4.2724609375e-05	1.0
