	brf_gmosa	brf_gso	brf_gso__nrlmf	brf_lmo	brf_lmo__nrlmf	brf_lso
brf_gmosa	1.0	0.034040971235795456	6.539481026785714e-05	0.012715657552083334	6.539481026785714e-05	0.2667705829326923
brf_gso	0.034040971235795456	1.0	6.539481026785714e-05	0.29404776436941965	0.0720977783203125	0.0196380615234375
brf_gso__nrlmf	6.539481026785714e-05	6.539481026785714e-05	1.0	6.539481026785714e-05	0.00629425048828125	6.539481026785714e-05
brf_lmo	0.012715657552083334	0.29404776436941965	6.539481026785714e-05	1.0	6.539481026785714e-05	0.820892333984375
brf_lmo__nrlmf	6.539481026785714e-05	0.0720977783203125	0.00629425048828125	6.539481026785714e-05	1.0	6.539481026785714e-05
brf_lso	0.2667705829326923	0.0196380615234375	6.539481026785714e-05	0.820892333984375	6.539481026785714e-05	1.0
