	brf_gmosa	brf_gso	brf_gso__nrlmf	brf_lmo	brf_lmo__nrlmf	brf_lso
brf_gmosa	1.0	0.979949951171875	5.7220458984375e-05	0.979949951171875	5.7220458984375e-05	0.19444783528645834
brf_gso	0.979949951171875	1.0	5.7220458984375e-05	0.979949951171875	5.7220458984375e-05	0.5631866455078125
brf_gso__nrlmf	5.7220458984375e-05	5.7220458984375e-05	1.0	5.7220458984375e-05	0.979949951171875	5.7220458984375e-05
brf_lmo	0.979949951171875	0.979949951171875	5.7220458984375e-05	1.0	5.7220458984375e-05	0.5907232111150569
brf_lmo__nrlmf	5.7220458984375e-05	5.7220458984375e-05	0.979949951171875	5.7220458984375e-05	1.0	5.7220458984375e-05
brf_lso	0.19444783528645834	0.5631866455078125	5.7220458984375e-05	0.5907232111150569	5.7220458984375e-05	1.0
