	brf_gmo	brf_gmo__nrlmf	brf_gmosa	brf_gmosa__nrlmf	brf_gso	brf_gso__nrlmf	brf_lmo	brf_lmo__nrlmf
brf_gmo	1.0	5.340576171875e-05	5.340576171875e-05	5.340576171875e-05	0.632171630859375	5.340576171875e-05	5.340576171875e-05	5.340576171875e-05
brf_gmo__nrlmf	5.340576171875e-05	1.0	5.340576171875e-05	5.340576171875e-05	5.340576171875e-05	5.340576171875e-05	5.340576171875e-05	8.994654605263157e-05
brf_gmosa	5.340576171875e-05	5.340576171875e-05	1.0	0.00299072265625	5.340576171875e-05	0.009710138494318182	0.5137713396990741	0.015938136888586956
brf_gmosa__nrlmf	5.340576171875e-05	5.340576171875e-05	0.00299072265625	1.0	5.340576171875e-05	8.994654605263157e-05	0.10465820312499999	8.994654605263157e-05
brf_gso	0.632171630859375	5.340576171875e-05	5.340576171875e-05	5.340576171875e-05	1.0	5.340576171875e-05	5.340576171875e-05	5.340576171875e-05
brf_gso__nrlmf	5.340576171875e-05	5.340576171875e-05	0.009710138494318182	8.994654605263157e-05	5.340576171875e-05	1.0	0.0035807291666666665	0.2076416015625
brf_lmo	5.340576171875e-05	5.340576171875e-05	0.5137713396990741	0.10465820312499999	5.340576171875e-05	0.0035807291666666665	1.0	0.067291259765625
brf_lmo__nrlmf	5.340576171875e-05	8.994654605263157e-05	0.015938136888586956	8.994654605263157e-05	5.340576171875e-05	0.2076416015625	0.067291259765625	1.0
