	brf_gmosa	brf_gso	brf_gso__nrlmf	brf_lmo	brf_lmo__nrlmf	brf_lso
brf_gmosa	1.0	5.0862630208333336e-05	5.0862630208333336e-05	0.14385986328125	5.0862630208333336e-05	0.000457763671875
brf_gso	5.0862630208333336e-05	1.0	5.0862630208333336e-05	5.0862630208333336e-05	0.13899666922433035	0.00857266512784091
brf_gso__nrlmf	5.0862630208333336e-05	5.0862630208333336e-05	1.0	5.0862630208333336e-05	5.0862630208333336e-05	5.0862630208333336e-05
brf_lmo	0.14385986328125	5.0862630208333336e-05	5.0862630208333336e-05	1.0	5.0862630208333336e-05	0.01636505126953125
brf_lmo__nrlmf	5.0862630208333336e-05	0.13899666922433035	5.0862630208333336e-05	5.0862630208333336e-05	1.0	0.12067354642427884
brf_lso	0.000457763671875	0.00857266512784091	5.0862630208333336e-05	0.01636505126953125	0.12067354642427884	1.0
