	brf_gmosa	brf_gso	brf_gso__nrlmf	brf_lmo	brf_lmo__nrlmf	brf_lso
brf_gmosa	1.0	9.1552734375e-05	0.011444091796875	0.5308096749441964	0.017852783203125	0.0019073486328125
brf_gso	9.1552734375e-05	1.0	9.1552734375e-05	9.1552734375e-05	9.1552734375e-05	9.1552734375e-05
brf_gso__nrlmf	0.011444091796875	9.1552734375e-05	1.0	0.005035400390625	0.22247314453125	0.010477701822916668
brf_lmo	0.5308096749441964	9.1552734375e-05	0.005035400390625	1.0	0.0720977783203125	0.93988037109375
brf_lmo__nrlmf	0.017852783203125	9.1552734375e-05	0.22247314453125	0.0720977783203125	1.0	0.003596714564732143
brf_lso	0.0019073486328125	9.1552734375e-05	0.010477701822916668	0.93988037109375	0.003596714564732143	1.0
