	brf_gmo	brf_gmo__nrlmf	brf_gmosa	brf_gmosa__nrlmf	brf_gso	brf_gso__nrlmf	brf_lmo	brf_lmo__nrlmf
brf_gmo	1.0	0.0006646050347222221	0.00013146033653846153	0.24898587740384615	0.005574544270833333	9.494357638888888e-05	0.0002848307291666667	0.00469970703125
brf_gmo__nrlmf	0.0006646050347222221	1.0	0.00013146033653846153	0.0005026424632352942	9.494357638888888e-05	0.6933096426504629	0.00018310546875	0.0152740478515625
brf_gmosa	0.00013146033653846153	0.00013146033653846153	1.0	0.00013146033653846153	0.020439453125	9.494357638888888e-05	0.0024735300164473685	9.494357638888888e-05
brf_gmosa__nrlmf	0.24898587740384615	0.0005026424632352942	0.00013146033653846153	1.0	9.494357638888888e-05	9.494357638888888e-05	0.0005026424632352942	0.011182702105978262
brf_gso	0.005574544270833333	9.494357638888888e-05	0.020439453125	9.494357638888888e-05	1.0	9.494357638888888e-05	1.0	9.494357638888888e-05
brf_gso__nrlmf	9.494357638888888e-05	0.6933096426504629	9.494357638888888e-05	9.494357638888888e-05	9.494357638888888e-05	1.0	0.00013146033653846153	0.009710138494318182
brf_lmo	0.0002848307291666667	0.00018310546875	0.0024735300164473685	0.0005026424632352942	1.0	0.00013146033653846153	1.0	9.494357638888888e-05
brf_lmo__nrlmf	0.00469970703125	0.0152740478515625	9.494357638888888e-05	0.011182702105978262	9.494357638888888e-05	0.009710138494318182	9.494357638888888e-05	1.0
