	brf_gmosa	brf_gso	brf_gso__nrlmf	brf_lmo	brf_lmo__nrlmf	brf_lso
brf_gmosa	1.0	0.024885697798295456	6.539481026785714e-05	0.0027974446614583335	6.539481026785714e-05	0.04192352294921875
brf_gso	0.024885697798295456	1.0	6.539481026785714e-05	1.0	6.539481026785714e-05	0.4022761753627232
brf_gso__nrlmf	6.539481026785714e-05	6.539481026785714e-05	1.0	0.00011444091796875	0.011444091796875	6.539481026785714e-05
brf_lmo	0.0027974446614583335	1.0	0.00011444091796875	1.0	6.539481026785714e-05	0.07546058067908654
brf_lmo__nrlmf	6.539481026785714e-05	6.539481026785714e-05	0.011444091796875	6.539481026785714e-05	1.0	6.539481026785714e-05
brf_lso	0.04192352294921875	0.4022761753627232	6.539481026785714e-05	0.07546058067908654	6.539481026785714e-05	1.0
