	brf_gmosa	brf_gso	brf_gso__nrlmf	brf_lmo	brf_lmo__nrlmf	brf_lso
brf_gmosa	1.0	7.62939453125e-05	7.62939453125e-05	7.62939453125e-05	0.0019683837890625	0.054277692522321425
brf_gso	7.62939453125e-05	1.0	0.375457763671875	7.62939453125e-05	0.0009663899739583334	7.62939453125e-05
brf_gso__nrlmf	7.62939453125e-05	0.375457763671875	1.0	0.00091552734375	0.02674102783203125	7.62939453125e-05
brf_lmo	7.62939453125e-05	7.62939453125e-05	0.00091552734375	1.0	0.038698636568509616	0.0009663899739583334
brf_lmo__nrlmf	0.0019683837890625	0.0009663899739583334	0.02674102783203125	0.038698636568509616	1.0	0.00457763671875
brf_lso	0.054277692522321425	7.62939453125e-05	7.62939453125e-05	0.0009663899739583334	0.00457763671875	1.0
