	brf_gmo	brf_gmo__nrlmf	brf_gmosa	brf_gmosa__nrlmf	brf_gso	brf_gso__nrlmf	brf_lmo	brf_lmo__nrlmf
brf_gmo	1.0	0.0001068115234375	0.0001068115234375	0.0001068115234375	0.0002848307291666667	0.000213623046875	0.00101470947265625	0.0001068115234375
brf_gmo__nrlmf	0.0001068115234375	1.0	0.007220458984375	0.0001068115234375	0.0001068115234375	0.0001708984375	0.0001068115234375	0.0012566061580882354
brf_gmosa	0.0001068115234375	0.007220458984375	1.0	0.0002848307291666667	0.0001708984375	0.000213623046875	0.0001068115234375	0.596588134765625
brf_gmosa__nrlmf	0.0001068115234375	0.0001068115234375	0.0002848307291666667	1.0	0.04082986582880435	0.5137713396990741	0.3073779296875	0.002610948350694444
brf_gso	0.0002848307291666667	0.0001068115234375	0.0001708984375	0.04082986582880435	1.0	0.024332682291666668	0.04082986582880435	0.0002848307291666667
brf_gso__nrlmf	0.000213623046875	0.0001708984375	0.000213623046875	0.5137713396990741	0.024332682291666668	1.0	0.49941781850961536	0.007220458984375
brf_lmo	0.00101470947265625	0.0001068115234375	0.0001068115234375	0.3073779296875	0.04082986582880435	0.49941781850961536	1.0	0.08623250325520834
brf_lmo__nrlmf	0.0001068115234375	0.0012566061580882354	0.596588134765625	0.002610948350694444	0.0002848307291666667	0.007220458984375	0.08623250325520834	1.0
