	brf_gmosa	brf_gso	brf_gso__nrlmf	brf_lmo	brf_lmo__nrlmf	brf_lso
brf_gmosa	1.0	0.00091552734375	0.0006866455078125	0.008595784505208334	0.008595784505208334	0.705718994140625
brf_gso	0.00091552734375	1.0	0.0032806396484375	0.0312042236328125	0.04457913912259615	0.01498135653409091
brf_gso__nrlmf	0.0006866455078125	0.0032806396484375	1.0	0.00091552734375	0.00091552734375	0.0006866455078125
brf_lmo	0.008595784505208334	0.0312042236328125	0.00091552734375	1.0	0.011444091796875	0.15413556780133927
brf_lmo__nrlmf	0.008595784505208334	0.04457913912259615	0.00091552734375	0.011444091796875	1.0	0.008595784505208334
brf_lso	0.705718994140625	0.01498135653409091	0.0006866455078125	0.15413556780133927	0.008595784505208334	1.0
