	brf_gmo	brf_gmo__nrlmf	brf_gmosa	brf_gmosa__nrlmf	brf_gso	brf_gso__nrlmf	brf_lmo	brf_lmo__nrlmf
brf_gmo	1.0	0.7080322265625	0.47527754934210525	0.00042724609375	0.8109130859375	0.4154339958639706	0.7199753981370192	0.00042724609375
brf_gmo__nrlmf	0.7080322265625	1.0	0.12895063920454547	0.3068695068359375	0.860260009765625	0.5902210582386364	0.6429867951766305	0.24402872721354169
brf_gmosa	0.47527754934210525	0.12895063920454547	1.0	0.6960194905598959	0.29690755208333336	0.5902210582386364	0.0027058919270833335	0.29690755208333336
brf_gmosa__nrlmf	0.00042724609375	0.3068695068359375	0.6960194905598959	1.0	0.001068115234375	0.030517578125	0.10817871093749999	0.0776638454861111
brf_gso	0.8109130859375	0.860260009765625	0.29690755208333336	0.001068115234375	1.0	0.2794189453125	0.5902210582386364	0.001068115234375
brf_gso__nrlmf	0.4154339958639706	0.5902210582386364	0.5902210582386364	0.030517578125	0.2794189453125	1.0	0.42691379123263884	0.0023925781249999997
brf_lmo	0.7199753981370192	0.6429867951766305	0.0027058919270833335	0.10817871093749999	0.5902210582386364	0.42691379123263884	1.0	0.0458221435546875
brf_lmo__nrlmf	0.00042724609375	0.24402872721354169	0.29690755208333336	0.0776638454861111	0.001068115234375	0.0023925781249999997	0.0458221435546875	1.0
