	brf_gmosa	brf_gso	brf_gso__nrlmf	brf_lmo	brf_lmo__nrlmf	brf_lso
brf_gmosa	1.0	5.7220458984375e-05	5.7220458984375e-05	0.743560791015625	5.7220458984375e-05	0.0077362060546875
brf_gso	5.7220458984375e-05	1.0	5.7220458984375e-05	0.01636505126953125	0.01498135653409091	0.10011945452008929
brf_gso__nrlmf	5.7220458984375e-05	5.7220458984375e-05	1.0	5.7220458984375e-05	5.7220458984375e-05	5.7220458984375e-05
brf_lmo	0.743560791015625	0.01636505126953125	5.7220458984375e-05	1.0	0.00010172526041666667	0.03345196063701923
brf_lmo__nrlmf	5.7220458984375e-05	0.01498135653409091	5.7220458984375e-05	0.00010172526041666667	1.0	5.7220458984375e-05
brf_lso	0.0077362060546875	0.10011945452008929	5.7220458984375e-05	0.03345196063701923	5.7220458984375e-05	1.0
