	brf_gmo	brf_gmo__nrlmf	brf_gmosa	brf_gmosa__nrlmf	brf_gso	brf_gso__nrlmf	brf_lmo	brf_lmo__nrlmf
brf_gmo	1.0	6.103515625e-05	6.103515625e-05	0.00014241536458333332	0.00010052849264705883	6.103515625e-05	6.103515625e-05	6.103515625e-05
brf_gmo__nrlmf	6.103515625e-05	1.0	0.0026006283967391305	6.103515625e-05	6.103515625e-05	0.00010052849264705883	6.103515625e-05	0.00010052849264705883
brf_gmosa	6.103515625e-05	0.0026006283967391305	1.0	6.103515625e-05	6.103515625e-05	6.103515625e-05	6.103515625e-05	0.0016701438210227273
brf_gmosa__nrlmf	0.00014241536458333332	6.103515625e-05	6.103515625e-05	1.0	0.49542236328125	0.008900960286458334	6.103515625e-05	0.0016701438210227273
brf_gso	0.00010052849264705883	6.103515625e-05	6.103515625e-05	0.49542236328125	1.0	0.3893636067708333	6.103515625e-05	0.0008117675781249999
brf_gso__nrlmf	6.103515625e-05	0.00010052849264705883	6.103515625e-05	0.008900960286458334	0.3893636067708333	1.0	0.0006296258223684211	0.0239599609375
brf_lmo	6.103515625e-05	6.103515625e-05	6.103515625e-05	6.103515625e-05	6.103515625e-05	0.0006296258223684211	1.0	0.036118727463942304
brf_lmo__nrlmf	6.103515625e-05	0.00010052849264705883	0.0016701438210227273	0.0016701438210227273	0.0008117675781249999	0.0239599609375	0.036118727463942304	1.0
