	bxt_gmo	bxt_gmosa	bxt_gso	bxt_lmo	bxt_lso	bxt_sgso_us
bxt_gmo	1.0	4.161487926136364e-05	4.161487926136364e-05	4.161487926136364e-05	4.161487926136364e-05	4.161487926136364e-05
bxt_gmosa	4.161487926136364e-05	1.0	0.129730224609375	4.161487926136364e-05	0.08919852120535714	4.161487926136364e-05
bxt_gso	4.161487926136364e-05	0.129730224609375	1.0	7.62939453125e-05	0.028803898737980768	4.161487926136364e-05
bxt_lmo	4.161487926136364e-05	4.161487926136364e-05	7.62939453125e-05	1.0	4.161487926136364e-05	4.161487926136364e-05
bxt_lso	4.161487926136364e-05	0.08919852120535714	0.028803898737980768	4.161487926136364e-05	1.0	4.161487926136364e-05
bxt_sgso_us	4.161487926136364e-05	4.161487926136364e-05	4.161487926136364e-05	4.161487926136364e-05	4.161487926136364e-05	1.0
