	bxt_gmo	bxt_gmosa	bxt_gso	bxt_lmo	bxt_lso	bxt_sgso_us
bxt_gmo	1.0	9.1552734375e-05	9.1552734375e-05	9.1552734375e-05	9.1552734375e-05	9.1552734375e-05
bxt_gmosa	9.1552734375e-05	1.0	0.37575857979910715	0.5631866455078125	0.5631866455078125	0.7163020542689732
bxt_gso	9.1552734375e-05	0.37575857979910715	1.0	0.7163020542689732	0.359649658203125	0.7163020542689732
bxt_lmo	9.1552734375e-05	0.5631866455078125	0.7163020542689732	1.0	0.6323797052556819	0.899932861328125
bxt_lso	9.1552734375e-05	0.5631866455078125	0.359649658203125	0.6323797052556819	1.0	0.5584716796875
bxt_sgso_us	9.1552734375e-05	0.7163020542689732	0.7163020542689732	0.899932861328125	0.5584716796875	1.0
