	bxt_gmo__precomputed	bxt_gmo__softmax	bxt_gmo__square	bxt_gmo__uniform	bxt_gmo_full	bxt_gmosa
bxt_gmo__precomputed	1.0	0.004180908203125	0.0024648813100961535	4.57763671875e-05	4.57763671875e-05	4.57763671875e-05
bxt_gmo__softmax	0.004180908203125	1.0	8.322975852272728e-05	4.57763671875e-05	4.57763671875e-05	4.57763671875e-05
bxt_gmo__square	0.0024648813100961535	8.322975852272728e-05	1.0	0.0024648813100961535	4.57763671875e-05	4.57763671875e-05
bxt_gmo__uniform	4.57763671875e-05	4.57763671875e-05	0.0024648813100961535	1.0	4.57763671875e-05	4.57763671875e-05
bxt_gmo_full	4.57763671875e-05	4.57763671875e-05	4.57763671875e-05	4.57763671875e-05	1.0	0.002877371651785714
bxt_gmosa	4.57763671875e-05	4.57763671875e-05	4.57763671875e-05	4.57763671875e-05	0.002877371651785714	1.0
