	bxt_gmo__precomputed	bxt_gmo__softmax	bxt_gmo__square	bxt_gmo__uniform	bxt_gmo_full	bxt_gmosa
bxt_gmo__precomputed	1.0	0.02105712890625	0.00011444091796875	9.1552734375e-05	0.0007120768229166667	0.019378662109375
bxt_gmo__softmax	0.02105712890625	1.0	0.00011444091796875	9.1552734375e-05	0.0025177001953125	0.49542236328125
bxt_gmo__square	0.00011444091796875	0.00011444091796875	1.0	0.022920880998883928	9.1552734375e-05	0.00011444091796875
bxt_gmo__uniform	9.1552734375e-05	9.1552734375e-05	0.022920880998883928	1.0	9.1552734375e-05	9.1552734375e-05
bxt_gmo_full	0.0007120768229166667	0.0025177001953125	9.1552734375e-05	9.1552734375e-05	1.0	0.00457763671875
bxt_gmosa	0.019378662109375	0.49542236328125	0.00011444091796875	9.1552734375e-05	0.00457763671875	1.0
