	bxt_gmo__precomputed	bxt_gmo__softmax	bxt_gmo__square	bxt_gmo__uniform	bxt_gmo_full	bxt_gmosa
bxt_gmo__precomputed	1.0	0.27024405343191965	0.05268443714488637	0.12067354642427884	5.7220458984375e-05	5.7220458984375e-05
bxt_gmo__softmax	0.27024405343191965	1.0	0.004475911458333334	0.49542236328125	5.7220458984375e-05	5.7220458984375e-05
bxt_gmo__square	0.05268443714488637	0.004475911458333334	1.0	0.0077362060546875	5.7220458984375e-05	5.7220458984375e-05
bxt_gmo__uniform	0.12067354642427884	0.49542236328125	0.0077362060546875	1.0	5.7220458984375e-05	5.7220458984375e-05
bxt_gmo_full	5.7220458984375e-05	5.7220458984375e-05	5.7220458984375e-05	5.7220458984375e-05	1.0	0.0720977783203125
bxt_gmosa	5.7220458984375e-05	5.7220458984375e-05	5.7220458984375e-05	5.7220458984375e-05	0.0720977783203125	1.0
