	bxt_gmo__precomputed	bxt_gmo__softmax	bxt_gmo__square	bxt_gmo__uniform	bxt_gmo_full	bxt_gmosa
bxt_gmo__precomputed	1.0	0.13461773212139422	0.06042480468750001	0.063323974609375	5.7220458984375e-05	5.7220458984375e-05
bxt_gmo__softmax	0.13461773212139422	1.0	0.001678466796875	0.705718994140625	5.7220458984375e-05	5.7220458984375e-05
bxt_gmo__square	0.06042480468750001	0.001678466796875	1.0	0.011444091796875	5.7220458984375e-05	5.7220458984375e-05
bxt_gmo__uniform	0.063323974609375	0.705718994140625	0.011444091796875	1.0	5.7220458984375e-05	5.7220458984375e-05
bxt_gmo_full	5.7220458984375e-05	5.7220458984375e-05	5.7220458984375e-05	5.7220458984375e-05	1.0	0.27024405343191965
bxt_gmosa	5.7220458984375e-05	5.7220458984375e-05	5.7220458984375e-05	5.7220458984375e-05	0.27024405343191965	1.0
