	bxt_gmo__precomputed	bxt_gmo__softmax	bxt_gmo__square	bxt_gmo__uniform	bxt_gmo_full	bxt_gmosa
bxt_gmo__precomputed	1.0	0.17690485174005682	0.49686976841517855	0.0021870930989583335	5.7220458984375e-05	5.7220458984375e-05
bxt_gmo__softmax	0.17690485174005682	1.0	0.198822021484375	0.49686976841517855	5.7220458984375e-05	5.7220458984375e-05
bxt_gmo__square	0.49686976841517855	0.198822021484375	1.0	0.0196380615234375	5.7220458984375e-05	5.7220458984375e-05
bxt_gmo__uniform	0.0021870930989583335	0.49686976841517855	0.0196380615234375	1.0	5.7220458984375e-05	5.7220458984375e-05
bxt_gmo_full	5.7220458984375e-05	5.7220458984375e-05	5.7220458984375e-05	5.7220458984375e-05	1.0	0.93988037109375
bxt_gmosa	5.7220458984375e-05	5.7220458984375e-05	5.7220458984375e-05	5.7220458984375e-05	0.93988037109375	1.0
