	bxt_gmo__precomputed	bxt_gmo__softmax	bxt_gmo__square	bxt_gmo__uniform	bxt_gmo_full	bxt_gmosa
bxt_gmo__precomputed	1.0	0.2065822056361607	0.01636505126953125	0.01636505126953125	9.1552734375e-05	0.001430511474609375
bxt_gmo__softmax	0.2065822056361607	1.0	0.003204345703125	0.596588134765625	0.001430511474609375	0.001430511474609375
bxt_gmo__square	0.01636505126953125	0.003204345703125	1.0	0.0027974446614583335	9.1552734375e-05	0.12067354642427884
bxt_gmo__uniform	0.01636505126953125	0.596588134765625	0.0027974446614583335	1.0	9.1552734375e-05	9.1552734375e-05
bxt_gmo_full	9.1552734375e-05	0.001430511474609375	9.1552734375e-05	9.1552734375e-05	1.0	9.1552734375e-05
bxt_gmosa	0.001430511474609375	0.001430511474609375	0.12067354642427884	9.1552734375e-05	9.1552734375e-05	1.0
