	bxt_gmo__precomputed	bxt_gmo__softmax	bxt_gmo__square	bxt_gmo__uniform	bxt_gmo_full	bxt_gmosa
bxt_gmo__precomputed	1.0	0.40374755859375	9.1552734375e-05	0.04457913912259615	5.0862630208333336e-05	5.0862630208333336e-05
bxt_gmo__softmax	0.40374755859375	1.0	0.0002080743963068182	0.12500217982700892	5.0862630208333336e-05	5.0862630208333336e-05
bxt_gmo__square	9.1552734375e-05	0.0002080743963068182	1.0	0.0095367431640625	5.0862630208333336e-05	5.0862630208333336e-05
bxt_gmo__uniform	0.04457913912259615	0.12500217982700892	0.0095367431640625	1.0	5.0862630208333336e-05	5.0862630208333336e-05
bxt_gmo_full	5.0862630208333336e-05	5.0862630208333336e-05	5.0862630208333336e-05	5.0862630208333336e-05	1.0	5.0862630208333336e-05
bxt_gmosa	5.0862630208333336e-05	5.0862630208333336e-05	5.0862630208333336e-05	5.0862630208333336e-05	5.0862630208333336e-05	1.0
