	bxt_gmo__precomputed	bxt_gmo__softmax	bxt_gmo__square	bxt_gmo__uniform	bxt_gmo_full	bxt_gmosa
bxt_gmo__precomputed	1.0	0.05845289963942307	0.003147125244140625	0.012715657552083334	0.00011444091796875	0.4637451171875
bxt_gmo__softmax	0.05845289963942307	1.0	0.0002288818359375	0.31912667410714285	0.00011444091796875	0.0312042236328125
bxt_gmo__square	0.003147125244140625	0.0002288818359375	1.0	0.0002288818359375	0.00011444091796875	0.024885697798295456
bxt_gmo__uniform	0.012715657552083334	0.31912667410714285	0.0002288818359375	1.0	0.0003269740513392857	0.024885697798295456
bxt_gmo_full	0.00011444091796875	0.00011444091796875	0.00011444091796875	0.0003269740513392857	1.0	0.00011444091796875
bxt_gmosa	0.4637451171875	0.0312042236328125	0.024885697798295456	0.024885697798295456	0.00011444091796875	1.0
