	bxt_gmo__precomputed	bxt_gmo__softmax	bxt_gmo__square	bxt_gmo__uniform	bxt_gmo_full	bxt_gmosa
bxt_gmo__precomputed	1.0	0.03345196063701923	0.0312042236328125	0.18787928989955358	5.7220458984375e-05	0.00010172526041666667
bxt_gmo__softmax	0.03345196063701923	1.0	0.899932861328125	0.017852783203125	5.7220458984375e-05	5.7220458984375e-05
bxt_gmo__square	0.0312042236328125	0.899932861328125	1.0	0.011444091796875	5.7220458984375e-05	5.7220458984375e-05
bxt_gmo__uniform	0.18787928989955358	0.017852783203125	0.011444091796875	1.0	5.7220458984375e-05	5.7220458984375e-05
bxt_gmo_full	5.7220458984375e-05	5.7220458984375e-05	5.7220458984375e-05	5.7220458984375e-05	1.0	5.7220458984375e-05
bxt_gmosa	0.00010172526041666667	5.7220458984375e-05	5.7220458984375e-05	5.7220458984375e-05	5.7220458984375e-05	1.0
