	bxt_gmo__precomputed	bxt_gmo__softmax	bxt_gmo__square	bxt_gmo__uniform	bxt_gmo_full	bxt_gmosa
bxt_gmo__precomputed	1.0	0.10011945452008929	4.161487926136364e-05	0.05845289963942307	4.161487926136364e-05	4.161487926136364e-05
bxt_gmo__softmax	0.10011945452008929	1.0	0.00209808349609375	0.348388671875	4.161487926136364e-05	4.161487926136364e-05
bxt_gmo__square	4.161487926136364e-05	0.00209808349609375	1.0	4.161487926136364e-05	4.161487926136364e-05	4.161487926136364e-05
bxt_gmo__uniform	0.05845289963942307	0.348388671875	4.161487926136364e-05	1.0	4.161487926136364e-05	4.161487926136364e-05
bxt_gmo_full	4.161487926136364e-05	4.161487926136364e-05	4.161487926136364e-05	4.161487926136364e-05	1.0	4.161487926136364e-05
bxt_gmosa	4.161487926136364e-05	4.161487926136364e-05	4.161487926136364e-05	4.161487926136364e-05	4.161487926136364e-05	1.0
