	bxt_gmo__precomputed	bxt_gmo__softmax	bxt_gmo__square	bxt_gmo__uniform	bxt_gmo_full	bxt_gmosa
bxt_gmo__precomputed	1.0	0.005950927734375	4.161487926136364e-05	0.322509765625	4.161487926136364e-05	4.161487926136364e-05
bxt_gmo__softmax	0.005950927734375	1.0	7.62939453125e-05	0.006735665457589286	4.161487926136364e-05	4.161487926136364e-05
bxt_gmo__square	4.161487926136364e-05	7.62939453125e-05	1.0	4.161487926136364e-05	4.161487926136364e-05	4.161487926136364e-05
bxt_gmo__uniform	0.322509765625	0.006735665457589286	4.161487926136364e-05	1.0	4.161487926136364e-05	4.161487926136364e-05
bxt_gmo_full	4.161487926136364e-05	4.161487926136364e-05	4.161487926136364e-05	4.161487926136364e-05	1.0	4.161487926136364e-05
bxt_gmosa	4.161487926136364e-05	4.161487926136364e-05	4.161487926136364e-05	4.161487926136364e-05	4.161487926136364e-05	1.0
