	bxt_gmo__precomputed	bxt_gmo__softmax	bxt_gmo__square	bxt_gmo__uniform	bxt_gmo_full	bxt_gmosa
bxt_gmo__precomputed	1.0	9.1552734375e-05	6.539481026785714e-05	0.5308096749441964	6.539481026785714e-05	0.2910320575420673
bxt_gmo__softmax	9.1552734375e-05	1.0	6.539481026785714e-05	0.0002913041548295455	6.539481026785714e-05	9.1552734375e-05
bxt_gmo__square	6.539481026785714e-05	6.539481026785714e-05	1.0	9.1552734375e-05	6.539481026785714e-05	0.668548583984375
bxt_gmo__uniform	0.5308096749441964	0.0002913041548295455	9.1552734375e-05	1.0	6.539481026785714e-05	0.1798248291015625
bxt_gmo_full	6.539481026785714e-05	6.539481026785714e-05	6.539481026785714e-05	6.539481026785714e-05	1.0	6.539481026785714e-05
bxt_gmosa	0.2910320575420673	9.1552734375e-05	0.668548583984375	0.1798248291015625	6.539481026785714e-05	1.0
