	bxt_gmo__precomputed	bxt_gmo__softmax	bxt_gmo__square	bxt_gmo__uniform	bxt_gmo_full	bxt_gmosa
bxt_gmo__precomputed	1.0	0.10498853861562578	4.161487926136364e-05	0.10498853861562578	4.161487926136364e-05	4.161487926136364e-05
bxt_gmo__softmax	0.10498853861562578	1.0	0.00095367431640625	0.35197884167136195	4.161487926136364e-05	4.161487926136364e-05
bxt_gmo__square	4.161487926136364e-05	0.00095367431640625	1.0	4.161487926136364e-05	4.161487926136364e-05	4.161487926136364e-05
bxt_gmo__uniform	0.10498853861562578	0.35197884167136195	4.161487926136364e-05	1.0	4.161487926136364e-05	4.161487926136364e-05
bxt_gmo_full	4.161487926136364e-05	4.161487926136364e-05	4.161487926136364e-05	4.161487926136364e-05	1.0	4.161487926136364e-05
bxt_gmosa	4.161487926136364e-05	4.161487926136364e-05	4.161487926136364e-05	4.161487926136364e-05	4.161487926136364e-05	1.0
