	bxt_gmo__precomputed	bxt_gmo__softmax	bxt_gmo__square	bxt_gmo__uniform	bxt_gmo_full	bxt_gmosa
bxt_gmo__precomputed	1.0	4.57763671875e-05	4.57763671875e-05	0.40374755859375	0.00209808349609375	4.57763671875e-05
bxt_gmo__softmax	4.57763671875e-05	1.0	4.57763671875e-05	4.57763671875e-05	4.57763671875e-05	4.57763671875e-05
bxt_gmo__square	4.57763671875e-05	4.57763671875e-05	1.0	0.0024648813100961535	0.31912667410714285	4.57763671875e-05
bxt_gmo__uniform	0.40374755859375	4.57763671875e-05	0.0024648813100961535	1.0	0.00209808349609375	4.57763671875e-05
bxt_gmo_full	0.00209808349609375	4.57763671875e-05	0.31912667410714285	0.00209808349609375	1.0	4.57763671875e-05
bxt_gmosa	4.57763671875e-05	4.57763671875e-05	4.57763671875e-05	4.57763671875e-05	4.57763671875e-05	1.0
