	bxt_gmo__precomputed	bxt_gmo__softmax	bxt_gmo__square	bxt_gmo__uniform	bxt_gmo_full	bxt_gmosa
bxt_gmo__precomputed	1.0	0.104583740234375	4.161487926136364e-05	4.161487926136364e-05	4.161487926136364e-05	4.161487926136364e-05
bxt_gmo__softmax	0.104583740234375	1.0	4.161487926136364e-05	0.00011444091796875	4.161487926136364e-05	4.161487926136364e-05
bxt_gmo__square	4.161487926136364e-05	4.161487926136364e-05	1.0	0.04139491489955357	4.161487926136364e-05	4.161487926136364e-05
bxt_gmo__uniform	4.161487926136364e-05	0.00011444091796875	0.04139491489955357	1.0	4.161487926136364e-05	4.161487926136364e-05
bxt_gmo_full	4.161487926136364e-05	4.161487926136364e-05	4.161487926136364e-05	4.161487926136364e-05	1.0	0.03345196063701923
bxt_gmosa	4.161487926136364e-05	4.161487926136364e-05	4.161487926136364e-05	4.161487926136364e-05	0.03345196063701923	1.0
