	bxt_gmo__precomputed	bxt_gmo__softmax	bxt_gmo__square	bxt_gmo__uniform	bxt_gmo_full	bxt_gmosa
bxt_gmo__precomputed	1.0	0.0077362060546875	0.00011444091796875	0.001678466796875	6.539481026785714e-05	0.31528472900390625
bxt_gmo__softmax	0.0077362060546875	1.0	6.539481026785714e-05	0.432586669921875	6.539481026785714e-05	0.5618896484375
bxt_gmo__square	0.00011444091796875	6.539481026785714e-05	1.0	6.539481026785714e-05	6.539481026785714e-05	0.01040371981534091
bxt_gmo__uniform	0.001678466796875	0.432586669921875	6.539481026785714e-05	1.0	6.539481026785714e-05	0.432586669921875
bxt_gmo_full	6.539481026785714e-05	6.539481026785714e-05	6.539481026785714e-05	6.539481026785714e-05	1.0	6.539481026785714e-05
bxt_gmosa	0.31528472900390625	0.5618896484375	0.01040371981534091	0.432586669921875	6.539481026785714e-05	1.0
