	bxt_gmo__precomputed	bxt_gmo__softmax	bxt_gmo__square	bxt_gmo__uniform	bxt_gmo_full	bxt_gmosa
bxt_gmo__precomputed	1.0	0.055389404296875	0.0002288818359375	0.05268443714488637	0.001430511474609375	0.001430511474609375
bxt_gmo__softmax	0.055389404296875	1.0	0.00128173828125	0.596588134765625	0.0011444091796875	0.2667705829326923
bxt_gmo__square	0.0002288818359375	0.00128173828125	1.0	0.001678466796875	0.009429931640625	0.0002288818359375
bxt_gmo__uniform	0.05268443714488637	0.596588134765625	0.001678466796875	1.0	0.001430511474609375	0.432586669921875
bxt_gmo_full	0.001430511474609375	0.0011444091796875	0.009429931640625	0.001430511474609375	1.0	0.000762939453125
bxt_gmosa	0.001430511474609375	0.2667705829326923	0.0002288818359375	0.432586669921875	0.000762939453125	1.0
