	bxt_gso	bxt_sgso	bxt_sgso_us
bxt_gso	1.0	0.022871989684776786	4.57763671875e-05
bxt_sgso	0.022871989684776786	1.0	4.57763671875e-05
bxt_sgso_us	4.57763671875e-05	4.57763671875e-05	1.0
