	bxt_gso	bxt_sgso	bxt_sgso_us
bxt_gso	1.0	4.57763671875e-05	4.57763671875e-05
bxt_sgso	4.57763671875e-05	1.0	0.19281005859375
bxt_sgso_us	4.57763671875e-05	0.19281005859375	1.0
