	bxt_gmo	bxt_gmosa	bxt_gso	bxt_gso_1k	bxt_gso__nrlmf	bxt_lmo	bxt_lmo__nrlmf	bxt_lso	bxt_lso__nrlmf
bxt_gmo	1.0	3.923688616071428e-05	3.923688616071428e-05	3.923688616071428e-05	0.019908558238636364	3.923688616071428e-05	0.022651223575367647	3.923688616071428e-05	0.00069580078125
bxt_gmosa	3.923688616071428e-05	1.0	3.923688616071428e-05	0.06726771763392857	3.923688616071428e-05	3.923688616071428e-05	3.923688616071428e-05	3.923688616071428e-05	3.923688616071428e-05
bxt_gso	3.923688616071428e-05	3.923688616071428e-05	1.0	7.57677801724138e-05	3.923688616071428e-05	3.923688616071428e-05	3.923688616071428e-05	3.923688616071428e-05	3.923688616071428e-05
bxt_gso_1k	3.923688616071428e-05	0.06726771763392857	7.57677801724138e-05	1.0	3.923688616071428e-05	3.923688616071428e-05	3.923688616071428e-05	3.923688616071428e-05	3.923688616071428e-05
bxt_gso__nrlmf	0.019908558238636364	3.923688616071428e-05	3.923688616071428e-05	3.923688616071428e-05	1.0	3.923688616071428e-05	0.820892333984375	3.923688616071428e-05	0.0174407958984375
bxt_lmo	3.923688616071428e-05	3.923688616071428e-05	3.923688616071428e-05	3.923688616071428e-05	3.923688616071428e-05	1.0	3.923688616071428e-05	3.923688616071428e-05	3.923688616071428e-05
bxt_lmo__nrlmf	0.022651223575367647	3.923688616071428e-05	3.923688616071428e-05	3.923688616071428e-05	0.820892333984375	3.923688616071428e-05	1.0	3.923688616071428e-05	0.010667370211693547
bxt_lso	3.923688616071428e-05	3.923688616071428e-05	3.923688616071428e-05	3.923688616071428e-05	3.923688616071428e-05	3.923688616071428e-05	3.923688616071428e-05	1.0	3.923688616071428e-05
bxt_lso__nrlmf	0.00069580078125	3.923688616071428e-05	3.923688616071428e-05	3.923688616071428e-05	0.0174407958984375	3.923688616071428e-05	0.010667370211693547	3.923688616071428e-05	1.0
