	bxt_gmo	bxt_gmosa	bxt_gso	bxt_gso_1k	bxt_gso__nrlmf	bxt_lmo	bxt_lmo__nrlmf	bxt_lso	bxt_lso__nrlmf
bxt_gmo	1.0	4.776664402173913e-05	4.776664402173913e-05	9.1552734375e-05	0.20415182674632354	4.776664402173913e-05	4.776664402173913e-05	4.776664402173913e-05	0.00021127554086538462
bxt_gmosa	4.776664402173913e-05	1.0	4.776664402173913e-05	4.776664402173913e-05	4.776664402173913e-05	0.1789398193359375	4.776664402173913e-05	0.820892333984375	4.776664402173913e-05
bxt_gso	4.776664402173913e-05	4.776664402173913e-05	1.0	4.776664402173913e-05	4.776664402173913e-05	4.776664402173913e-05	0.029956054687499997	4.776664402173913e-05	0.0010172526041666667
bxt_gso_1k	9.1552734375e-05	4.776664402173913e-05	4.776664402173913e-05	1.0	4.776664402173913e-05	4.776664402173913e-05	0.3861851283482143	4.776664402173913e-05	0.05145854334677419
bxt_gso__nrlmf	0.20415182674632354	4.776664402173913e-05	4.776664402173913e-05	4.776664402173913e-05	1.0	4.776664402173913e-05	0.0001318359375	4.776664402173913e-05	0.01625218884698276
bxt_lmo	4.776664402173913e-05	0.1789398193359375	4.776664402173913e-05	4.776664402173913e-05	4.776664402173913e-05	1.0	4.776664402173913e-05	0.20415182674632354	4.776664402173913e-05
bxt_lmo__nrlmf	4.776664402173913e-05	4.776664402173913e-05	0.029956054687499997	0.3861851283482143	0.0001318359375	4.776664402173913e-05	1.0	4.776664402173913e-05	0.005375453404017857
bxt_lso	4.776664402173913e-05	0.820892333984375	4.776664402173913e-05	4.776664402173913e-05	4.776664402173913e-05	0.20415182674632354	4.776664402173913e-05	1.0	4.776664402173913e-05
bxt_lso__nrlmf	0.00021127554086538462	4.776664402173913e-05	0.0010172526041666667	0.05145854334677419	0.01625218884698276	4.776664402173913e-05	0.005375453404017857	4.776664402173913e-05	1.0
