	bxt_gmo	bxt_gmosa	bxt_gso	bxt_gso_1k	bxt_gso__nrlmf	bxt_lmo	bxt_lmo__nrlmf	bxt_lso	bxt_lso__nrlmf
bxt_gmo	1.0	0.0463623046875	0.093658447265625	0.0463623046875	7.32421875e-05	0.0019683837890625	7.32421875e-05	7.32421875e-05	7.32421875e-05
bxt_gmosa	0.0463623046875	1.0	0.06698116179435483	0.00023883322010869568	0.00015694754464285713	0.860260009765625	0.00010986328124999999	0.00010986328124999999	7.32421875e-05
bxt_gso	0.093658447265625	0.06698116179435483	1.0	0.00023883322010869568	0.00010986328124999999	0.023463657924107144	7.32421875e-05	7.32421875e-05	7.32421875e-05
bxt_gso_1k	0.0463623046875	0.00023883322010869568	0.00023883322010869568	1.0	7.32421875e-05	7.32421875e-05	7.32421875e-05	7.32421875e-05	7.32421875e-05
bxt_gso__nrlmf	7.32421875e-05	0.00015694754464285713	0.00010986328124999999	7.32421875e-05	1.0	0.00010986328124999999	0.25221946022727276	0.3317243303571429	0.020670572916666668
bxt_lmo	0.0019683837890625	0.860260009765625	0.023463657924107144	7.32421875e-05	0.00010986328124999999	1.0	7.32421875e-05	7.32421875e-05	0.00010986328124999999
bxt_lmo__nrlmf	7.32421875e-05	0.00010986328124999999	7.32421875e-05	7.32421875e-05	0.25221946022727276	7.32421875e-05	1.0	0.0074267578125	0.012718787560096154
bxt_lso	7.32421875e-05	0.00010986328124999999	7.32421875e-05	7.32421875e-05	0.3317243303571429	7.32421875e-05	0.0074267578125	1.0	0.26706471162683826
bxt_lso__nrlmf	7.32421875e-05	7.32421875e-05	7.32421875e-05	7.32421875e-05	0.020670572916666668	0.00010986328124999999	0.012718787560096154	0.26706471162683826	1.0
