	bxt_gmo	bxt_gmo__nrlmf	bxt_gmosa	bxt_gmosa__nrlmf	bxt_gso	bxt_gso__nrlmf	bxt_lmo	bxt_lmo__nrlmf
bxt_gmo	1.0	0.6186839916087963	0.0007036994485294119	7.120768229166667e-05	0.10595703125	7.120768229166667e-05	0.0005340576171875	7.120768229166667e-05
bxt_gmo__nrlmf	0.6186839916087963	1.0	0.00018310546875	0.0008544921875	0.93988037109375	0.0022379557291666665	0.0008544921875	0.001068115234375
bxt_gmosa	0.0007036994485294119	0.00018310546875	1.0	7.120768229166667e-05	0.00018310546875	7.120768229166667e-05	0.13611348470052084	7.120768229166667e-05
bxt_gmosa__nrlmf	7.120768229166667e-05	0.0008544921875	7.120768229166667e-05	1.0	7.120768229166667e-05	0.13611348470052084	7.120768229166667e-05	0.46651986929086536
bxt_gso	0.10595703125	0.93988037109375	0.00018310546875	7.120768229166667e-05	1.0	7.120768229166667e-05	0.0005340576171875	7.120768229166667e-05
bxt_gso__nrlmf	7.120768229166667e-05	0.0022379557291666665	7.120768229166667e-05	0.13611348470052084	7.120768229166667e-05	1.0	7.120768229166667e-05	0.3073779296875
bxt_lmo	0.0005340576171875	0.0008544921875	0.13611348470052084	7.120768229166667e-05	0.0005340576171875	7.120768229166667e-05	1.0	7.120768229166667e-05
bxt_lmo__nrlmf	7.120768229166667e-05	0.001068115234375	7.120768229166667e-05	0.46651986929086536	7.120768229166667e-05	0.3073779296875	7.120768229166667e-05	1.0
