	bxt_gmo	bxt_gmosa	bxt_gso	bxt_gso_1k	bxt_gso__nrlmf	bxt_lmo	bxt_lmo__nrlmf	bxt_lso	bxt_lso__nrlmf
bxt_gmo	1.0	0.0001220703125	0.00018310546875	0.0001220703125	0.7698752663352273	0.0001220703125	0.004603794642857143	0.0001220703125	0.0001220703125
bxt_gmosa	0.0001220703125	1.0	0.0008095189144736842	0.00034332275390625	0.0001220703125	0.23935041756465517	0.00025353064903846156	0.6133560672883064	0.0137786865234375
bxt_gso	0.00018310546875	0.0008095189144736842	1.0	0.05908203125	0.00034332275390625	0.005493164062499999	0.8042933872767857	0.00018310546875	0.7872996610753676
bxt_gso_1k	0.0001220703125	0.00034332275390625	0.05908203125	1.0	0.0188525390625	0.0001220703125	0.7521171569824219	0.0001220703125	0.357421875
bxt_gso__nrlmf	0.7698752663352273	0.0001220703125	0.00034332275390625	0.0188525390625	1.0	0.00018310546875	0.00034332275390625	0.0001220703125	0.0023620605468749997
bxt_lmo	0.0001220703125	0.23935041756465517	0.005493164062499999	0.0001220703125	0.00018310546875	1.0	0.0008095189144736842	0.18496268136160715	0.029620830829326924
bxt_lmo__nrlmf	0.004603794642857143	0.00025353064903846156	0.8042933872767857	0.7521171569824219	0.00034332275390625	0.0008095189144736842	1.0	0.0008095189144736842	0.860260009765625
bxt_lso	0.0001220703125	0.6133560672883064	0.00018310546875	0.0001220703125	0.0001220703125	0.18496268136160715	0.0008095189144736842	1.0	0.006544030230978261
bxt_lso__nrlmf	0.0001220703125	0.0137786865234375	0.7872996610753676	0.357421875	0.0023620605468749997	0.029620830829326924	0.860260009765625	0.006544030230978261	1.0
