	bxt_gmo	bxt_gmosa	bxt_gso	bxt_gso_1k	bxt_gso__nrlmf	bxt_lmo	bxt_lmo__nrlmf	bxt_lso	bxt_lso__nrlmf
bxt_gmo	1.0	4.225510817307692e-05	4.225510817307692e-05	4.225510817307692e-05	0.3688821231617647	4.225510817307692e-05	4.225510817307692e-05	4.225510817307692e-05	0.27515758167613635
bxt_gmosa	4.225510817307692e-05	1.0	0.00037883890086206896	0.899932861328125	4.225510817307692e-05	4.225510817307692e-05	4.225510817307692e-05	4.225510817307692e-05	4.225510817307692e-05
bxt_gso	4.225510817307692e-05	0.00037883890086206896	1.0	4.225510817307692e-05	4.225510817307692e-05	4.225510817307692e-05	0.0005126953125	4.225510817307692e-05	8.138020833333333e-05
bxt_gso_1k	4.225510817307692e-05	0.899932861328125	4.225510817307692e-05	1.0	4.225510817307692e-05	0.260101318359375	4.225510817307692e-05	0.1354862336189516	4.225510817307692e-05
bxt_gso__nrlmf	0.3688821231617647	4.225510817307692e-05	4.225510817307692e-05	4.225510817307692e-05	1.0	4.225510817307692e-05	4.225510817307692e-05	4.225510817307692e-05	4.225510817307692e-05
bxt_lmo	4.225510817307692e-05	4.225510817307692e-05	4.225510817307692e-05	0.260101318359375	4.225510817307692e-05	1.0	4.225510817307692e-05	0.5095772879464285	4.225510817307692e-05
bxt_lmo__nrlmf	4.225510817307692e-05	4.225510817307692e-05	0.0005126953125	4.225510817307692e-05	4.225510817307692e-05	4.225510817307692e-05	1.0	4.225510817307692e-05	0.00037883890086206896
bxt_lso	4.225510817307692e-05	4.225510817307692e-05	4.225510817307692e-05	0.1354862336189516	4.225510817307692e-05	0.5095772879464285	4.225510817307692e-05	1.0	4.225510817307692e-05
bxt_lso__nrlmf	0.27515758167613635	4.225510817307692e-05	8.138020833333333e-05	4.225510817307692e-05	4.225510817307692e-05	4.225510817307692e-05	0.00037883890086206896	4.225510817307692e-05	1.0
