	bxt_gmo	bxt_gmosa	bxt_gso	bxt_gso_1k	bxt_gso__nrlmf	bxt_lmo	bxt_lmo__nrlmf	bxt_lso	bxt_lso__nrlmf
bxt_gmo	1.0	5.4931640624999995e-05	5.4931640624999995e-05	5.4931640624999995e-05	0.0077362060546875	5.4931640624999995e-05	0.0077362060546875	5.4931640624999995e-05	0.0036621093749999996
bxt_gmosa	5.4931640624999995e-05	1.0	0.005493164062499999	0.053494966947115384	5.4931640624999995e-05	0.09503173828125	5.4931640624999995e-05	0.4360154674899193	5.4931640624999995e-05
bxt_gso	5.4931640624999995e-05	0.005493164062499999	1.0	0.0482958984375	5.4931640624999995e-05	0.6136335100446428	5.4931640624999995e-05	0.076904296875	5.4931640624999995e-05
bxt_gso_1k	5.4931640624999995e-05	0.053494966947115384	0.0482958984375	1.0	5.4931640624999995e-05	0.4873466491699219	5.4931640624999995e-05	0.5949419806985294	5.4931640624999995e-05
bxt_gso__nrlmf	0.0077362060546875	5.4931640624999995e-05	5.4931640624999995e-05	5.4931640624999995e-05	1.0	5.4931640624999995e-05	0.820892333984375	5.4931640624999995e-05	0.5761829723011364
bxt_lmo	5.4931640624999995e-05	0.09503173828125	0.6136335100446428	0.4873466491699219	5.4931640624999995e-05	1.0	5.4931640624999995e-05	0.3406898235452586	5.4931640624999995e-05
bxt_lmo__nrlmf	0.0077362060546875	5.4931640624999995e-05	5.4931640624999995e-05	5.4931640624999995e-05	0.820892333984375	5.4931640624999995e-05	1.0	5.4931640624999995e-05	0.4360154674899193
bxt_lso	5.4931640624999995e-05	0.4360154674899193	0.076904296875	0.5949419806985294	5.4931640624999995e-05	0.3406898235452586	5.4931640624999995e-05	1.0	5.4931640624999995e-05
bxt_lso__nrlmf	0.0036621093749999996	5.4931640624999995e-05	5.4931640624999995e-05	5.4931640624999995e-05	0.5761829723011364	5.4931640624999995e-05	0.4360154674899193	5.4931640624999995e-05	1.0
