	bxt_gmo	bxt_gmo__nrlmf	bxt_gmosa	bxt_gmosa__nrlmf	bxt_gso	bxt_gso__nrlmf	bxt_lmo	bxt_lmo__nrlmf
bxt_gmo	1.0	3.884055397727273e-05	3.884055397727273e-05	0.008544921875	3.884055397727273e-05	0.0031331380208333335	3.884055397727273e-05	0.0026006283967391305
bxt_gmo__nrlmf	3.884055397727273e-05	1.0	3.884055397727273e-05	3.884055397727273e-05	3.884055397727273e-05	3.884055397727273e-05	3.884055397727273e-05	3.884055397727273e-05
bxt_gmosa	3.884055397727273e-05	3.884055397727273e-05	1.0	3.884055397727273e-05	3.884055397727273e-05	3.884055397727273e-05	3.884055397727273e-05	3.884055397727273e-05
bxt_gmosa__nrlmf	0.008544921875	3.884055397727273e-05	3.884055397727273e-05	1.0	3.884055397727273e-05	0.13453504774305555	3.884055397727273e-05	0.08965594951923077
bxt_gso	3.884055397727273e-05	3.884055397727273e-05	3.884055397727273e-05	3.884055397727273e-05	1.0	3.884055397727273e-05	3.884055397727273e-05	3.884055397727273e-05
bxt_gso__nrlmf	0.0031331380208333335	3.884055397727273e-05	3.884055397727273e-05	0.13453504774305555	3.884055397727273e-05	1.0	3.884055397727273e-05	0.231201171875
bxt_lmo	3.884055397727273e-05	3.884055397727273e-05	3.884055397727273e-05	3.884055397727273e-05	3.884055397727273e-05	3.884055397727273e-05	1.0	3.884055397727273e-05
bxt_lmo__nrlmf	0.0026006283967391305	3.884055397727273e-05	3.884055397727273e-05	0.08965594951923077	3.884055397727273e-05	0.231201171875	3.884055397727273e-05	1.0
