	bxt_gmo	bxt_gmosa	bxt_gso	bxt_gso_1k	bxt_gso__nrlmf	bxt_lmo	bxt_lmo__nrlmf	bxt_lso	bxt_lso__nrlmf
bxt_gmo	1.0	0.00020345052083333334	0.00020345052083333334	0.00014981356534090907	9.1552734375e-05	0.391937255859375	0.0001220703125	0.0012948172433035715	0.0001220703125
bxt_gmosa	0.00020345052083333334	1.0	0.5779436383928571	0.00201416015625	0.00020345052083333334	9.1552734375e-05	0.00020345052083333334	0.0001220703125	0.00014981356534090907
bxt_gso	0.00020345052083333334	0.5779436383928571	1.0	0.00248078377016129	9.1552734375e-05	9.1552734375e-05	0.00014981356534090907	9.1552734375e-05	0.0001220703125
bxt_gso_1k	0.00014981356534090907	0.00201416015625	0.00248078377016129	1.0	0.00020345052083333334	9.1552734375e-05	0.0001220703125	9.1552734375e-05	0.00014981356534090907
bxt_gso__nrlmf	9.1552734375e-05	0.00020345052083333334	9.1552734375e-05	0.00020345052083333334	1.0	9.1552734375e-05	0.5779436383928571	9.1552734375e-05	0.5779436383928571
bxt_lmo	0.391937255859375	9.1552734375e-05	9.1552734375e-05	9.1552734375e-05	9.1552734375e-05	1.0	9.1552734375e-05	0.00201416015625	9.1552734375e-05
bxt_lmo__nrlmf	0.0001220703125	0.00020345052083333334	0.00014981356534090907	0.0001220703125	0.5779436383928571	9.1552734375e-05	1.0	9.1552734375e-05	0.632171630859375
bxt_lso	0.0012948172433035715	0.0001220703125	9.1552734375e-05	9.1552734375e-05	9.1552734375e-05	0.00201416015625	9.1552734375e-05	1.0	0.0001220703125
bxt_lso__nrlmf	0.0001220703125	0.00014981356534090907	0.0001220703125	0.00014981356534090907	0.5779436383928571	9.1552734375e-05	0.632171630859375	0.0001220703125	1.0
