	bxt_gmo	bxt_gmosa	bxt_gso	bxt_gso_1k	bxt_gso__nrlmf	bxt_lmo	bxt_lmo__nrlmf	bxt_lso	bxt_lso__nrlmf
bxt_gmo	1.0	3.923688616071428e-05	3.923688616071428e-05	3.923688616071428e-05	0.21691131591796875	3.923688616071428e-05	0.23064630681818182	3.923688616071428e-05	0.10851657006048386
bxt_gmosa	3.923688616071428e-05	1.0	3.923688616071428e-05	0.00120849609375	3.923688616071428e-05	3.923688616071428e-05	3.923688616071428e-05	3.923688616071428e-05	3.923688616071428e-05
bxt_gso	3.923688616071428e-05	3.923688616071428e-05	1.0	0.00011365167025862069	3.923688616071428e-05	3.923688616071428e-05	3.923688616071428e-05	3.923688616071428e-05	3.923688616071428e-05
bxt_gso_1k	3.923688616071428e-05	0.00120849609375	0.00011365167025862069	1.0	3.923688616071428e-05	3.923688616071428e-05	3.923688616071428e-05	3.923688616071428e-05	3.923688616071428e-05
bxt_gso__nrlmf	0.21691131591796875	3.923688616071428e-05	3.923688616071428e-05	3.923688616071428e-05	1.0	3.923688616071428e-05	0.705718994140625	3.923688616071428e-05	0.2822858537946429
bxt_lmo	3.923688616071428e-05	3.923688616071428e-05	3.923688616071428e-05	3.923688616071428e-05	3.923688616071428e-05	1.0	3.923688616071428e-05	3.923688616071428e-05	3.923688616071428e-05
bxt_lmo__nrlmf	0.23064630681818182	3.923688616071428e-05	3.923688616071428e-05	3.923688616071428e-05	0.705718994140625	3.923688616071428e-05	1.0	3.923688616071428e-05	0.26706471162683826
bxt_lso	3.923688616071428e-05	3.923688616071428e-05	3.923688616071428e-05	3.923688616071428e-05	3.923688616071428e-05	3.923688616071428e-05	3.923688616071428e-05	1.0	3.923688616071428e-05
bxt_lso__nrlmf	0.10851657006048386	3.923688616071428e-05	3.923688616071428e-05	3.923688616071428e-05	0.2822858537946429	3.923688616071428e-05	0.26706471162683826	3.923688616071428e-05	1.0
