	bxt_gmo	bxt_gmosa	bxt_gso	bxt_gso_1k	bxt_gso__nrlmf	bxt_lmo	bxt_lmo__nrlmf	bxt_lso	bxt_lso__nrlmf
bxt_gmo	1.0	6.103515625e-05	6.103515625e-05	0.00023883322010869568	0.743560791015625	6.103515625e-05	0.01318359375	6.103515625e-05	0.3153722426470588
bxt_gmosa	6.103515625e-05	1.0	6.103515625e-05	6.103515625e-05	6.103515625e-05	0.00010463169642857142	6.103515625e-05	6.103515625e-05	6.103515625e-05
bxt_gso	6.103515625e-05	6.103515625e-05	1.0	0.00014981356534090907	6.103515625e-05	0.0024169921875	0.0029578575721153845	0.27515758167613635	6.103515625e-05
bxt_gso_1k	0.00023883322010869568	6.103515625e-05	0.00014981356534090907	1.0	6.103515625e-05	6.103515625e-05	0.415283203125	0.0008697509765625	0.008082798549107142
bxt_gso__nrlmf	0.743560791015625	6.103515625e-05	6.103515625e-05	6.103515625e-05	1.0	6.103515625e-05	0.004475911458333333	0.00010463169642857142	0.10851657006048386
bxt_lmo	6.103515625e-05	0.00010463169642857142	0.0024169921875	6.103515625e-05	6.103515625e-05	1.0	6.103515625e-05	0.00010463169642857142	6.103515625e-05
bxt_lmo__nrlmf	0.01318359375	6.103515625e-05	0.0029578575721153845	0.415283203125	0.004475911458333333	6.103515625e-05	1.0	0.009470972521551723	0.23785400390625
bxt_lso	6.103515625e-05	6.103515625e-05	0.27515758167613635	0.0008697509765625	0.00010463169642857142	0.00010463169642857142	0.009470972521551723	1.0	6.103515625e-05
bxt_lso__nrlmf	0.3153722426470588	6.103515625e-05	6.103515625e-05	0.008082798549107142	0.10851657006048386	6.103515625e-05	0.23785400390625	6.103515625e-05	1.0
