	bxt_gmo	bxt_gmosa	bxt_gso	bxt_gso_1k	bxt_gso__nrlmf	bxt_lmo	bxt_lmo__nrlmf	bxt_lso	bxt_lso__nrlmf
bxt_gmo	1.0	0.00015694754464285713	0.0013078962053571428	0.0013078962053571428	0.00025353064903846156	0.00015694754464285713	0.00015694754464285713	0.00018310546875	0.00015694754464285713
bxt_gmosa	0.00015694754464285713	1.0	0.00015694754464285713	0.00018310546875	0.00015694754464285713	0.0004523782169117647	0.043121337890625	0.00018310546875	0.0013078962053571428
bxt_gso	0.0013078962053571428	0.00015694754464285713	1.0	0.979949951171875	0.004203464673913044	0.01056377704326923	0.0008544921875	0.0004523782169117647	0.00018310546875
bxt_gso_1k	0.0013078962053571428	0.00018310546875	0.979949951171875	1.0	0.012247721354166666	0.004833984375	0.00015694754464285713	0.0003662109375	0.00018310546875
bxt_gso__nrlmf	0.00025353064903846156	0.00015694754464285713	0.004203464673913044	0.012247721354166666	1.0	0.8111572265625	0.18471207157258063	0.0016479492187499998	0.004833984375
bxt_lmo	0.00015694754464285713	0.0004523782169117647	0.01056377704326923	0.004833984375	0.8111572265625	1.0	0.0003662109375	0.09990234375	0.0917547817887931
bxt_lmo__nrlmf	0.00015694754464285713	0.043121337890625	0.0008544921875	0.00015694754464285713	0.18471207157258063	0.0003662109375	1.0	0.9256452287946428	0.8691801183363971
bxt_lso	0.00018310546875	0.00018310546875	0.0004523782169117647	0.0003662109375	0.0016479492187499998	0.09990234375	0.9256452287946428	1.0	0.362823486328125
bxt_lso__nrlmf	0.00015694754464285713	0.0013078962053571428	0.00018310546875	0.00018310546875	0.004833984375	0.0917547817887931	0.8691801183363971	0.362823486328125	1.0
