	bxt_gmo	bxt_gmosa	bxt_gso	bxt_gso_1k	bxt_gso__nrlmf	bxt_lmo	bxt_lmo__nrlmf	bxt_lso	bxt_lso__nrlmf
bxt_gmo	1.0	0.020816200657894735	0.93988037109375	0.2537109375	0.18496268136160715	0.000457763671875	0.00015694754464285713	0.06935716711956522	0.0005915715144230769
bxt_gmosa	0.020816200657894735	1.0	0.00568704044117647	0.0048065185546875	0.0279052734375	0.000244140625	0.29290968371975806	0.06935716711956522	0.9256452287946428
bxt_gso	0.93988037109375	0.00568704044117647	1.0	0.18496268136160715	0.3350830078125	0.00015694754464285713	0.000244140625	0.086517333984375	0.000732421875
bxt_gso_1k	0.2537109375	0.0048065185546875	0.18496268136160715	1.0	0.10643554687500001	0.00015694754464285713	0.00015694754464285713	0.12938514122596154	0.00032958984374999997
bxt_gso__nrlmf	0.18496268136160715	0.0279052734375	0.3350830078125	0.10643554687500001	1.0	0.00015694754464285713	0.01837158203125	0.5059037642045455	0.2537109375
bxt_lmo	0.000457763671875	0.000244140625	0.00015694754464285713	0.00015694754464285713	0.00015694754464285713	1.0	0.00015694754464285713	0.000732421875	0.00015694754464285713
bxt_lmo__nrlmf	0.00015694754464285713	0.29290968371975806	0.000244140625	0.00015694754464285713	0.01837158203125	0.00015694754464285713	1.0	0.03667340959821428	0.000457763671875
bxt_lso	0.06935716711956522	0.06935716711956522	0.086517333984375	0.12938514122596154	0.5059037642045455	0.000732421875	0.03667340959821428	1.0	0.7872996610753676
bxt_lso__nrlmf	0.0005915715144230769	0.9256452287946428	0.000732421875	0.00032958984374999997	0.2537109375	0.00015694754464285713	0.000457763671875	0.7872996610753676	1.0
