	bxt_gmo	bxt_gmo__nrlmf	bxt_gmosa	bxt_gmosa__nrlmf	bxt_gso	bxt_gso__nrlmf	bxt_lmo	bxt_lmo__nrlmf
bxt_gmo	1.0	0.6424795297475961	0.01809512867647059	0.0001068115234375	0.93988037109375	0.19181315104166666	0.0003884055397727273	0.0001068115234375
bxt_gmo__nrlmf	0.6424795297475961	1.0	0.01031494140625	0.004984537760416667	0.8921214916087963	0.2942560369318182	0.3612109375	0.08074951171875
bxt_gmosa	0.01809512867647059	0.01031494140625	1.0	0.01809512867647059	0.005784254807692307	0.024115668402777776	0.0001708984375	0.3070599099864131
bxt_gmosa__nrlmf	0.0001068115234375	0.004984537760416667	0.01809512867647059	1.0	0.0001068115234375	0.0001068115234375	0.0001068115234375	0.042724609375
bxt_gso	0.93988037109375	0.8921214916087963	0.005784254807692307	0.0001068115234375	1.0	0.34749348958333337	0.0001068115234375	0.0001708984375
bxt_gso__nrlmf	0.19181315104166666	0.2942560369318182	0.024115668402777776	0.0001068115234375	0.34749348958333337	1.0	0.0001068115234375	0.017146809895833334
bxt_lmo	0.0003884055397727273	0.3612109375	0.0001708984375	0.0001068115234375	0.0001068115234375	0.0001068115234375	1.0	0.0001068115234375
bxt_lmo__nrlmf	0.0001068115234375	0.08074951171875	0.3070599099864131	0.042724609375	0.0001708984375	0.017146809895833334	0.0001068115234375	1.0
