	bxt_gmo	bxt_gmosa	bxt_gso	bxt_gso_1k	bxt_gso__nrlmf	bxt_lmo	bxt_lmo__nrlmf	bxt_lso	bxt_lso__nrlmf
bxt_gmo	1.0	7.847377232142856e-05	0.000699129971590909	7.847377232142856e-05	0.00028911389802631577	7.847377232142856e-05	7.847377232142856e-05	7.847377232142856e-05	7.847377232142856e-05
bxt_gmosa	7.847377232142856e-05	1.0	7.847377232142856e-05	0.00012925091911764706	7.847377232142856e-05	0.008082798549107142	0.00018310546875	7.847377232142856e-05	7.847377232142856e-05
bxt_gso	0.000699129971590909	7.847377232142856e-05	1.0	0.3583426339285714	0.004648061899038462	7.847377232142856e-05	0.0015762992527173915	7.847377232142856e-05	7.847377232142856e-05
bxt_gso_1k	7.847377232142856e-05	0.00012925091911764706	0.3583426339285714	1.0	0.05145854334677419	0.00012925091911764706	7.847377232142856e-05	0.00012925091911764706	0.000699129971590909
bxt_gso__nrlmf	0.00028911389802631577	7.847377232142856e-05	0.004648061899038462	0.05145854334677419	1.0	0.004648061899038462	0.743560791015625	0.000384521484375	0.03098902209051724
bxt_lmo	7.847377232142856e-05	0.008082798549107142	7.847377232142856e-05	0.00012925091911764706	0.004648061899038462	1.0	0.003204345703125	0.05145854334677419	0.14152388139204547
bxt_lmo__nrlmf	7.847377232142856e-05	0.00018310546875	0.0015762992527173915	7.847377232142856e-05	0.743560791015625	0.003204345703125	1.0	0.005574544270833333	0.24480124080882354
bxt_lso	7.847377232142856e-05	7.847377232142856e-05	7.847377232142856e-05	0.00012925091911764706	0.000384521484375	0.05145854334677419	0.005574544270833333	1.0	0.11765670776367188
bxt_lso__nrlmf	7.847377232142856e-05	7.847377232142856e-05	7.847377232142856e-05	0.000699129971590909	0.03098902209051724	0.14152388139204547	0.24480124080882354	0.11765670776367188	1.0
