	bxt_gmo	bxt_gmosa	bxt_gso	bxt_gso_1k	bxt_gso__nrlmf	bxt_lmo	bxt_lmo__nrlmf	bxt_lso	bxt_lso__nrlmf
bxt_gmo	1.0	4.39453125e-05	4.39453125e-05	0.00018310546875	7.57677801724138e-05	4.39453125e-05	7.57677801724138e-05	4.39453125e-05	0.5432582310267857
bxt_gmosa	4.39453125e-05	1.0	4.39453125e-05	4.39453125e-05	4.39453125e-05	7.57677801724138e-05	4.39453125e-05	4.39453125e-05	4.39453125e-05
bxt_gso	4.39453125e-05	4.39453125e-05	1.0	4.39453125e-05	4.39453125e-05	4.39453125e-05	0.5618896484375	0.08063299005681819	4.39453125e-05
bxt_gso_1k	0.00018310546875	4.39453125e-05	4.39453125e-05	1.0	4.39453125e-05	4.39453125e-05	0.00035439768145161286	4.39453125e-05	0.0174407958984375
bxt_gso__nrlmf	7.57677801724138e-05	4.39453125e-05	4.39453125e-05	4.39453125e-05	1.0	4.39453125e-05	4.39453125e-05	4.39453125e-05	4.39453125e-05
bxt_lmo	4.39453125e-05	7.57677801724138e-05	4.39453125e-05	4.39453125e-05	4.39453125e-05	1.0	4.39453125e-05	7.57677801724138e-05	4.39453125e-05
bxt_lmo__nrlmf	7.57677801724138e-05	4.39453125e-05	0.5618896484375	0.00035439768145161286	4.39453125e-05	4.39453125e-05	1.0	0.26706471162683826	4.39453125e-05
bxt_lso	4.39453125e-05	4.39453125e-05	0.08063299005681819	4.39453125e-05	4.39453125e-05	7.57677801724138e-05	0.26706471162683826	1.0	4.39453125e-05
bxt_lso__nrlmf	0.5432582310267857	4.39453125e-05	4.39453125e-05	0.0174407958984375	4.39453125e-05	4.39453125e-05	4.39453125e-05	4.39453125e-05	1.0
