	bxt_gmo__precomputed	bxt_gmo__softmax	bxt_gmo__square	bxt_gmo__uniform	bxt_gmo_full	bxt_gmosa
bxt_gmo__precomputed	1.0	0.432586669921875	0.18352801983173075	0.01373291015625	5.0862630208333336e-05	5.0862630208333336e-05
bxt_gmo__softmax	0.432586669921875	1.0	0.0003204345703125	0.705718994140625	5.0862630208333336e-05	5.0862630208333336e-05
bxt_gmo__square	0.18352801983173075	0.0003204345703125	1.0	0.001373291015625	5.0862630208333336e-05	5.0862630208333336e-05
bxt_gmo__uniform	0.01373291015625	0.705718994140625	0.001373291015625	1.0	5.0862630208333336e-05	5.0862630208333336e-05
bxt_gmo_full	5.0862630208333336e-05	5.0862630208333336e-05	5.0862630208333336e-05	5.0862630208333336e-05	1.0	5.0862630208333336e-05
bxt_gmosa	5.0862630208333336e-05	5.0862630208333336e-05	5.0862630208333336e-05	5.0862630208333336e-05	5.0862630208333336e-05	1.0
