	bxt_gmo__precomputed	bxt_gmo__softmax	bxt_gmo__square	bxt_gmo__uniform	bxt_gmo_full	bxt_gmosa
bxt_gmo__precomputed	1.0	0.0164794921875	0.006968180338541667	6.539481026785714e-05	0.372314453125	0.1961725408380682
bxt_gmo__softmax	0.0164794921875	1.0	6.539481026785714e-05	6.539481026785714e-05	0.4658625676081731	0.899932861328125
bxt_gmo__square	0.006968180338541667	6.539481026785714e-05	1.0	6.539481026785714e-05	0.001888275146484375	6.539481026785714e-05
bxt_gmo__uniform	6.539481026785714e-05	6.539481026785714e-05	6.539481026785714e-05	1.0	6.539481026785714e-05	6.539481026785714e-05
bxt_gmo_full	0.372314453125	0.4658625676081731	0.001888275146484375	6.539481026785714e-05	1.0	0.8378056117466518
bxt_gmosa	0.1961725408380682	0.899932861328125	6.539481026785714e-05	6.539481026785714e-05	0.8378056117466518	1.0
