	bxt_gmo__precomputed	bxt_gmo__softmax	bxt_gmo__square	bxt_gmo__uniform	bxt_gmo_full	bxt_gmosa
bxt_gmo__precomputed	1.0	0.06439208984375	0.6392015729631696	0.1248779296875	0.979949951171875	0.033220563616071425
bxt_gmo__softmax	0.06439208984375	1.0	0.0229644775390625	0.000457763671875	0.00492095947265625	0.34305572509765625
bxt_gmo__square	0.6392015729631696	0.0229644775390625	1.0	0.003814697265625	0.4658625676081731	0.1961725408380682
bxt_gmo__uniform	0.1248779296875	0.000457763671875	0.003814697265625	1.0	0.040111541748046875	0.000457763671875
bxt_gmo_full	0.979949951171875	0.00492095947265625	0.4658625676081731	0.040111541748046875	1.0	0.02288818359375
bxt_gmosa	0.033220563616071425	0.34305572509765625	0.1961725408380682	0.000457763671875	0.02288818359375	1.0
