	bxt_gmo__precomputed	bxt_gmo__softmax	bxt_gmo__square	bxt_gmo__uniform	bxt_gmo_full	bxt_gmosa
bxt_gmo__precomputed	1.0	0.12500217982700892	0.05845289963942307	0.001040371981534091	5.0862630208333336e-05	5.0862630208333336e-05
bxt_gmo__softmax	0.12500217982700892	1.0	0.000640869140625	0.00125885009765625	5.0862630208333336e-05	5.0862630208333336e-05
bxt_gmo__square	0.05845289963942307	0.000640869140625	1.0	0.49542236328125	5.0862630208333336e-05	5.0862630208333336e-05
bxt_gmo__uniform	0.001040371981534091	0.00125885009765625	0.49542236328125	1.0	5.0862630208333336e-05	5.0862630208333336e-05
bxt_gmo_full	5.0862630208333336e-05	5.0862630208333336e-05	5.0862630208333336e-05	5.0862630208333336e-05	1.0	5.0862630208333336e-05
bxt_gmosa	5.0862630208333336e-05	5.0862630208333336e-05	5.0862630208333336e-05	5.0862630208333336e-05	5.0862630208333336e-05	1.0
