	bxt_gmo__precomputed	bxt_gmo__softmax	bxt_gmo__square	bxt_gmo__uniform	bxt_gmo_full	bxt_gmosa
bxt_gmo__precomputed	1.0	0.4022761753627232	0.13461773212139422	0.00522613525390625	5.0862630208333336e-05	5.0862630208333336e-05
bxt_gmo__softmax	0.4022761753627232	1.0	0.0008697509765625	0.00522613525390625	5.0862630208333336e-05	5.0862630208333336e-05
bxt_gmo__square	0.13461773212139422	0.0008697509765625	1.0	0.781951904296875	5.0862630208333336e-05	5.0862630208333336e-05
bxt_gmo__uniform	0.00522613525390625	0.00522613525390625	0.781951904296875	1.0	5.0862630208333336e-05	5.0862630208333336e-05
bxt_gmo_full	5.0862630208333336e-05	5.0862630208333336e-05	5.0862630208333336e-05	5.0862630208333336e-05	1.0	5.0862630208333336e-05
bxt_gmosa	5.0862630208333336e-05	5.0862630208333336e-05	5.0862630208333336e-05	5.0862630208333336e-05	5.0862630208333336e-05	1.0
