	bxt_gmo__precomputed	bxt_gmo__softmax	bxt_gmo__square	bxt_gmo__uniform	bxt_gmo_full	bxt_gmosa
bxt_gmo__precomputed	1.0	0.16599214993990383	0.37327357700892855	0.16599214993990383	9.1552734375e-05	0.00011444091796875
bxt_gmo__softmax	0.16599214993990383	1.0	0.02325439453125	0.024885697798295456	9.1552734375e-05	0.00011444091796875
bxt_gmo__square	0.37327357700892855	0.02325439453125	1.0	0.5618896484375	9.1552734375e-05	9.1552734375e-05
bxt_gmo__uniform	0.16599214993990383	0.024885697798295456	0.5618896484375	1.0	9.1552734375e-05	0.00011444091796875
bxt_gmo_full	9.1552734375e-05	9.1552734375e-05	9.1552734375e-05	9.1552734375e-05	1.0	0.0002543131510416667
bxt_gmosa	0.00011444091796875	0.00011444091796875	9.1552734375e-05	0.00011444091796875	0.0002543131510416667	1.0
