	bxt_gmo__precomputed	bxt_gmo__softmax	bxt_gmo__square	bxt_gmo__uniform	bxt_gmo_full	bxt_gmosa
bxt_gmo__precomputed	1.0	0.086517333984375	0.860260009765625	0.086517333984375	0.0005340576171875	0.8378056117466518
bxt_gmo__softmax	0.086517333984375	1.0	0.31528472900390625	0.0002288818359375	0.0002288818359375	0.11352539062500001
bxt_gmo__square	0.860260009765625	0.31528472900390625	1.0	0.002811976841517857	0.000457763671875	0.3166668231670673
bxt_gmo__uniform	0.086517333984375	0.0002288818359375	0.002811976841517857	1.0	0.0002288818359375	0.00629425048828125
bxt_gmo_full	0.0005340576171875	0.0002288818359375	0.000457763671875	0.0002288818359375	1.0	0.0002288818359375
bxt_gmosa	0.8378056117466518	0.11352539062500001	0.3166668231670673	0.00629425048828125	0.0002288818359375	1.0
