	bxt_gmo__precomputed	bxt_gmo__softmax	bxt_gmo__square	bxt_gmo__uniform	bxt_gmo_full	bxt_gmosa
bxt_gmo__precomputed	1.0	3.814697265625e-05	3.814697265625e-05	3.814697265625e-05	3.814697265625e-05	0.528167724609375
bxt_gmo__softmax	3.814697265625e-05	1.0	3.814697265625e-05	3.814697265625e-05	3.814697265625e-05	0.002877371651785714
bxt_gmo__square	3.814697265625e-05	3.814697265625e-05	1.0	3.814697265625e-05	3.814697265625e-05	0.0003521259014423077
bxt_gmo__uniform	3.814697265625e-05	3.814697265625e-05	3.814697265625e-05	1.0	3.814697265625e-05	3.814697265625e-05
bxt_gmo_full	3.814697265625e-05	3.814697265625e-05	3.814697265625e-05	3.814697265625e-05	1.0	3.814697265625e-05
bxt_gmosa	0.528167724609375	0.002877371651785714	0.0003521259014423077	3.814697265625e-05	3.814697265625e-05	1.0
