	bxt_gmo__precomputed	bxt_gmo__softmax	bxt_gmo__square	bxt_gmo__uniform	bxt_gmo_full	bxt_gmosa
bxt_gmo__precomputed	1.0	0.4998427170973557	0.372314453125	1.0	5.7220458984375e-05	5.7220458984375e-05
bxt_gmo__softmax	0.4998427170973557	1.0	0.1248779296875	1.0	5.7220458984375e-05	5.7220458984375e-05
bxt_gmo__square	0.372314453125	0.1248779296875	1.0	0.372314453125	5.7220458984375e-05	5.7220458984375e-05
bxt_gmo__uniform	1.0	1.0	0.372314453125	1.0	5.7220458984375e-05	5.7220458984375e-05
bxt_gmo_full	5.7220458984375e-05	5.7220458984375e-05	5.7220458984375e-05	5.7220458984375e-05	1.0	0.021820068359375
bxt_gmosa	5.7220458984375e-05	5.7220458984375e-05	5.7220458984375e-05	5.7220458984375e-05	0.021820068359375	1.0
