	bxt_gmo__precomputed	bxt_gmo__softmax	bxt_gmo__square	bxt_gmo__uniform	bxt_gmo_full	bxt_gmosa
bxt_gmo__precomputed	1.0	0.43322049654447115	0.23911909623579547	1.0	5.0862630208333336e-05	5.0862630208333336e-05
bxt_gmo__softmax	0.43322049654447115	1.0	0.037445068359375	0.5658939906529018	5.0862630208333336e-05	5.0862630208333336e-05
bxt_gmo__square	0.23911909623579547	0.037445068359375	1.0	0.31528472900390625	5.0862630208333336e-05	5.0862630208333336e-05
bxt_gmo__uniform	1.0	0.5658939906529018	0.31528472900390625	1.0	5.0862630208333336e-05	5.0862630208333336e-05
bxt_gmo_full	5.0862630208333336e-05	5.0862630208333336e-05	5.0862630208333336e-05	5.0862630208333336e-05	1.0	5.0862630208333336e-05
bxt_gmosa	5.0862630208333336e-05	5.0862630208333336e-05	5.0862630208333336e-05	5.0862630208333336e-05	5.0862630208333336e-05	1.0
