	bxt_gmo__precomputed	bxt_gmo__softmax	bxt_gmo__square	bxt_gmo__uniform	bxt_gmo_full	bxt_gmosa
bxt_gmo__precomputed	1.0	0.6483342097355769	0.06646728515625	0.7163020542689732	7.62939453125e-05	0.00013078962053571428
bxt_gmo__softmax	0.6483342097355769	1.0	0.10079123757102273	0.743560791015625	7.62939453125e-05	0.000171661376953125
bxt_gmo__square	0.06646728515625	0.10079123757102273	1.0	0.31528472900390625	7.62939453125e-05	7.62939453125e-05
bxt_gmo__uniform	0.7163020542689732	0.743560791015625	0.31528472900390625	1.0	7.62939453125e-05	7.62939453125e-05
bxt_gmo_full	7.62939453125e-05	7.62939453125e-05	7.62939453125e-05	7.62939453125e-05	1.0	0.008595784505208334
bxt_gmosa	0.00013078962053571428	0.000171661376953125	7.62939453125e-05	7.62939453125e-05	0.008595784505208334	1.0
