	bxt_gmo__precomputed	bxt_gmo__softmax	bxt_gmo__square	bxt_gmo__uniform	bxt_gmo_full	bxt_gmosa
bxt_gmo__precomputed	1.0	0.215789794921875	0.979949951171875	0.5046844482421875	9.1552734375e-05	0.5046844482421875
bxt_gmo__softmax	0.215789794921875	1.0	0.9471834622896634	0.071868896484375	9.1552734375e-05	0.071868896484375
bxt_gmo__square	0.979949951171875	0.9471834622896634	1.0	0.12318929036458334	9.1552734375e-05	0.07244110107421875
bxt_gmo__uniform	0.5046844482421875	0.071868896484375	0.12318929036458334	1.0	9.1552734375e-05	0.979949951171875
bxt_gmo_full	9.1552734375e-05	9.1552734375e-05	9.1552734375e-05	9.1552734375e-05	1.0	9.1552734375e-05
bxt_gmosa	0.5046844482421875	0.071868896484375	0.07244110107421875	0.979949951171875	9.1552734375e-05	1.0
