	brf_gmo	brf_gmosa	brf_gso	brf_lmo	brf_lso	brf_sgso_us
brf_gmo	1.0	0.31775841346153844	0.31775841346153844	0.08138020833333334	0.845703125	0.017185089543391766
brf_gmosa	0.31775841346153844	1.0	0.31693892045454547	0.0146484375	0.2900390625	0.029296875
brf_gso	0.31775841346153844	0.31693892045454547	1.0	0.0146484375	0.3452845982142857	0.017185089543391766
brf_lmo	0.08138020833333334	0.0146484375	0.0146484375	1.0	0.04657219069665612	0.017185089543391766
brf_lso	0.845703125	0.2900390625	0.3452845982142857	0.04657219069665612	1.0	0.017185089543391766
brf_sgso_us	0.017185089543391766	0.029296875	0.017185089543391766	0.017185089543391766	0.017185089543391766	1.0
