	brf_gmo	brf_gmosa	brf_gso	brf_lmo	brf_lso	brf_sgso_us
brf_gmo	1.0	0.0032552083333333335	0.24112136827741826	0.09690504807692307	0.01708984375	0.0032552083333333335
brf_gmosa	0.0032552083333333335	1.0	0.0032552083333333335	0.0032552083333333335	0.00922563352016319	0.0032552083333333335
brf_gso	0.24112136827741826	0.0032552083333333335	1.0	0.005859375	0.0032552083333333335	0.0032552083333333335
brf_lmo	0.09690504807692307	0.0032552083333333335	0.005859375	1.0	0.1350350671900725	0.0032552083333333335
brf_lso	0.01708984375	0.00922563352016319	0.0032552083333333335	0.1350350671900725	1.0	0.0032552083333333335
brf_sgso_us	0.0032552083333333335	0.0032552083333333335	0.0032552083333333335	0.0032552083333333335	0.0032552083333333335	1.0
