	brf_gmo	brf_gmosa	brf_gso	brf_lmo	brf_lso	brf_sgso_us
brf_gmo	1.0	0.004185267857142857	0.004185267857142857	0.022643015595985548	0.004185267857142857	0.0103656447117222
brf_gmosa	0.004185267857142857	1.0	0.22310697115384615	0.004185267857142857	0.004185267857142857	0.10498046875
brf_gso	0.004185267857142857	0.22310697115384615	1.0	0.004185267857142857	0.004185267857142857	0.232421875
brf_lmo	0.022643015595985548	0.004185267857142857	0.004185267857142857	1.0	0.232421875	0.009765625
brf_lso	0.004185267857142857	0.004185267857142857	0.004185267857142857	0.232421875	1.0	0.00732421875
brf_sgso_us	0.0103656447117222	0.10498046875	0.232421875	0.009765625	0.00732421875	1.0
