	brf_gmo	brf_gmosa	brf_gso	brf_lmo	brf_lso	brf_sgso_us
brf_gmo	1.0	0.0032552083333333335	0.0032552083333333335	0.0048828125	0.0032552083333333335	0.0032552083333333335
brf_gmosa	0.0032552083333333335	1.0	0.0032552083333333335	0.0032552083333333335	0.023383152456485933	0.011268028846153846
brf_gso	0.0032552083333333335	0.0032552083333333335	1.0	0.0032552083333333335	0.02734375	0.0032552083333333335
brf_lmo	0.0048828125	0.0032552083333333335	0.0032552083333333335	1.0	0.0048828125	0.0032552083333333335
brf_lso	0.0032552083333333335	0.023383152456485933	0.02734375	0.0048828125	1.0	0.0048828125
brf_sgso_us	0.0032552083333333335	0.011268028846153846	0.0032552083333333335	0.0032552083333333335	0.0048828125	1.0
