	brf_gmosa	brf_gso	brf_gso__nrlmf	brf_lmo	brf_lmo__nrlmf	brf_lso
brf_gmosa	1.0	0.0155029296875	3.814697265625e-05	3.814697265625e-05	3.814697265625e-05	3.814697265625e-05
brf_gso	0.0155029296875	1.0	3.814697265625e-05	3.814697265625e-05	3.814697265625e-05	0.001514141376201923
brf_gso__nrlmf	3.814697265625e-05	3.814697265625e-05	1.0	3.814697265625e-05	0.005525861467633928	3.814697265625e-05
brf_lmo	3.814697265625e-05	3.814697265625e-05	3.814697265625e-05	1.0	3.814697265625e-05	3.814697265625e-05
brf_lmo__nrlmf	3.814697265625e-05	3.814697265625e-05	0.005525861467633928	3.814697265625e-05	1.0	3.814697265625e-05
brf_lso	3.814697265625e-05	0.001514141376201923	3.814697265625e-05	3.814697265625e-05	3.814697265625e-05	1.0
