	brf_gmosa	brf_gso	brf_gso__nrlmf	brf_lmo	brf_lmo__nrlmf	brf_lso
brf_gmosa	1.0	7.62939453125e-05	0.00013078962053571428	0.4061612215909091	7.62939453125e-05	0.781951904296875
brf_gso	7.62939453125e-05	1.0	0.781951904296875	7.62939453125e-05	0.781951904296875	7.62939453125e-05
brf_gso__nrlmf	0.00013078962053571428	0.781951904296875	1.0	0.0007120768229166667	0.5046844482421875	0.00057220458984375
brf_lmo	0.4061612215909091	7.62939453125e-05	0.0007120768229166667	1.0	7.62939453125e-05	0.0025177001953125
brf_lmo__nrlmf	7.62939453125e-05	0.781951904296875	0.5046844482421875	7.62939453125e-05	1.0	7.62939453125e-05
brf_lso	0.781951904296875	7.62939453125e-05	0.00057220458984375	0.0025177001953125	7.62939453125e-05	1.0
