	brf_gmo	brf_gmo__nrlmf	brf_gmosa	brf_gmosa__nrlmf	brf_gso	brf_gso__nrlmf	brf_lmo	brf_lmo__nrlmf
brf_gmo	1.0	0.926433856670673	0.0001708984375	0.02197265625	0.0019420276988636365	0.471038818359375	0.31157483552631576	0.9332637080439815
brf_gmo__nrlmf	0.926433856670673	1.0	0.000244140625	0.03743743896484375	0.002349853515625	0.2237820095486111	0.39262058423913043	0.93988037109375
brf_gmosa	0.0001708984375	0.000244140625	1.0	0.0001708984375	0.0005340576171875	0.000244140625	0.0001708984375	0.0001708984375
brf_gmosa__nrlmf	0.02197265625	0.03743743896484375	0.0001708984375	1.0	0.009005033052884616	0.08343864889705883	0.5915478515625	0.024438476562500002
brf_gso	0.0019420276988636365	0.002349853515625	0.0005340576171875	0.009005033052884616	1.0	0.0016235351562499999	0.0001708984375	0.0016235351562499999
brf_gso__nrlmf	0.471038818359375	0.2237820095486111	0.000244140625	0.08343864889705883	0.0016235351562499999	1.0	0.3790838068181818	0.3659261067708333
brf_lmo	0.31157483552631576	0.39262058423913043	0.0001708984375	0.5915478515625	0.0001708984375	0.3790838068181818	1.0	0.3659261067708333
brf_lmo__nrlmf	0.9332637080439815	0.93988037109375	0.0001708984375	0.024438476562500002	0.0016235351562499999	0.3659261067708333	0.3659261067708333	1.0
