	brf_gmo	brf_gmo__nrlmf	brf_gmosa	brf_gmosa__nrlmf	brf_gso	brf_gso__nrlmf	brf_lmo	brf_lmo__nrlmf
brf_gmo	1.0	6.103515625e-05	6.103515625e-05	0.0001068115234375	0.0004497327302631579	0.0007731119791666666	6.103515625e-05	0.00015079273897058824
brf_gmo__nrlmf	6.103515625e-05	1.0	6.103515625e-05	6.103515625e-05	6.103515625e-05	6.103515625e-05	6.103515625e-05	6.103515625e-05
brf_gmosa	6.103515625e-05	6.103515625e-05	1.0	6.103515625e-05	6.103515625e-05	0.0001068115234375	0.33359374999999997	6.103515625e-05
brf_gmosa__nrlmf	0.0001068115234375	6.103515625e-05	6.103515625e-05	1.0	0.10901896158854167	0.019731001420454544	0.00033230251736111107	0.07021696671195653
brf_gso	0.0004497327302631579	6.103515625e-05	6.103515625e-05	0.10901896158854167	1.0	0.781951904296875	6.103515625e-05	0.781951904296875
brf_gso__nrlmf	0.0007731119791666666	6.103515625e-05	0.0001068115234375	0.019731001420454544	0.781951904296875	1.0	0.0005981445312499999	0.4348050631009615
brf_lmo	6.103515625e-05	6.103515625e-05	0.33359374999999997	0.00033230251736111107	6.103515625e-05	0.0005981445312499999	1.0	6.103515625e-05
brf_lmo__nrlmf	0.00015079273897058824	6.103515625e-05	6.103515625e-05	0.07021696671195653	0.781951904296875	0.4348050631009615	6.103515625e-05	1.0
