	brf_gmosa	brf_gso	brf_gso__nrlmf	brf_lmo	brf_lmo__nrlmf	brf_lso
brf_gmosa	1.0	5.7220458984375e-05	5.7220458984375e-05	5.7220458984375e-05	5.7220458984375e-05	0.000152587890625
brf_gso	5.7220458984375e-05	1.0	0.0002288818359375	0.00209808349609375	5.7220458984375e-05	0.001040371981534091
brf_gso__nrlmf	5.7220458984375e-05	0.0002288818359375	1.0	0.116668701171875	0.116668701171875	5.7220458984375e-05
brf_lmo	5.7220458984375e-05	0.00209808349609375	0.116668701171875	1.0	0.0024648813100961535	5.7220458984375e-05
brf_lmo__nrlmf	5.7220458984375e-05	5.7220458984375e-05	0.116668701171875	0.0024648813100961535	1.0	5.7220458984375e-05
brf_lso	0.000152587890625	0.001040371981534091	5.7220458984375e-05	5.7220458984375e-05	5.7220458984375e-05	1.0
