	brf_gmo	brf_gmo__nrlmf	brf_gmosa	brf_gmosa__nrlmf	brf_gso	brf_gso__nrlmf	brf_lmo	brf_lmo__nrlmf
brf_gmo	1.0	0.028388129340277776	8.544921875e-05	0.16783650716145834	8.544921875e-05	0.46651986929086536	0.2824951171875	0.14203146229619565
brf_gmo__nrlmf	0.028388129340277776	1.0	8.544921875e-05	0.0016432542067307692	8.544921875e-05	0.031526264391447366	0.0013529459635416667	0.781951904296875
brf_gmosa	8.544921875e-05	8.544921875e-05	1.0	8.544921875e-05	8.544921875e-05	8.544921875e-05	8.544921875e-05	8.544921875e-05
brf_gmosa__nrlmf	0.16783650716145834	0.0016432542067307692	8.544921875e-05	1.0	0.0037384033203125	0.116552734375	0.6186839916087963	0.005529067095588236
brf_gso	8.544921875e-05	8.544921875e-05	8.544921875e-05	0.0037384033203125	1.0	0.0003884055397727273	0.00335693359375	8.544921875e-05
brf_gso__nrlmf	0.46651986929086536	0.031526264391447366	8.544921875e-05	0.116552734375	0.0003884055397727273	1.0	0.14203146229619565	0.14203146229619565
brf_lmo	0.2824951171875	0.0013529459635416667	8.544921875e-05	0.6186839916087963	0.00335693359375	0.14203146229619565	1.0	0.0037384033203125
brf_lmo__nrlmf	0.14203146229619565	0.781951904296875	8.544921875e-05	0.005529067095588236	8.544921875e-05	0.14203146229619565	0.0037384033203125	1.0
