	brf_gmosa	brf_gso	brf_gso__nrlmf	brf_lmo	brf_lmo__nrlmf	brf_lso
brf_gmosa	1.0	0.0003269740513392857	9.1552734375e-05	9.1552734375e-05	9.1552734375e-05	9.1552734375e-05
brf_gso	0.0003269740513392857	1.0	0.012676532451923076	0.0005086263020833334	0.002913041548295455	0.31912667410714285
brf_gso__nrlmf	9.1552734375e-05	0.012676532451923076	1.0	0.000640869140625	0.0005086263020833334	0.012676532451923076
brf_lmo	9.1552734375e-05	0.0005086263020833334	0.000640869140625	1.0	0.632171630859375	0.000152587890625
brf_lmo__nrlmf	9.1552734375e-05	0.002913041548295455	0.0005086263020833334	0.632171630859375	1.0	9.1552734375e-05
brf_lso	9.1552734375e-05	0.31912667410714285	0.012676532451923076	0.000152587890625	9.1552734375e-05	1.0
