	brf_gmo	brf_gmo__nrlmf	brf_gmosa	brf_gmosa__nrlmf	brf_gso	brf_gso__nrlmf	brf_lmo	brf_lmo__nrlmf
brf_gmo	1.0	0.14848743785511365	0.0001708984375	0.02284642269736842	0.000244140625	0.00152587890625	0.4380340576171875	0.899932861328125
brf_gmo__nrlmf	0.14848743785511365	1.0	0.0001708984375	0.01035443474264706	0.00042724609375	0.000244140625	0.62931640625	0.6424795297475961
brf_gmosa	0.0001708984375	0.0001708984375	1.0	0.00042724609375	0.00042724609375	0.0001708984375	0.0001708984375	0.0001708984375
brf_gmosa__nrlmf	0.02284642269736842	0.01035443474264706	0.00042724609375	1.0	0.038655598958333336	0.4380340576171875	0.00731658935546875	0.025549316406249998
brf_gso	0.000244140625	0.00042724609375	0.00042724609375	0.038655598958333336	1.0	0.01708984375	0.0007120768229166667	0.003987630208333333
brf_gso__nrlmf	0.00152587890625	0.000244140625	0.0001708984375	0.4380340576171875	0.01708984375	1.0	0.0009202223557692308	0.0007120768229166667
brf_lmo	0.4380340576171875	0.62931640625	0.0001708984375	0.00731658935546875	0.0007120768229166667	0.0009202223557692308	1.0	0.6555853949652778
brf_lmo__nrlmf	0.899932861328125	0.6424795297475961	0.0001708984375	0.025549316406249998	0.003987630208333333	0.0007120768229166667	0.6555853949652778	1.0
