	brf_gmosa	brf_gso	brf_gso__nrlmf	brf_lmo	brf_lmo__nrlmf	brf_lso
brf_gmosa	1.0	6.539481026785714e-05	6.539481026785714e-05	0.00457763671875	6.539481026785714e-05	0.12067354642427884
brf_gso	6.539481026785714e-05	1.0	0.00457763671875	0.000152587890625	0.12500217982700892	0.00011444091796875
brf_gso__nrlmf	6.539481026785714e-05	0.00457763671875	1.0	6.539481026785714e-05	0.528167724609375	6.539481026785714e-05
brf_lmo	0.00457763671875	0.000152587890625	6.539481026785714e-05	1.0	6.539481026785714e-05	0.08174896240234375
brf_lmo__nrlmf	6.539481026785714e-05	0.12500217982700892	0.528167724609375	6.539481026785714e-05	1.0	6.539481026785714e-05
brf_lso	0.12067354642427884	0.00011444091796875	6.539481026785714e-05	0.08174896240234375	6.539481026785714e-05	1.0
