	brf_gmo	brf_gmo__nrlmf	brf_gmosa	brf_gmosa__nrlmf	brf_gso	brf_gso__nrlmf	brf_lmo	brf_lmo__nrlmf
brf_gmo	1.0	0.21635742187499998	1.0	0.4905790441176471	0.14469401041666669	0.14469401041666669	0.8913981119791666	0.23640950520833334
brf_gmo__nrlmf	0.21635742187499998	1.0	0.3711344401041667	0.29071723090277773	1.0	1.0	0.3946614583333333	1.0
brf_gmosa	1.0	0.3711344401041667	1.0	0.5533061780427632	0.14469401041666669	0.29071723090277773	0.739434814453125	0.3856201171875
brf_gmosa__nrlmf	0.4905790441176471	0.29071723090277773	0.5533061780427632	1.0	0.3711344401041667	0.40460205078125	0.5016818576388888	0.3856201171875
brf_gso	0.14469401041666669	1.0	0.14469401041666669	0.3711344401041667	1.0	1.0	0.149749755859375	1.0
brf_gso__nrlmf	0.14469401041666669	1.0	0.29071723090277773	0.40460205078125	1.0	1.0	0.29071723090277773	0.9952115145596591
brf_lmo	0.8913981119791666	0.3946614583333333	0.739434814453125	0.5016818576388888	0.149749755859375	0.29071723090277773	1.0	0.29283447265625
brf_lmo__nrlmf	0.23640950520833334	1.0	0.3856201171875	0.3856201171875	1.0	0.9952115145596591	0.29283447265625	1.0
