	brf_gmosa	brf_gso	brf_gso__nrlmf	brf_lmo	brf_lmo__nrlmf	brf_lso
brf_gmosa	1.0	0.004475911458333334	0.46413966587611605	7.62939453125e-05	0.10782095102163461	0.019378662109375
brf_gso	0.004475911458333334	1.0	7.62939453125e-05	7.62939453125e-05	7.62939453125e-05	0.632171630859375
brf_gso__nrlmf	0.46413966587611605	7.62939453125e-05	1.0	7.62939453125e-05	0.00857266512784091	0.00857266512784091
brf_lmo	7.62939453125e-05	7.62939453125e-05	7.62939453125e-05	1.0	0.001888275146484375	7.62939453125e-05
brf_lmo__nrlmf	0.10782095102163461	7.62939453125e-05	0.00857266512784091	0.001888275146484375	1.0	0.0006539481026785714
brf_lso	0.019378662109375	0.632171630859375	0.00857266512784091	7.62939453125e-05	0.0006539481026785714	1.0
