	brf_gmo	brf_gmo__nrlmf	brf_gmosa	brf_gmosa__nrlmf	brf_gso	brf_gso__nrlmf	brf_lmo	brf_lmo__nrlmf
brf_gmo	1.0	6.103515625e-05	6.103515625e-05	0.0001068115234375	0.0004747178819444444	6.103515625e-05	0.0028483072916666665	6.103515625e-05
brf_gmo__nrlmf	6.103515625e-05	1.0	0.009710138494318182	6.103515625e-05	6.103515625e-05	0.027958984375	6.103515625e-05	0.054556039663461536
brf_gmosa	6.103515625e-05	0.009710138494318182	1.0	6.103515625e-05	6.103515625e-05	0.0004747178819444444	6.103515625e-05	0.0018371582031249999
brf_gmosa__nrlmf	0.0001068115234375	6.103515625e-05	6.103515625e-05	1.0	0.743560791015625	0.0001068115234375	0.024958292643229168	0.0018371582031249999
brf_gso	0.0004747178819444444	6.103515625e-05	6.103515625e-05	0.743560791015625	1.0	6.103515625e-05	0.024958292643229168	6.103515625e-05
brf_gso__nrlmf	6.103515625e-05	0.027958984375	0.0004747178819444444	0.0001068115234375	6.103515625e-05	1.0	6.103515625e-05	0.3612919560185185
brf_lmo	0.0028483072916666665	6.103515625e-05	6.103515625e-05	0.024958292643229168	0.024958292643229168	6.103515625e-05	1.0	6.103515625e-05
brf_lmo__nrlmf	6.103515625e-05	0.054556039663461536	0.0018371582031249999	0.0018371582031249999	6.103515625e-05	0.3612919560185185	6.103515625e-05	1.0
