	brf_gmosa	brf_gso	brf_gso__nrlmf	brf_lmo	brf_lmo__nrlmf	brf_lso
brf_gmosa	1.0	0.528167724609375	6.539481026785714e-05	0.027374267578125	6.539481026785714e-05	0.0720977783203125
brf_gso	0.528167724609375	1.0	6.539481026785714e-05	0.015309651692708334	6.539481026785714e-05	0.06908069957386365
brf_gso__nrlmf	6.539481026785714e-05	6.539481026785714e-05	1.0	6.539481026785714e-05	0.16599214993990383	0.00011444091796875
brf_lmo	0.027374267578125	0.015309651692708334	6.539481026785714e-05	1.0	6.539481026785714e-05	0.31912667410714285
brf_lmo__nrlmf	6.539481026785714e-05	6.539481026785714e-05	0.16599214993990383	6.539481026785714e-05	1.0	6.539481026785714e-05
brf_lso	0.0720977783203125	0.06908069957386365	0.00011444091796875	0.31912667410714285	6.539481026785714e-05	1.0
