	brf_gmosa	brf_gso	brf_gso__nrlmf	brf_lmo	brf_lmo__nrlmf	brf_lso
brf_gmosa	1.0	5.0862630208333336e-05	5.0862630208333336e-05	0.0005340576171875	5.0862630208333336e-05	0.2978515625
brf_gso	5.0862630208333336e-05	1.0	5.0862630208333336e-05	0.0024648813100961535	5.0862630208333336e-05	8.322975852272728e-05
brf_gso__nrlmf	5.0862630208333336e-05	5.0862630208333336e-05	1.0	5.0862630208333336e-05	0.11205400739397321	5.0862630208333336e-05
brf_lmo	0.0005340576171875	0.0024648813100961535	5.0862630208333336e-05	1.0	5.0862630208333336e-05	8.322975852272728e-05
brf_lmo__nrlmf	5.0862630208333336e-05	5.0862630208333336e-05	0.11205400739397321	5.0862630208333336e-05	1.0	5.0862630208333336e-05
brf_lso	0.2978515625	8.322975852272728e-05	5.0862630208333336e-05	8.322975852272728e-05	5.0862630208333336e-05	1.0
