	brf_gmosa	brf_gso	brf_gso__nrlmf	brf_lmo	brf_lmo__nrlmf	brf_lso
brf_gmosa	1.0	0.000457763671875	6.539481026785714e-05	6.539481026785714e-05	6.539481026785714e-05	0.0007906827059659091
brf_gso	0.000457763671875	1.0	0.00011444091796875	6.539481026785714e-05	6.539481026785714e-05	0.6020246233258928
brf_gso__nrlmf	6.539481026785714e-05	0.00011444091796875	1.0	0.02105712890625	0.00644683837890625	6.539481026785714e-05
brf_lmo	6.539481026785714e-05	6.539481026785714e-05	0.02105712890625	1.0	0.781951904296875	0.0002543131510416667
brf_lmo__nrlmf	6.539481026785714e-05	6.539481026785714e-05	0.00644683837890625	0.781951904296875	1.0	6.539481026785714e-05
brf_lso	0.0007906827059659091	0.6020246233258928	6.539481026785714e-05	0.0002543131510416667	6.539481026785714e-05	1.0
