	brf_gmo	brf_gmo__nrlmf	brf_gmosa	brf_gmosa__nrlmf	brf_gso	brf_gso__nrlmf	brf_lmo	brf_lmo__nrlmf
brf_gmo	1.0	0.03689852627840909	0.0001553622159090909	0.019293534128289474	0.0001553622159090909	0.033284505208333336	0.820892333984375	0.6424795297475961
brf_gmo__nrlmf	0.03689852627840909	1.0	0.0001220703125	0.0004601111778846154	0.0001220703125	0.0004601111778846154	0.19639648437499999	0.10135020380434782
brf_gmosa	0.0001553622159090909	0.0001220703125	1.0	0.0001553622159090909	0.0006103515625	0.0001220703125	0.0001220703125	0.0001220703125
brf_gmosa__nrlmf	0.019293534128289474	0.0004601111778846154	0.0001553622159090909	1.0	0.012566061580882354	0.13611348470052084	0.01708984375	0.0014241536458333335
brf_gso	0.0001553622159090909	0.0001220703125	0.0006103515625	0.012566061580882354	1.0	0.0001553622159090909	0.0001220703125	0.0001220703125
brf_gso__nrlmf	0.033284505208333336	0.0004601111778846154	0.0001220703125	0.13611348470052084	0.0001553622159090909	1.0	0.025549316406249998	0.00902557373046875
brf_lmo	0.820892333984375	0.19639648437499999	0.0001220703125	0.01708984375	0.0001220703125	0.025549316406249998	1.0	0.8109130859375
brf_lmo__nrlmf	0.6424795297475961	0.10135020380434782	0.0001220703125	0.0014241536458333335	0.0001220703125	0.00902557373046875	0.8109130859375	1.0
