	brf_gmosa	brf_gso	brf_gso__nrlmf	brf_lmo	brf_lmo__nrlmf	brf_lso
brf_gmosa	1.0	0.899932861328125	5.7220458984375e-05	0.00095367431640625	5.7220458984375e-05	0.0002080743963068182
brf_gso	0.899932861328125	1.0	5.7220458984375e-05	0.000152587890625	5.7220458984375e-05	0.0002080743963068182
brf_gso__nrlmf	5.7220458984375e-05	5.7220458984375e-05	1.0	5.7220458984375e-05	0.02105712890625	5.7220458984375e-05
brf_lmo	0.00095367431640625	0.000152587890625	5.7220458984375e-05	1.0	5.7220458984375e-05	0.022920880998883928
brf_lmo__nrlmf	5.7220458984375e-05	5.7220458984375e-05	0.02105712890625	5.7220458984375e-05	1.0	5.7220458984375e-05
brf_lso	0.0002080743963068182	0.0002080743963068182	5.7220458984375e-05	0.022920880998883928	5.7220458984375e-05	1.0
