	brf_gmo	brf_gmo__nrlmf	brf_gmosa	brf_gmosa__nrlmf	brf_gso	brf_gso__nrlmf	brf_lmo	brf_lmo__nrlmf
brf_gmo	1.0	0.000213623046875	0.0037384033203125	0.0013529459635416667	0.6933096426504629	0.0011962890624999999	0.03689852627840909	0.000213623046875
brf_gmo__nrlmf	0.000213623046875	1.0	0.000213623046875	0.00335693359375	0.000213623046875	0.018328857421875	0.028523763020833332	0.6933096426504629
brf_gmosa	0.0037384033203125	0.000213623046875	1.0	0.000244140625	0.005529067095588236	0.000244140625	0.0013529459635416667	0.000244140625
brf_gmosa__nrlmf	0.0013529459635416667	0.00335693359375	0.000244140625	1.0	0.0037384033203125	0.3612109375	0.34749348958333337	0.0006646050347222221
brf_gso	0.6933096426504629	0.000213623046875	0.005529067095588236	0.0037384033203125	1.0	0.01186794704861111	0.013536955180921052	0.0005340576171875
brf_gso__nrlmf	0.0011962890624999999	0.018328857421875	0.000244140625	0.3612109375	0.01186794704861111	1.0	0.743560791015625	0.00335693359375
brf_lmo	0.03689852627840909	0.028523763020833332	0.0013529459635416667	0.34749348958333337	0.013536955180921052	0.743560791015625	1.0	0.04082986582880435
brf_lmo__nrlmf	0.000213623046875	0.6933096426504629	0.000244140625	0.0006646050347222221	0.0005340576171875	0.00335693359375	0.04082986582880435	1.0
