	brf_gmosa	brf_gso	brf_gso__nrlmf	brf_lmo	brf_lmo__nrlmf	brf_lso
brf_gmosa	1.0	0.0228118896484375	5.0862630208333336e-05	5.0862630208333336e-05	5.0862630208333336e-05	0.03345196063701923
brf_gso	0.0228118896484375	1.0	0.0001373291015625	5.0862630208333336e-05	5.0862630208333336e-05	0.079193115234375
brf_gso__nrlmf	5.0862630208333336e-05	0.0001373291015625	1.0	0.09344482421875	5.0862630208333336e-05	5.0862630208333336e-05
brf_lmo	5.0862630208333336e-05	5.0862630208333336e-05	0.09344482421875	1.0	0.0036621093750000004	5.0862630208333336e-05
brf_lmo__nrlmf	5.0862630208333336e-05	5.0862630208333336e-05	5.0862630208333336e-05	0.0036621093750000004	1.0	5.0862630208333336e-05
brf_lso	0.03345196063701923	0.079193115234375	5.0862630208333336e-05	5.0862630208333336e-05	5.0862630208333336e-05	1.0
