	brf_gmosa	brf_gso	brf_gso__nrlmf	brf_lmo	brf_lmo__nrlmf	brf_lso
brf_gmosa	1.0	0.04747663225446429	4.57763671875e-05	0.083251953125	4.57763671875e-05	4.57763671875e-05
brf_gso	0.04747663225446429	1.0	4.57763671875e-05	0.0002080743963068182	4.57763671875e-05	0.01148223876953125
brf_gso__nrlmf	4.57763671875e-05	4.57763671875e-05	1.0	4.57763671875e-05	0.03345196063701923	4.57763671875e-05
brf_lmo	0.083251953125	0.0002080743963068182	4.57763671875e-05	1.0	4.57763671875e-05	4.57763671875e-05
brf_lmo__nrlmf	4.57763671875e-05	4.57763671875e-05	0.03345196063701923	4.57763671875e-05	1.0	4.57763671875e-05
brf_lso	4.57763671875e-05	0.01148223876953125	4.57763671875e-05	4.57763671875e-05	4.57763671875e-05	1.0
