	brf_gmo	brf_gmo__nrlmf	brf_gmosa	brf_gmosa__nrlmf	brf_gso	brf_gso__nrlmf	brf_lmo	brf_lmo__nrlmf
brf_gmo	1.0	0.000213623046875	0.00028483072916666663	0.008494657628676471	0.10595703125	0.22768930288461536	0.00014241536458333334	0.00262451171875
brf_gmo__nrlmf	0.000213623046875	1.0	0.00014241536458333334	0.00014241536458333334	0.000213623046875	0.00014241536458333334	0.00014241536458333334	0.00014241536458333334
brf_gmosa	0.00028483072916666663	0.00014241536458333334	1.0	0.046954345703125	0.06754557291666667	0.0007120768229166667	0.0012488731971153845	0.5137713396990741
brf_gmosa__nrlmf	0.008494657628676471	0.00014241536458333334	0.046954345703125	1.0	0.860260009765625	0.02689401726973684	0.003987630208333333	0.215947265625
brf_gso	0.10595703125	0.000213623046875	0.06754557291666667	0.860260009765625	1.0	0.215947265625	0.0003884055397727273	0.2134744395380435
brf_gso__nrlmf	0.22768930288461536	0.00014241536458333334	0.0007120768229166667	0.02689401726973684	0.215947265625	1.0	0.0003884055397727273	0.024115668402777776
brf_lmo	0.00014241536458333334	0.00014241536458333334	0.0012488731971153845	0.003987630208333333	0.0003884055397727273	0.0003884055397727273	1.0	0.00731658935546875
brf_lmo__nrlmf	0.00262451171875	0.00014241536458333334	0.5137713396990741	0.215947265625	0.2134744395380435	0.024115668402777776	0.00731658935546875	1.0
