	brf_gmo	brf_gmo__nrlmf	brf_gmosa	brf_gmosa__nrlmf	brf_gso	brf_gso__nrlmf	brf_lmo	brf_lmo__nrlmf
brf_gmo	1.0	0.22768930288461536	7.120768229166667e-05	0.860260009765625	0.00133514404296875	0.17814453125	0.056396484375	0.0002848307291666667
brf_gmo__nrlmf	0.22768930288461536	1.0	7.120768229166667e-05	0.2615695529513889	7.120768229166667e-05	0.12201436360677084	0.002041286892361111	7.120768229166667e-05
brf_gmosa	7.120768229166667e-05	7.120768229166667e-05	1.0	7.120768229166667e-05	0.025549316406249998	7.120768229166667e-05	7.120768229166667e-05	7.120768229166667e-05
brf_gmosa__nrlmf	0.860260009765625	0.2615695529513889	7.120768229166667e-05	1.0	0.0002848307291666667	0.028523763020833332	0.0016587201286764708	7.120768229166667e-05
brf_gso	0.00133514404296875	7.120768229166667e-05	0.025549316406249998	0.0002848307291666667	1.0	0.0001971905048076923	7.120768229166667e-05	7.120768229166667e-05
brf_gso__nrlmf	0.17814453125	0.12201436360677084	7.120768229166667e-05	0.028523763020833332	0.0001971905048076923	1.0	0.11375891644021739	7.120768229166667e-05
brf_lmo	0.056396484375	0.002041286892361111	7.120768229166667e-05	0.0016587201286764708	7.120768229166667e-05	0.11375891644021739	1.0	0.003957648026315789
brf_lmo__nrlmf	0.0002848307291666667	7.120768229166667e-05	7.120768229166667e-05	7.120768229166667e-05	7.120768229166667e-05	7.120768229166667e-05	0.003957648026315789	1.0
