	brf_gmosa	brf_gso	brf_gso__nrlmf	brf_lmo	brf_lmo__nrlmf	brf_lso
brf_gmosa	1.0	0.0006690392127403846	4.57763671875e-05	0.0004161487926136364	4.57763671875e-05	0.0005340576171875
brf_gso	0.0006690392127403846	1.0	4.57763671875e-05	4.57763671875e-05	4.57763671875e-05	0.274444580078125
brf_gso__nrlmf	4.57763671875e-05	4.57763671875e-05	1.0	4.57763671875e-05	0.0010790143694196428	4.57763671875e-05
brf_lmo	0.0004161487926136364	4.57763671875e-05	4.57763671875e-05	1.0	4.57763671875e-05	4.57763671875e-05
brf_lmo__nrlmf	4.57763671875e-05	4.57763671875e-05	0.0010790143694196428	4.57763671875e-05	1.0	4.57763671875e-05
brf_lso	0.0005340576171875	0.274444580078125	4.57763671875e-05	4.57763671875e-05	4.57763671875e-05	1.0
