	brf_gmosa	brf_gso	brf_gso__nrlmf	brf_lmo	brf_lmo__nrlmf	brf_lso
brf_gmosa	1.0	0.7714022122896634	5.7220458984375e-05	1.0	5.7220458984375e-05	0.00010172526041666667
brf_gso	0.7714022122896634	1.0	5.7220458984375e-05	0.8795275006975446	5.7220458984375e-05	0.0001373291015625
brf_gso__nrlmf	5.7220458984375e-05	5.7220458984375e-05	1.0	5.7220458984375e-05	0.40313720703125	5.7220458984375e-05
brf_lmo	1.0	0.8795275006975446	5.7220458984375e-05	1.0	5.7220458984375e-05	0.002288818359375
brf_lmo__nrlmf	5.7220458984375e-05	5.7220458984375e-05	0.40313720703125	5.7220458984375e-05	1.0	5.7220458984375e-05
brf_lso	0.00010172526041666667	0.0001373291015625	5.7220458984375e-05	0.002288818359375	5.7220458984375e-05	1.0
