	brf_gmosa	brf_gso	brf_gso__nrlmf	brf_lmo	brf_lmo__nrlmf	brf_lso
brf_gmosa	1.0	4.57763671875e-05	4.57763671875e-05	4.57763671875e-05	4.57763671875e-05	8.322975852272728e-05
brf_gso	4.57763671875e-05	1.0	4.57763671875e-05	0.528167724609375	4.57763671875e-05	0.0923919677734375
brf_gso__nrlmf	4.57763671875e-05	4.57763671875e-05	1.0	4.57763671875e-05	0.46413966587611605	4.57763671875e-05
brf_lmo	4.57763671875e-05	0.528167724609375	4.57763671875e-05	1.0	4.57763671875e-05	0.46413966587611605
brf_lmo__nrlmf	4.57763671875e-05	4.57763671875e-05	0.46413966587611605	4.57763671875e-05	1.0	4.57763671875e-05
brf_lso	8.322975852272728e-05	0.0923919677734375	4.57763671875e-05	0.46413966587611605	4.57763671875e-05	1.0
