	brf_gmosa	brf_gso	brf_gso__nrlmf	brf_lmo	brf_lmo__nrlmf	brf_lso
brf_gmosa	1.0	0.0077362060546875	0.000274658203125	0.04457913912259615	0.000274658203125	0.7163020542689732
brf_gso	0.0077362060546875	1.0	0.00057220458984375	0.979949951171875	0.0005340576171875	0.000274658203125
brf_gso__nrlmf	0.000274658203125	0.00057220458984375	1.0	0.0077362060546875	0.02674102783203125	0.0002288818359375
brf_lmo	0.04457913912259615	0.979949951171875	0.0077362060546875	1.0	0.00057220458984375	0.021140358664772728
brf_lmo__nrlmf	0.000274658203125	0.0005340576171875	0.02674102783203125	0.00057220458984375	1.0	0.0002288818359375
brf_lso	0.7163020542689732	0.000274658203125	0.0002288818359375	0.021140358664772728	0.0002288818359375	1.0
