	brf_gmosa	brf_gso	brf_gso__nrlmf	brf_lmo	brf_lmo__nrlmf	brf_lso
brf_gmosa	1.0	0.6392015729631696	0.002288818359375	0.0320892333984375	0.000152587890625	0.1798248291015625
brf_gso	0.6392015729631696	1.0	0.017223358154296875	0.034040971235795456	0.000152587890625	0.6094242976262019
brf_gso__nrlmf	0.002288818359375	0.017223358154296875	1.0	0.781951904296875	0.008392333984375	0.017223358154296875
brf_lmo	0.0320892333984375	0.034040971235795456	0.781951904296875	1.0	0.00080108642578125	0.025838216145833336
brf_lmo__nrlmf	0.000152587890625	0.000152587890625	0.008392333984375	0.00080108642578125	1.0	0.000152587890625
brf_lso	0.1798248291015625	0.6094242976262019	0.017223358154296875	0.025838216145833336	0.000152587890625	1.0
