	brf_gmo	brf_gmo__nrlmf	brf_gmosa	brf_gmosa__nrlmf	brf_gso	brf_gso__nrlmf	brf_lmo	brf_lmo__nrlmf
brf_gmo	1.0	0.5335317758413461	0.0001708984375	0.0016235351562499999	0.0001708984375	0.00042724609375	0.01186794704861111	0.16511119495738635
brf_gmo__nrlmf	0.5335317758413461	1.0	0.0001708984375	0.006266276041666667	0.0005340576171875	0.0005340576171875	0.01035443474264706	0.2347252887228261
brf_gmosa	0.0001708984375	0.0001708984375	1.0	0.002826397235576923	0.6186839916087963	0.0017801920572916667	0.029949951171875	0.0001708984375
brf_gmosa__nrlmf	0.0016235351562499999	0.006266276041666667	0.002826397235576923	1.0	0.0017801920572916667	0.26973470052083337	0.42051269531249996	0.00731658935546875
brf_gso	0.0001708984375	0.0005340576171875	0.6186839916087963	0.0017801920572916667	1.0	0.013536955180921052	0.033284505208333336	0.0001708984375
brf_gso__nrlmf	0.00042724609375	0.0005340576171875	0.0017801920572916667	0.26973470052083337	0.013536955180921052	1.0	0.781951904296875	0.006266276041666667
brf_lmo	0.01186794704861111	0.01035443474264706	0.029949951171875	0.42051269531249996	0.033284505208333336	0.781951904296875	1.0	0.0006646050347222221
brf_lmo__nrlmf	0.16511119495738635	0.2347252887228261	0.0001708984375	0.00731658935546875	0.0001708984375	0.006266276041666667	0.0006646050347222221	1.0
