	brf_gmosa	brf_gso	brf_gso__nrlmf	brf_lmo	brf_lmo__nrlmf	brf_lso
brf_gmosa	1.0	0.0002288818359375	0.432586669921875	0.2667705829326923	0.019073486328125	0.05435943603515625
brf_gso	0.0002288818359375	1.0	0.0002288818359375	0.015472412109375	0.00057220458984375	0.00057220458984375
brf_gso__nrlmf	0.432586669921875	0.0002288818359375	1.0	0.781951904296875	0.08443196614583334	0.2667705829326923
brf_lmo	0.2667705829326923	0.015472412109375	0.781951904296875	1.0	0.03910609654017857	0.263031005859375
brf_lmo__nrlmf	0.019073486328125	0.00057220458984375	0.08443196614583334	0.03910609654017857	1.0	0.2667705829326923
brf_lso	0.05435943603515625	0.00057220458984375	0.2667705829326923	0.263031005859375	0.2667705829326923	1.0
