	brf_gmosa	brf_gso	brf_gso__nrlmf	brf_lmo	brf_lmo__nrlmf	brf_lso
brf_gmosa	1.0	0.0025177001953125	5.7220458984375e-05	0.40313720703125	5.7220458984375e-05	0.781951904296875
brf_gso	0.0025177001953125	1.0	5.7220458984375e-05	0.0007120768229166667	5.7220458984375e-05	0.021140358664772728
brf_gso__nrlmf	5.7220458984375e-05	5.7220458984375e-05	1.0	5.7220458984375e-05	0.432586669921875	5.7220458984375e-05
brf_lmo	0.40313720703125	0.0007120768229166667	5.7220458984375e-05	1.0	5.7220458984375e-05	0.432586669921875
brf_lmo__nrlmf	5.7220458984375e-05	5.7220458984375e-05	0.432586669921875	5.7220458984375e-05	1.0	5.7220458984375e-05
brf_lso	0.781951904296875	0.021140358664772728	5.7220458984375e-05	0.432586669921875	5.7220458984375e-05	1.0
