	brf_gmo	brf_gmo__nrlmf	brf_gmosa	brf_gmosa__nrlmf	brf_gso	brf_gso__nrlmf	brf_lmo	brf_lmo__nrlmf
brf_gmo	1.0	6.573016826923077e-05	0.781951904296875	0.011691006747159092	0.047034222146739135	6.573016826923077e-05	0.44924135561342593	6.573016826923077e-05
brf_gmo__nrlmf	6.573016826923077e-05	1.0	6.573016826923077e-05	0.00035184972426470593	6.573016826923077e-05	0.13611348470052084	0.00026702880859375	0.011691006747159092
brf_gmosa	0.781951904296875	6.573016826923077e-05	1.0	0.00026702880859375	0.0024735300164473685	6.573016826923077e-05	0.3612109375	6.573016826923077e-05
brf_gmosa__nrlmf	0.011691006747159092	0.00035184972426470593	0.00026702880859375	1.0	0.00880126953125	6.573016826923077e-05	0.0001220703125	6.573016826923077e-05
brf_gso	0.047034222146739135	6.573016826923077e-05	0.0024735300164473685	0.00880126953125	1.0	6.573016826923077e-05	0.0006646050347222221	6.573016826923077e-05
brf_gso__nrlmf	6.573016826923077e-05	0.13611348470052084	6.573016826923077e-05	6.573016826923077e-05	6.573016826923077e-05	1.0	6.573016826923077e-05	0.4348050631009615
brf_lmo	0.44924135561342593	0.00026702880859375	0.3612109375	0.0001220703125	0.0006646050347222221	6.573016826923077e-05	1.0	6.573016826923077e-05
brf_lmo__nrlmf	6.573016826923077e-05	0.011691006747159092	6.573016826923077e-05	6.573016826923077e-05	6.573016826923077e-05	0.4348050631009615	6.573016826923077e-05	1.0
