	brf_gmo	brf_gmo__nrlmf	brf_gmosa	brf_gmosa__nrlmf	brf_gso	brf_gso__nrlmf	brf_lmo	brf_lmo__nrlmf
brf_gmo	1.0	7.768110795454545e-05	0.008900960286458334	0.0017496744791666667	0.21925636574074073	7.768110795454545e-05	0.082783203125	7.768110795454545e-05
brf_gmo__nrlmf	7.768110795454545e-05	1.0	7.768110795454545e-05	0.0005981445312499999	0.00016021728515625	0.322509765625	0.00035184972426470593	0.08965594951923077
brf_gmosa	0.008900960286458334	7.768110795454545e-05	1.0	7.768110795454545e-05	0.0004747178819444444	7.768110795454545e-05	0.00508980129076087	7.768110795454545e-05
brf_gmosa__nrlmf	0.0017496744791666667	0.0005981445312499999	7.768110795454545e-05	1.0	0.00016021728515625	7.768110795454545e-05	0.00016021728515625	0.00013146033653846153
brf_gso	0.21925636574074073	0.00016021728515625	0.0004747178819444444	0.00016021728515625	1.0	7.768110795454545e-05	0.0005981445312499999	7.768110795454545e-05
brf_gso__nrlmf	7.768110795454545e-05	0.322509765625	7.768110795454545e-05	7.768110795454545e-05	7.768110795454545e-05	1.0	7.768110795454545e-05	0.00508980129076087
brf_lmo	0.082783203125	0.00035184972426470593	0.00508980129076087	0.00016021728515625	0.0005981445312499999	7.768110795454545e-05	1.0	0.00013146033653846153
brf_lmo__nrlmf	7.768110795454545e-05	0.08965594951923077	7.768110795454545e-05	0.00013146033653846153	7.768110795454545e-05	0.00508980129076087	0.00013146033653846153	1.0
