	brf_gmo	brf_gmo__nrlmf	brf_gmosa	brf_gmosa__nrlmf	brf_gso	brf_gso__nrlmf	brf_lmo	brf_lmo__nrlmf
brf_gmo	1.0	9.494357638888888e-05	0.000213623046875	0.860260009765625	0.003759765625	0.6933096426504629	0.4851806640625	0.003759765625
brf_gmo__nrlmf	9.494357638888888e-05	1.0	9.494357638888888e-05	9.494357638888888e-05	9.494357638888888e-05	9.494357638888888e-05	9.494357638888888e-05	0.20243696732954547
brf_gmosa	0.000213623046875	9.494357638888888e-05	1.0	9.494357638888888e-05	0.001186794704861111	0.0005696614583333334	0.00042724609375	0.0001708984375
brf_gmosa__nrlmf	0.860260009765625	9.494357638888888e-05	9.494357638888888e-05	1.0	0.000213623046875	0.4241253396739131	0.4851806640625	0.00042724609375
brf_gso	0.003759765625	9.494357638888888e-05	0.001186794704861111	0.000213623046875	1.0	0.001186794704861111	0.024332682291666668	9.494357638888888e-05
brf_gso__nrlmf	0.6933096426504629	9.494357638888888e-05	0.0005696614583333334	0.4241253396739131	0.001186794704861111	1.0	0.5335317758413461	0.00101470947265625
brf_lmo	0.4851806640625	9.494357638888888e-05	0.00042724609375	0.4851806640625	0.024332682291666668	0.5335317758413461	1.0	9.494357638888888e-05
brf_lmo__nrlmf	0.003759765625	0.20243696732954547	0.0001708984375	0.00042724609375	9.494357638888888e-05	0.00101470947265625	9.494357638888888e-05	1.0
