	brf_gmo	brf_gmosa	brf_gso	brf_lmo	brf_lso	brf_sgso_us
brf_gmo	1.0	6.539481026785714e-05	0.000286102294921875	0.063323974609375	6.539481026785714e-05	6.539481026785714e-05
brf_gmosa	6.539481026785714e-05	1.0	0.668548583984375	0.04573475230823864	0.49686976841517855	6.539481026785714e-05
brf_gso	0.000286102294921875	0.668548583984375	1.0	0.0012715657552083335	0.49686976841517855	6.539481026785714e-05
brf_lmo	0.063323974609375	0.04573475230823864	0.0012715657552083335	1.0	0.0196380615234375	6.539481026785714e-05
brf_lso	6.539481026785714e-05	0.49686976841517855	0.49686976841517855	0.0196380615234375	1.0	6.539481026785714e-05
brf_sgso_us	6.539481026785714e-05	6.539481026785714e-05	6.539481026785714e-05	6.539481026785714e-05	6.539481026785714e-05	1.0
