	brf_gmo	brf_gmosa	brf_gso	brf_lmo	brf_lso	brf_sgso_us
brf_gmo	1.0	0.11352539062500001	0.011051722935267856	0.017223358154296875	0.0032806396484375	9.1552734375e-05
brf_gmosa	0.11352539062500001	1.0	0.31912667410714285	0.1798248291015625	0.0503082275390625	9.1552734375e-05
brf_gso	0.011051722935267856	0.31912667410714285	1.0	0.668548583984375	0.025838216145833336	9.1552734375e-05
brf_lmo	0.017223358154296875	0.1798248291015625	0.668548583984375	1.0	0.20233154296875	9.1552734375e-05
brf_lso	0.0032806396484375	0.0503082275390625	0.025838216145833336	0.20233154296875	1.0	9.1552734375e-05
brf_sgso_us	9.1552734375e-05	9.1552734375e-05	9.1552734375e-05	9.1552734375e-05	9.1552734375e-05	1.0
