	brf_gmo	brf_gmosa	brf_gso	brf_lmo	brf_lso	brf_sgso_us
brf_gmo	1.0	5.0862630208333336e-05	0.322509765625	8.322975852272728e-05	5.0862630208333336e-05	5.0862630208333336e-05
brf_gmosa	5.0862630208333336e-05	1.0	5.0862630208333336e-05	5.0862630208333336e-05	0.0003814697265625	5.0862630208333336e-05
brf_gso	0.322509765625	5.0862630208333336e-05	1.0	0.003596714564732143	8.322975852272728e-05	5.0862630208333336e-05
brf_lmo	8.322975852272728e-05	5.0862630208333336e-05	0.003596714564732143	1.0	0.001514141376201923	5.0862630208333336e-05
brf_lso	5.0862630208333336e-05	0.0003814697265625	8.322975852272728e-05	0.001514141376201923	1.0	5.0862630208333336e-05
brf_sgso_us	5.0862630208333336e-05	5.0862630208333336e-05	5.0862630208333336e-05	5.0862630208333336e-05	5.0862630208333336e-05	1.0
