	brf_gmo	brf_gmosa	brf_gso	brf_lmo	brf_lso	brf_sgso_us
brf_gmo	1.0	5.7220458984375e-05	5.7220458984375e-05	5.7220458984375e-05	5.7220458984375e-05	5.7220458984375e-05
brf_gmosa	5.7220458984375e-05	1.0	0.40374755859375	0.000457763671875	5.7220458984375e-05	5.7220458984375e-05
brf_gso	5.7220458984375e-05	0.40374755859375	1.0	0.00164031982421875	0.000152587890625	5.7220458984375e-05
brf_lmo	5.7220458984375e-05	0.000457763671875	0.00164031982421875	1.0	0.22652762276785715	0.000582608309659091
brf_lso	5.7220458984375e-05	5.7220458984375e-05	0.000152587890625	0.22652762276785715	1.0	0.0019366924579326923
brf_sgso_us	5.7220458984375e-05	5.7220458984375e-05	5.7220458984375e-05	0.000582608309659091	0.0019366924579326923	1.0
