	brf_gmo	brf_gmosa	brf_gso	brf_lmo	brf_lso	brf_sgso_us
brf_gmo	1.0	9.1552734375e-05	9.1552734375e-05	0.006968180338541667	9.1552734375e-05	0.979949951171875
brf_gmosa	9.1552734375e-05	1.0	0.007032914595170455	9.1552734375e-05	0.017887995793269232	0.00057220458984375
brf_gso	9.1552734375e-05	0.007032914595170455	1.0	9.1552734375e-05	0.2065822056361607	0.007032914595170455
brf_lmo	0.006968180338541667	9.1552734375e-05	9.1552734375e-05	1.0	0.000152587890625	0.00057220458984375
brf_lso	9.1552734375e-05	0.017887995793269232	0.2065822056361607	0.000152587890625	1.0	0.01636505126953125
brf_sgso_us	0.979949951171875	0.00057220458984375	0.007032914595170455	0.00057220458984375	0.01636505126953125	1.0
