	brf_gmo	brf_gmosa	brf_gso	brf_lmo	brf_lso	brf_sgso_us
brf_gmo	1.0	4.161487926136364e-05	4.161487926136364e-05	4.161487926136364e-05	4.161487926136364e-05	0.00019073486328125
brf_gmosa	4.161487926136364e-05	1.0	4.161487926136364e-05	4.161487926136364e-05	4.161487926136364e-05	4.161487926136364e-05
brf_gso	4.161487926136364e-05	4.161487926136364e-05	1.0	4.161487926136364e-05	4.161487926136364e-05	4.161487926136364e-05
brf_lmo	4.161487926136364e-05	4.161487926136364e-05	4.161487926136364e-05	1.0	0.003596714564732143	0.05767822265625
brf_lso	4.161487926136364e-05	4.161487926136364e-05	4.161487926136364e-05	0.003596714564732143	1.0	0.0003521259014423077
brf_sgso_us	0.00019073486328125	4.161487926136364e-05	4.161487926136364e-05	0.05767822265625	0.0003521259014423077	1.0
