	brf_gmo__precomputed	brf_gmo__softmax	brf_gmo__square	brf_gmo__uniform	brf_gmo_full	brf_gmosa
brf_gmo__precomputed	1.0	3.814697265625e-05	3.814697265625e-05	0.2065822056361607	0.252227783203125	3.814697265625e-05
brf_gmo__softmax	3.814697265625e-05	1.0	3.814697265625e-05	3.814697265625e-05	3.814697265625e-05	3.814697265625e-05
brf_gmo__square	3.814697265625e-05	3.814697265625e-05	1.0	3.814697265625e-05	3.814697265625e-05	3.814697265625e-05
brf_gmo__uniform	0.2065822056361607	3.814697265625e-05	3.814697265625e-05	1.0	0.028803898737980768	3.814697265625e-05
brf_gmo_full	0.252227783203125	3.814697265625e-05	3.814697265625e-05	0.028803898737980768	1.0	3.814697265625e-05
brf_gmosa	3.814697265625e-05	3.814697265625e-05	3.814697265625e-05	3.814697265625e-05	3.814697265625e-05	1.0
