	brf_gmo__precomputed	brf_gmo__softmax	brf_gmo__square	brf_gmo__uniform	brf_gmo_full	brf_gmosa
brf_gmo__precomputed	1.0	0.00011444091796875	0.0164794921875	0.008595784505208334	0.06908069957386365	0.00011444091796875
brf_gmo__softmax	0.00011444091796875	1.0	0.001068115234375	0.16599214993990383	0.781951904296875	0.00011444091796875
brf_gmo__square	0.0164794921875	0.001068115234375	1.0	0.003596714564732143	0.00629425048828125	0.00011444091796875
brf_gmo__uniform	0.008595784505208334	0.16599214993990383	0.003596714564732143	1.0	0.5308096749441964	0.001068115234375
brf_gmo_full	0.06908069957386365	0.781951904296875	0.00629425048828125	0.5308096749441964	1.0	0.08174896240234375
brf_gmosa	0.00011444091796875	0.00011444091796875	0.00011444091796875	0.001068115234375	0.08174896240234375	1.0
