	brf_gmo__precomputed	brf_gmo__softmax	brf_gmo__square	brf_gmo__uniform	brf_gmo_full	brf_gmosa
brf_gmo__precomputed	1.0	9.1552734375e-05	0.2910320575420673	9.1552734375e-05	0.01373291015625	9.1552734375e-05
brf_gmo__softmax	9.1552734375e-05	1.0	0.0005340576171875	0.004279112702848403	0.31912667410714285	0.012715657552083334
brf_gmo__square	0.2910320575420673	0.0005340576171875	1.0	9.1552734375e-05	0.00091552734375	9.1552734375e-05
brf_gmo__uniform	9.1552734375e-05	0.004279112702848403	9.1552734375e-05	1.0	0.01373291015625	0.899932861328125
brf_gmo_full	0.01373291015625	0.31912667410714285	0.00091552734375	0.01373291015625	1.0	0.01373291015625
brf_gmosa	9.1552734375e-05	0.012715657552083334	9.1552734375e-05	0.899932861328125	0.01373291015625	1.0
