	brf_gmo__precomputed	brf_gmo__softmax	brf_gmo__square	brf_gmo__uniform	brf_gmo_full	brf_gmosa
brf_gmo__precomputed	1.0	0.0007244219764817649	0.001514141376201923	0.00013078962053571428	0.0002288818359375	7.62939453125e-05
brf_gmo__softmax	0.0007244219764817649	1.0	0.000152587890625	0.019553048270089284	7.62939453125e-05	7.62939453125e-05
brf_gmo__square	0.001514141376201923	0.000152587890625	1.0	0.000152587890625	0.00095367431640625	7.62939453125e-05
brf_gmo__uniform	0.00013078962053571428	0.019553048270089284	0.000152587890625	1.0	7.62939453125e-05	7.62939453125e-05
brf_gmo_full	0.0002288818359375	7.62939453125e-05	0.00095367431640625	7.62939453125e-05	1.0	0.632171630859375
brf_gmosa	7.62939453125e-05	7.62939453125e-05	7.62939453125e-05	7.62939453125e-05	0.632171630859375	1.0
