	brf_gmo__precomputed	brf_gmo__softmax	brf_gmo__square	brf_gmo__uniform	brf_gmo_full	brf_gmosa
brf_gmo__precomputed	1.0	0.0003814697265625	0.20233154296875	0.0003814697265625	0.0021870930989583335	0.860260009765625
brf_gmo__softmax	0.0003814697265625	1.0	0.00080108642578125	0.0025177001953125	0.00030517578125	0.00080108642578125
brf_gmo__square	0.20233154296875	0.00080108642578125	1.0	0.0003814697265625	0.01148223876953125	0.24771554129464285
brf_gmo__uniform	0.0003814697265625	0.0025177001953125	0.0003814697265625	1.0	0.00030517578125	0.00030517578125
brf_gmo_full	0.0021870930989583335	0.00030517578125	0.01148223876953125	0.00030517578125	1.0	0.00457763671875
brf_gmosa	0.860260009765625	0.00080108642578125	0.24771554129464285	0.00030517578125	0.00457763671875	1.0
