	brf_gmo__precomputed	brf_gmo__softmax	brf_gmo__square	brf_gmo__uniform	brf_gmo_full	brf_gmosa
brf_gmo__precomputed	1.0	0.0030172406129331327	0.860260009765625	0.0011444091796875	0.011444091796875	0.0006866455078125
brf_gmo__softmax	0.0030172406129331327	1.0	0.021140358664772728	0.002811976841517857	0.5716411884014423	0.0011444091796875
brf_gmo__square	0.860260009765625	0.021140358664772728	1.0	0.0019073486328125	0.005594889322916667	0.0006866455078125
brf_gmo__uniform	0.0011444091796875	0.002811976841517857	0.0019073486328125	1.0	0.860260009765625	0.001739501953125
brf_gmo_full	0.011444091796875	0.5716411884014423	0.005594889322916667	0.860260009765625	1.0	0.1798248291015625
brf_gmosa	0.0006866455078125	0.0011444091796875	0.0006866455078125	0.001739501953125	0.1798248291015625	1.0
