	brf_gmo__precomputed	brf_gmo__softmax	brf_gmo__square	brf_gmo__uniform	brf_gmo_full	brf_gmosa
brf_gmo__precomputed	1.0	7.62939453125e-05	7.62939453125e-05	7.62939453125e-05	0.011444091796875	0.00013078962053571428
brf_gmo__softmax	7.62939453125e-05	1.0	7.62939453125e-05	0.001087188720703125	0.8378056117466518	0.04573475230823864
brf_gmo__square	7.62939453125e-05	7.62939453125e-05	1.0	7.62939453125e-05	0.001678466796875	7.62939453125e-05
brf_gmo__uniform	7.62939453125e-05	0.001087188720703125	7.62939453125e-05	1.0	0.7294288048377403	0.16216278076171875
brf_gmo_full	0.011444091796875	0.8378056117466518	0.001678466796875	0.7294288048377403	1.0	0.979949951171875
brf_gmosa	0.00013078962053571428	0.04573475230823864	7.62939453125e-05	0.16216278076171875	0.979949951171875	1.0
