	bxt_gmo	bxt_gmo__nrlmf	bxt_gmosa	bxt_gmosa__nrlmf	bxt_gso	bxt_gso__nrlmf	bxt_lmo	bxt_lmo__nrlmf
bxt_gmo	1.0	0.0068359375	0.0024857954545454545	0.0024857954545454545	0.041525778072968304	0.0024857954545454545	0.0024857954545454545	0.0024857954545454545
bxt_gmo__nrlmf	0.0068359375	1.0	1.0	0.0024857954545454545	0.0068359375	0.0024857954545454545	0.0024857954545454545	0.0024857954545454545
bxt_gmosa	0.0024857954545454545	1.0	1.0	0.0024857954545454545	0.0024857954545454545	0.0024857954545454545	0.0024857954545454545	0.0024857954545454545
bxt_gmosa__nrlmf	0.0024857954545454545	0.0024857954545454545	0.0024857954545454545	1.0	0.0024857954545454545	0.025645088256617984	0.0024857954545454545	0.0024857954545454545
bxt_gso	0.041525778072968304	0.0068359375	0.0024857954545454545	0.0024857954545454545	1.0	0.0024857954545454545	0.0024857954545454545	0.0024857954545454545
bxt_gso__nrlmf	0.0024857954545454545	0.0024857954545454545	0.0024857954545454545	0.025645088256617984	0.0024857954545454545	1.0	0.0024857954545454545	0.0024857954545454545
bxt_lmo	0.0024857954545454545	0.0024857954545454545	0.0024857954545454545	0.0024857954545454545	0.0024857954545454545	0.0024857954545454545	1.0	0.025645088256617984
bxt_lmo__nrlmf	0.0024857954545454545	0.0024857954545454545	0.0024857954545454545	0.0024857954545454545	0.0024857954545454545	0.0024857954545454545	0.025645088256617984	1.0
