	bxt_gmo	bxt_gmo__nrlmf	bxt_gmosa	bxt_gmosa__nrlmf	bxt_gso	bxt_gso__nrlmf	bxt_lmo	bxt_lmo__nrlmf
bxt_gmo	1.0	0.004206730769230769	0.004206730769230769	0.004206730769230769	0.004206730769230769	0.004206730769230769	0.004206730769230769	0.004206730769230769
bxt_gmo__nrlmf	0.004206730769230769	1.0	0.004206730769230769	0.004206730769230769	0.004206730769230769	0.004206730769230769	0.004206730769230769	0.004206730769230769
bxt_gmosa	0.004206730769230769	0.004206730769230769	1.0	0.011834102265106684	1.0	0.011834102265106684	1.0	0.011834102265106684
bxt_gmosa__nrlmf	0.004206730769230769	0.004206730769230769	0.011834102265106684	1.0	0.011834102265106684	0.029215632364141077	0.011834102265106684	0.17573305904917702
bxt_gso	0.004206730769230769	0.004206730769230769	1.0	0.011834102265106684	1.0	0.011834102265106684	1.0	0.011834102265106684
bxt_gso__nrlmf	0.004206730769230769	0.004206730769230769	0.011834102265106684	0.029215632364141077	0.011834102265106684	1.0	0.011834102265106684	1.0
bxt_lmo	0.004206730769230769	0.004206730769230769	1.0	0.011834102265106684	1.0	0.011834102265106684	1.0	0.011834102265106684
bxt_lmo__nrlmf	0.004206730769230769	0.004206730769230769	0.011834102265106684	0.17573305904917702	0.011834102265106684	1.0	0.011834102265106684	1.0
