	bxt_gmo	bxt_gmo__nrlmf	bxt_gmosa	bxt_gmosa__nrlmf	bxt_gso	bxt_gso__nrlmf	bxt_lmo	bxt_lmo__nrlmf
bxt_gmo	1.0	0.0024857954545454545	0.0024857954545454545	0.0024857954545454545	0.0024857954545454545	0.0024857954545454545	0.0024857954545454545	0.0024857954545454545
bxt_gmo__nrlmf	0.0024857954545454545	1.0	0.0024857954545454545	0.0024857954545454545	0.0024857954545454545	0.0024857954545454545	0.0024857954545454545	0.0024857954545454545
bxt_gmosa	0.0024857954545454545	0.0024857954545454545	1.0	0.0024857954545454545	1.0	0.0024857954545454545	1.0	0.0024857954545454545
bxt_gmosa__nrlmf	0.0024857954545454545	0.0024857954545454545	0.0024857954545454545	1.0	0.0024857954545454545	0.06332725904136759	0.0024857954545454545	0.8056709424342813
bxt_gso	0.0024857954545454545	0.0024857954545454545	1.0	0.0024857954545454545	1.0	0.0024857954545454545	1.0	0.0024857954545454545
bxt_gso__nrlmf	0.0024857954545454545	0.0024857954545454545	0.0024857954545454545	0.06332725904136759	0.0024857954545454545	1.0	0.0024857954545454545	0.29820933085313917
bxt_lmo	0.0024857954545454545	0.0024857954545454545	1.0	0.0024857954545454545	1.0	0.0024857954545454545	1.0	0.0024857954545454545
bxt_lmo__nrlmf	0.0024857954545454545	0.0024857954545454545	0.0024857954545454545	0.8056709424342813	0.0024857954545454545	0.29820933085313917	0.0024857954545454545	1.0
