	bxt_gmo	bxt_gmo__nrlmf	bxt_gmosa	bxt_gmosa__nrlmf	bxt_gso	bxt_gso__nrlmf	bxt_lmo	bxt_lmo__nrlmf
bxt_gmo	1.0	1.0	0.0032169117647058826	1.0	0.0032169117647058826	1.0	0.0032169117647058826	0.04029605263157895
bxt_gmo__nrlmf	1.0	1.0	0.0032169117647058826	0.9722126467070843	0.0032169117647058826	0.41015625	0.0032169117647058826	0.09023437499999999
bxt_gmosa	0.0032169117647058826	0.0032169117647058826	1.0	0.0032169117647058826	0.21354166666666666	0.0032169117647058826	1.0	0.0032169117647058826
bxt_gmosa__nrlmf	1.0	0.9722126467070843	0.0032169117647058826	1.0	0.0032169117647058826	1.0	0.0032169117647058826	0.0032169117647058826
bxt_gso	0.0032169117647058826	0.0032169117647058826	0.21354166666666666	0.0032169117647058826	1.0	0.0032169117647058826	0.0032169117647058826	0.0032169117647058826
bxt_gso__nrlmf	1.0	0.41015625	0.0032169117647058826	1.0	0.0032169117647058826	1.0	0.0032169117647058826	0.01519097222222222
bxt_lmo	0.0032169117647058826	0.0032169117647058826	1.0	0.0032169117647058826	0.0032169117647058826	0.0032169117647058826	1.0	0.0032169117647058826
bxt_lmo__nrlmf	0.04029605263157895	0.09023437499999999	0.0032169117647058826	0.0032169117647058826	0.0032169117647058826	0.01519097222222222	0.0032169117647058826	1.0
