	bxt_gmo	bxt_gmo__nrlmf	bxt_gmosa	bxt_gmosa__nrlmf	bxt_gso	bxt_gso__nrlmf	bxt_lmo	bxt_lmo__nrlmf
bxt_gmo	1.0	0.0026041666666666665	0.0026041666666666665	0.0026041666666666665	0.004557291666666667	0.0026041666666666665	0.130859375	0.0026041666666666665
bxt_gmo__nrlmf	0.0026041666666666665	1.0	0.0026041666666666665	0.0026041666666666665	0.0026041666666666665	0.0026041666666666665	0.0026041666666666665	0.0026041666666666665
bxt_gmosa	0.0026041666666666665	0.0026041666666666665	1.0	0.0026041666666666665	0.007363723843009896	0.0026041666666666665	0.0026041666666666665	0.0095951287740348
bxt_gmosa__nrlmf	0.0026041666666666665	0.0026041666666666665	0.0026041666666666665	1.0	0.0026041666666666665	0.004557291666666667	0.0026041666666666665	0.007363723843009896
bxt_gso	0.004557291666666667	0.0026041666666666665	0.007363723843009896	0.0026041666666666665	1.0	0.0026041666666666665	0.0026041666666666665	0.0026041666666666665
bxt_gso__nrlmf	0.0026041666666666665	0.0026041666666666665	0.0026041666666666665	0.004557291666666667	0.0026041666666666665	1.0	0.0026041666666666665	0.004557291666666667
bxt_lmo	0.130859375	0.0026041666666666665	0.0026041666666666665	0.0026041666666666665	0.0026041666666666665	0.0026041666666666665	1.0	0.0026041666666666665
bxt_lmo__nrlmf	0.0026041666666666665	0.0026041666666666665	0.0095951287740348	0.007363723843009896	0.0026041666666666665	0.004557291666666667	0.0026041666666666665	1.0
