	bxt_gmo	bxt_gmo__nrlmf	bxt_gmosa	bxt_gmosa__nrlmf	bxt_gso	bxt_gso__nrlmf	bxt_lmo	bxt_lmo__nrlmf
bxt_gmo	1.0	0.0028782894736842104	0.0028782894736842104	0.0028782894736842104	0.0028782894736842104	0.0028782894736842104	0.0028782894736842104	0.0028782894736842104
bxt_gmo__nrlmf	0.0028782894736842104	1.0	0.0028782894736842104	0.0028782894736842104	0.0028782894736842104	0.0028782894736842104	0.0028782894736842104	0.0028782894736842104
bxt_gmosa	0.0028782894736842104	0.0028782894736842104	1.0	0.007457386363636364	0.0028782894736842104	0.7081885554656552	0.022786458333333336	0.0028782894736842104
bxt_gmosa__nrlmf	0.0028782894736842104	0.0028782894736842104	0.007457386363636364	1.0	0.5300480769230769	0.005208333333333333	0.7980880885473997	0.0028782894736842104
bxt_gso	0.0028782894736842104	0.0028782894736842104	0.0028782894736842104	0.5300480769230769	1.0	0.0028782894736842104	0.48343749999999996	0.0028782894736842104
bxt_gso__nrlmf	0.0028782894736842104	0.0028782894736842104	0.7081885554656552	0.005208333333333333	0.0028782894736842104	1.0	0.005208333333333333	0.015096974001666335
bxt_lmo	0.0028782894736842104	0.0028782894736842104	0.022786458333333336	0.7980880885473997	0.48343749999999996	0.005208333333333333	1.0	0.0028782894736842104
bxt_lmo__nrlmf	0.0028782894736842104	0.0028782894736842104	0.0028782894736842104	0.0028782894736842104	0.0028782894736842104	0.015096974001666335	0.0028782894736842104	1.0
