	bxt_gmo	bxt_gmo__nrlmf	bxt_gmosa	bxt_gmosa__nrlmf	bxt_gso	bxt_gso__nrlmf	bxt_lmo	bxt_lmo__nrlmf
bxt_gmo	1.0	0.2829483695652174	0.02392578125	0.023361928221471418	0.023361928221471418	0.00546875	0.00546875	1.0
bxt_gmo__nrlmf	0.2829483695652174	1.0	0.0759548611111111	0.10398296958773384	1.0	0.0759548611111111	0.021033653846153844	0.5994591346153846
bxt_gmosa	0.02392578125	0.0759548611111111	1.0	0.00546875	0.42	0.00546875	0.09498355263157894	0.3759765625
bxt_gmosa__nrlmf	0.023361928221471418	0.10398296958773384	0.00546875	1.0	0.00546875	0.11197916666666667	0.00546875	0.009943181818181818
bxt_gso	0.023361928221471418	1.0	0.42	0.00546875	1.0	0.00546875	0.00546875	0.13041691709422648
bxt_gso__nrlmf	0.00546875	0.0759548611111111	0.00546875	0.11197916666666667	0.00546875	1.0	0.00546875	0.021033653846153844
bxt_lmo	0.00546875	0.021033653846153844	0.09498355263157894	0.00546875	0.00546875	0.00546875	1.0	0.00546875
bxt_lmo__nrlmf	1.0	0.5994591346153846	0.3759765625	0.009943181818181818	0.13041691709422648	0.021033653846153844	0.00546875	1.0
