	bxt_gmo	bxt_gmo__nrlmf	bxt_gmosa	bxt_gmosa__nrlmf	bxt_gso	bxt_gso__nrlmf	bxt_lmo	bxt_lmo__nrlmf
bxt_gmo	1.0	0.0068359375	0.0068359375	0.0068359375	0.0068359375	0.009943181818181818	0.0068359375	0.0068359375
bxt_gmo__nrlmf	0.0068359375	1.0	0.0759548611111111	0.025520833333333333	0.0068359375	0.04503676470588236	0.009943181818181818	0.24609375
bxt_gmosa	0.0068359375	0.0759548611111111	1.0	0.033081200269462346	0.009943181818181818	0.11197916666666667	0.01953125	1.0
bxt_gmosa__nrlmf	0.0068359375	0.025520833333333333	0.033081200269462346	1.0	0.6957284831076488	0.3583055373641042	0.3352581521739131	0.0068359375
bxt_gso	0.0068359375	0.0068359375	0.009943181818181818	0.6957284831076488	1.0	0.8770254629629629	0.09498355263157894	0.013671875
bxt_gso__nrlmf	0.009943181818181818	0.04503676470588236	0.11197916666666667	0.3583055373641042	0.8770254629629629	1.0	0.6957284831076488	0.014805615606614446
bxt_lmo	0.0068359375	0.009943181818181818	0.01953125	0.3352581521739131	0.09498355263157894	0.6957284831076488	1.0	0.11197916666666667
bxt_lmo__nrlmf	0.0068359375	0.24609375	1.0	0.0068359375	0.013671875	0.014805615606614446	0.11197916666666667	1.0
