	bxt_gmo	bxt_gmo__nrlmf	bxt_gmosa	bxt_gmosa__nrlmf	bxt_gso	bxt_gso__nrlmf	bxt_lmo	bxt_lmo__nrlmf
bxt_gmo	1.0	0.003038194444444444	0.008324209561663362	0.00546875	0.021875	0.003038194444444444	1.0	0.003038194444444444
bxt_gmo__nrlmf	0.003038194444444444	1.0	0.003038194444444444	0.00546875	0.003038194444444444	0.007457386363636364	0.003038194444444444	0.13570601851851852
bxt_gmosa	0.008324209561663362	0.003038194444444444	1.0	0.003038194444444444	0.13570601851851852	0.003038194444444444	0.007457386363636364	0.003038194444444444
bxt_gmosa__nrlmf	0.00546875	0.00546875	0.003038194444444444	1.0	0.003038194444444444	0.011393229166666668	0.003038194444444444	0.003038194444444444
bxt_gso	0.021875	0.003038194444444444	0.13570601851851852	0.003038194444444444	1.0	0.003038194444444444	0.003038194444444444	0.003038194444444444
bxt_gso__nrlmf	0.003038194444444444	0.007457386363636364	0.003038194444444444	0.011393229166666668	0.003038194444444444	1.0	0.003038194444444444	0.003038194444444444
bxt_lmo	1.0	0.003038194444444444	0.007457386363636364	0.003038194444444444	0.003038194444444444	0.003038194444444444	1.0	0.003038194444444444
bxt_lmo__nrlmf	0.003038194444444444	0.13570601851851852	0.003038194444444444	0.003038194444444444	0.003038194444444444	0.003038194444444444	0.003038194444444444	1.0
