	bxt_gmo	bxt_gmo__nrlmf	bxt_gmosa	bxt_gmosa__nrlmf	bxt_gso	bxt_gso__nrlmf	bxt_lmo	bxt_lmo__nrlmf
bxt_gmo	1.0	0.0546875	0.009943181818181818	0.06214488636363637	0.009943181818181818	0.06214488636363637	0.009943181818181818	0.02734375
bxt_gmo__nrlmf	0.0546875	1.0	0.009943181818181818	0.0940625	0.009943181818181818	0.0546875	0.009943181818181818	0.022786458333333336
bxt_gmosa	0.009943181818181818	0.009943181818181818	1.0	0.0341796875	1.0	0.0341796875	0.14092548076923075	0.009943181818181818
bxt_gmosa__nrlmf	0.06214488636363637	0.0940625	0.0341796875	1.0	0.06214488636363637	0.0940625	0.009943181818181818	0.5953274722842078
bxt_gso	0.009943181818181818	0.009943181818181818	1.0	0.06214488636363637	1.0	0.02734375	0.0546875	0.009943181818181818
bxt_gso__nrlmf	0.06214488636363637	0.0546875	0.0341796875	0.0940625	0.02734375	1.0	0.009943181818181818	0.0940625
bxt_lmo	0.009943181818181818	0.009943181818181818	0.14092548076923075	0.009943181818181818	0.0546875	0.009943181818181818	1.0	0.009943181818181818
bxt_lmo__nrlmf	0.02734375	0.022786458333333336	0.009943181818181818	0.5953274722842078	0.009943181818181818	0.0940625	0.009943181818181818	1.0
