	bxt_gmo	bxt_gmo__nrlmf	bxt_gmosa	bxt_gmosa__nrlmf	bxt_gso	bxt_gso__nrlmf	bxt_lmo	bxt_lmo__nrlmf
bxt_gmo	1.0	0.4604386121720099	0.002734375	0.002734375	0.002734375	0.002734375	0.002734375	0.002734375
bxt_gmo__nrlmf	0.4604386121720099	1.0	0.002734375	0.005208333333333333	0.002734375	0.01188858695652174	0.002734375	0.002734375
bxt_gmosa	0.002734375	0.002734375	1.0	0.002734375	0.007457386363636364	0.002734375	0.878009231711079	0.002734375
bxt_gmosa__nrlmf	0.002734375	0.005208333333333333	0.002734375	1.0	0.002734375	0.043294270833333336	0.002734375	0.34705528846153844
bxt_gso	0.002734375	0.002734375	0.007457386363636364	0.002734375	1.0	0.002734375	0.002734375	0.002734375
bxt_gso__nrlmf	0.002734375	0.01188858695652174	0.002734375	0.043294270833333336	0.002734375	1.0	0.002734375	0.0940625
bxt_lmo	0.002734375	0.002734375	0.878009231711079	0.002734375	0.002734375	0.002734375	1.0	0.002734375
bxt_lmo__nrlmf	0.002734375	0.002734375	0.002734375	0.34705528846153844	0.002734375	0.0940625	0.002734375	1.0
