	bxt_gmo	bxt_gmo__nrlmf	bxt_gmosa	bxt_gmosa__nrlmf	bxt_gso	bxt_gso__nrlmf	bxt_lmo	bxt_lmo__nrlmf
bxt_gmo	1.0	0.003038194444444444	0.003038194444444444	0.003038194444444444	0.003038194444444444	0.003038194444444444	0.003038194444444444	0.003038194444444444
bxt_gmo__nrlmf	0.003038194444444444	1.0	0.003038194444444444	0.003038194444444444	0.003038194444444444	0.003038194444444444	0.003038194444444444	0.003038194444444444
bxt_gmosa	0.003038194444444444	0.003038194444444444	1.0	0.01188858695652174	0.19907811947500695	0.3342013888888889	0.003038194444444444	0.03190104166666667
bxt_gmosa__nrlmf	0.003038194444444444	0.003038194444444444	0.01188858695652174	1.0	0.003038194444444444	0.003038194444444444	0.003038194444444444	0.01188858695652174
bxt_gso	0.003038194444444444	0.003038194444444444	0.19907811947500695	0.003038194444444444	1.0	0.0546875	0.00546875	0.00546875
bxt_gso__nrlmf	0.003038194444444444	0.003038194444444444	0.3342013888888889	0.003038194444444444	0.0546875	1.0	0.0078125	0.556640625
bxt_lmo	0.003038194444444444	0.003038194444444444	0.003038194444444444	0.003038194444444444	0.00546875	0.0078125	1.0	0.003038194444444444
bxt_lmo__nrlmf	0.003038194444444444	0.003038194444444444	0.03190104166666667	0.01188858695652174	0.00546875	0.556640625	0.003038194444444444	1.0
