	bxt_gmo	bxt_gmo__nrlmf	bxt_gmosa	bxt_gmosa__nrlmf	bxt_gso	bxt_gso__nrlmf	bxt_lmo	bxt_lmo__nrlmf
bxt_gmo	1.0	0.12376644736842105	0.006076388888888888	0.006076388888888888	0.006076388888888888	0.006076388888888888	0.009943181818181818	0.006076388888888888
bxt_gmo__nrlmf	0.12376644736842105	1.0	0.12376644736842105	0.22421875	0.24609375	0.24609375	0.6481481481481481	0.3084375
bxt_gmosa	0.006076388888888888	0.12376644736842105	1.0	0.018229166666666668	0.014884002662985722	0.018229166666666668	0.006076388888888888	0.014884002662985722
bxt_gmosa__nrlmf	0.006076388888888888	0.22421875	0.018229166666666668	1.0	0.38487692496349013	0.76953125	0.006076388888888888	0.3084375
bxt_gso	0.006076388888888888	0.24609375	0.014884002662985722	0.38487692496349013	1.0	0.12202283183533041	0.006076388888888888	0.11279296875
bxt_gso__nrlmf	0.006076388888888888	0.24609375	0.018229166666666668	0.76953125	0.12202283183533041	1.0	0.006076388888888888	0.2829483695652174
bxt_lmo	0.009943181818181818	0.6481481481481481	0.006076388888888888	0.006076388888888888	0.006076388888888888	0.006076388888888888	1.0	0.009943181818181818
bxt_lmo__nrlmf	0.006076388888888888	0.3084375	0.014884002662985722	0.3084375	0.11279296875	0.2829483695652174	0.009943181818181818	1.0
