	bxt_gmo	bxt_gmo__nrlmf	bxt_gmosa	bxt_gmosa__nrlmf	bxt_gso	bxt_gso__nrlmf	bxt_lmo	bxt_lmo__nrlmf
bxt_gmo	1.0	0.0078125	0.003038194444444444	0.003038194444444444	0.003038194444444444	0.14656249999999998	0.003038194444444444	0.13314971572261175
bxt_gmo__nrlmf	0.0078125	1.0	0.003038194444444444	0.00546875	0.003038194444444444	0.00546875	0.003038194444444444	0.024857954545454548
bxt_gmosa	0.003038194444444444	0.003038194444444444	1.0	0.003038194444444444	0.10224184782608696	0.003038194444444444	0.15013812511549604	0.003038194444444444
bxt_gmosa__nrlmf	0.003038194444444444	0.00546875	0.003038194444444444	1.0	0.003038194444444444	0.31882061651729887	0.003038194444444444	0.003038194444444444
bxt_gso	0.003038194444444444	0.003038194444444444	0.10224184782608696	0.003038194444444444	1.0	0.003038194444444444	0.4921875	0.003038194444444444
bxt_gso__nrlmf	0.14656249999999998	0.00546875	0.003038194444444444	0.31882061651729887	0.003038194444444444	1.0	0.003038194444444444	0.003038194444444444
bxt_lmo	0.003038194444444444	0.003038194444444444	0.15013812511549604	0.003038194444444444	0.4921875	0.003038194444444444	1.0	0.003038194444444444
bxt_lmo__nrlmf	0.13314971572261175	0.024857954545454548	0.003038194444444444	0.003038194444444444	0.003038194444444444	0.003038194444444444	0.003038194444444444	1.0
