	brf_gmo__precomputed	brf_gmo__softmax	brf_gmo__square	brf_gmo__uniform	brf_gmo_full	brf_gmosa
brf_gmo__precomputed	1.0	0.05112868088942307	0.12500217982700892	0.0362396240234375	5.0862630208333336e-05	5.0862630208333336e-05
brf_gmo__softmax	0.05112868088942307	1.0	0.231201171875	0.021140358664772728	5.0862630208333336e-05	5.0862630208333336e-05
brf_gmo__square	0.12500217982700892	0.231201171875	1.0	0.0137786865234375	5.0862630208333336e-05	5.0862630208333336e-05
brf_gmo__uniform	0.0362396240234375	0.021140358664772728	0.0137786865234375	1.0	5.0862630208333336e-05	5.0862630208333336e-05
brf_gmo_full	5.0862630208333336e-05	5.0862630208333336e-05	5.0862630208333336e-05	5.0862630208333336e-05	1.0	5.0862630208333336e-05
brf_gmosa	5.0862630208333336e-05	5.0862630208333336e-05	5.0862630208333336e-05	5.0862630208333336e-05	5.0862630208333336e-05	1.0
