	brf_gmo__precomputed	brf_gmo__softmax	brf_gmo__square	brf_gmo__uniform	brf_gmo_full	brf_gmosa
brf_gmo__precomputed	1.0	0.4658625676081731	4.161487926136364e-05	4.161487926136364e-05	0.5308096749441964	4.161487926136364e-05
brf_gmo__softmax	0.4658625676081731	1.0	4.161487926136364e-05	4.161487926136364e-05	0.5618896484375	4.161487926136364e-05
brf_gmo__square	4.161487926136364e-05	4.161487926136364e-05	1.0	4.161487926136364e-05	4.161487926136364e-05	4.161487926136364e-05
brf_gmo__uniform	4.161487926136364e-05	4.161487926136364e-05	4.161487926136364e-05	1.0	4.161487926136364e-05	4.161487926136364e-05
brf_gmo_full	0.5308096749441964	0.5618896484375	4.161487926136364e-05	4.161487926136364e-05	1.0	7.62939453125e-05
brf_gmosa	4.161487926136364e-05	4.161487926136364e-05	4.161487926136364e-05	4.161487926136364e-05	7.62939453125e-05	1.0
