	brf_gmo__precomputed	brf_gmo__softmax	brf_gmo__square	brf_gmo__uniform	brf_gmo_full	brf_gmosa
brf_gmo__precomputed	1.0	0.348388671875	0.0002464881310096154	3.814697265625e-05	3.814697265625e-05	3.814697265625e-05
brf_gmo__softmax	0.348388671875	1.0	0.004479544503348214	3.814697265625e-05	3.814697265625e-05	3.814697265625e-05
brf_gmo__square	0.0002464881310096154	0.004479544503348214	1.0	3.814697265625e-05	3.814697265625e-05	3.814697265625e-05
brf_gmo__uniform	3.814697265625e-05	3.814697265625e-05	3.814697265625e-05	1.0	3.814697265625e-05	3.814697265625e-05
brf_gmo_full	3.814697265625e-05	3.814697265625e-05	3.814697265625e-05	3.814697265625e-05	1.0	3.814697265625e-05
brf_gmosa	3.814697265625e-05	3.814697265625e-05	3.814697265625e-05	3.814697265625e-05	3.814697265625e-05	1.0
