	brf_gmo__precomputed	brf_gmo__softmax	brf_gmo__square	brf_gmo__uniform	brf_gmo_full	brf_gmosa
brf_gmo__precomputed	1.0	0.6020246233258928	0.4658625676081731	0.4658625676081731	5.7220458984375e-05	5.7220458984375e-05
brf_gmo__softmax	0.6020246233258928	1.0	0.4658625676081731	0.899932861328125	5.7220458984375e-05	5.7220458984375e-05
brf_gmo__square	0.4658625676081731	0.4658625676081731	1.0	0.44677734375	5.7220458984375e-05	5.7220458984375e-05
brf_gmo__uniform	0.4658625676081731	0.899932861328125	0.44677734375	1.0	5.7220458984375e-05	5.7220458984375e-05
brf_gmo_full	5.7220458984375e-05	5.7220458984375e-05	5.7220458984375e-05	5.7220458984375e-05	1.0	0.29225667317708337
brf_gmosa	5.7220458984375e-05	5.7220458984375e-05	5.7220458984375e-05	5.7220458984375e-05	0.29225667317708337	1.0
