	brf_gmo__precomputed	brf_gmo__softmax	brf_gmo__square	brf_gmo__uniform	brf_gmo_full	brf_gmosa
brf_gmo__precomputed	1.0	0.743560791015625	0.34394697709517047	0.743560791015625	5.7220458984375e-05	5.7220458984375e-05
brf_gmo__softmax	0.743560791015625	1.0	0.43548583984375	0.743560791015625	5.7220458984375e-05	5.7220458984375e-05
brf_gmo__square	0.34394697709517047	0.43548583984375	1.0	0.34394697709517047	5.7220458984375e-05	5.7220458984375e-05
brf_gmo__uniform	0.743560791015625	0.743560791015625	0.34394697709517047	1.0	5.7220458984375e-05	5.7220458984375e-05
brf_gmo_full	5.7220458984375e-05	5.7220458984375e-05	5.7220458984375e-05	5.7220458984375e-05	1.0	0.0009663899739583334
brf_gmosa	5.7220458984375e-05	5.7220458984375e-05	5.7220458984375e-05	5.7220458984375e-05	0.0009663899739583334	1.0
