	brf_gmo__precomputed	brf_gmo__softmax	brf_gmo__square	brf_gmo__uniform	brf_gmo_full	brf_gmosa
brf_gmo__precomputed	1.0	0.37424260919744323	0.579681396484375	0.13875325520833334	0.9217071533203125	9.1552734375e-05
brf_gmo__softmax	0.37424260919744323	1.0	0.06212506975446429	0.9217071533203125	0.13875325520833334	9.1552734375e-05
brf_gmo__square	0.579681396484375	0.06212506975446429	1.0	0.0534820556640625	0.979949951171875	9.1552734375e-05
brf_gmo__uniform	0.13875325520833334	0.9217071533203125	0.0534820556640625	1.0	0.289215087890625	9.1552734375e-05
brf_gmo_full	0.9217071533203125	0.13875325520833334	0.979949951171875	0.289215087890625	1.0	9.1552734375e-05
brf_gmosa	9.1552734375e-05	9.1552734375e-05	9.1552734375e-05	9.1552734375e-05	9.1552734375e-05	1.0
