	brf_gmo__precomputed	brf_gmo__softmax	brf_gmo__square	brf_gmo__uniform	brf_gmo_full	brf_gmosa
brf_gmo__precomputed	1.0	0.1798248291015625	0.93988037109375	0.2667705829326923	9.1552734375e-05	0.00010172526041666667
brf_gmo__softmax	0.1798248291015625	1.0	0.0980987548828125	0.93988037109375	9.1552734375e-05	0.00010172526041666667
brf_gmo__square	0.93988037109375	0.0980987548828125	1.0	0.11352539062500001	9.1552734375e-05	0.00010172526041666667
brf_gmo__uniform	0.2667705829326923	0.93988037109375	0.11352539062500001	1.0	9.1552734375e-05	0.00010172526041666667
brf_gmo_full	9.1552734375e-05	9.1552734375e-05	9.1552734375e-05	9.1552734375e-05	1.0	9.1552734375e-05
brf_gmosa	0.00010172526041666667	0.00010172526041666667	0.00010172526041666667	0.00010172526041666667	9.1552734375e-05	1.0
