	brf_gmo__precomputed	brf_gmo__softmax	brf_gmo__square	brf_gmo__uniform	brf_gmo_full	brf_gmosa
brf_gmo__precomputed	1.0	0.979949951171875	0.38533528645833337	0.4061612215909091	9.1552734375e-05	0.38533528645833337
brf_gmo__softmax	0.979949951171875	1.0	0.0229644775390625	0.6483342097355769	9.1552734375e-05	0.9642137799944196
brf_gmo__square	0.38533528645833337	0.0229644775390625	1.0	0.053492954799107144	9.1552734375e-05	0.4061612215909091
brf_gmo__uniform	0.4061612215909091	0.6483342097355769	0.053492954799107144	1.0	9.1552734375e-05	0.5046844482421875
brf_gmo_full	9.1552734375e-05	9.1552734375e-05	9.1552734375e-05	9.1552734375e-05	1.0	9.1552734375e-05
brf_gmosa	0.38533528645833337	0.9642137799944196	0.4061612215909091	0.5046844482421875	9.1552734375e-05	1.0
