	brf_gmo	brf_gmosa	brf_gso	brf_lmo	brf_lso	brf_sgso_us
brf_gmo	1.0	0.008392333984375	0.000152587890625	0.08528489332932691	0.013471330915178572	0.000152587890625
brf_gmosa	0.008392333984375	1.0	0.027374267578125	0.02917203036221591	0.15413556780133927	0.00057220458984375
brf_gso	0.000152587890625	0.027374267578125	1.0	0.015309651692708334	0.781951904296875	0.002288818359375
brf_lmo	0.08528489332932691	0.02917203036221591	0.015309651692708334	1.0	0.08174896240234375	0.000152587890625
brf_lso	0.013471330915178572	0.15413556780133927	0.781951904296875	0.08174896240234375	1.0	0.015309651692708334
brf_sgso_us	0.000152587890625	0.00057220458984375	0.002288818359375	0.000152587890625	0.015309651692708334	1.0
