	brf_gmo	brf_gmosa	brf_gso	brf_lmo	brf_lso	brf_sgso_us
brf_gmo	1.0	0.781951904296875	3.814697265625e-05	3.814697265625e-05	0.0003269740513392857	3.814697265625e-05
brf_gmosa	0.781951904296875	1.0	3.814697265625e-05	3.814697265625e-05	7.042518028846153e-05	3.814697265625e-05
brf_gso	3.814697265625e-05	3.814697265625e-05	1.0	3.814697265625e-05	3.814697265625e-05	3.814697265625e-05
brf_lmo	3.814697265625e-05	3.814697265625e-05	3.814697265625e-05	1.0	3.814697265625e-05	3.814697265625e-05
brf_lso	0.0003269740513392857	7.042518028846153e-05	3.814697265625e-05	3.814697265625e-05	1.0	3.814697265625e-05
brf_sgso_us	3.814697265625e-05	3.814697265625e-05	3.814697265625e-05	3.814697265625e-05	3.814697265625e-05	1.0
