	bxt_gmo	bxt_gmo__nrlmf	bxt_gmosa	bxt_gmosa__nrlmf	bxt_gso	bxt_gso__nrlmf	bxt_lmo	bxt_lmo__nrlmf
bxt_gmo	1.0	4.497327302631579e-05	4.497327302631579e-05	0.000128173828125	4.497327302631579e-05	0.0003884055397727273	4.497327302631579e-05	0.00020345052083333334
bxt_gmo__nrlmf	4.497327302631579e-05	1.0	4.497327302631579e-05	4.497327302631579e-05	4.497327302631579e-05	4.497327302631579e-05	4.497327302631579e-05	4.497327302631579e-05
bxt_gmosa	4.497327302631579e-05	4.497327302631579e-05	1.0	4.497327302631579e-05	1.0	4.497327302631579e-05	1.0	4.497327302631579e-05
bxt_gmosa__nrlmf	0.000128173828125	4.497327302631579e-05	4.497327302631579e-05	1.0	4.497327302631579e-05	0.1579324473505435	4.497327302631579e-05	0.16783650716145834
bxt_gso	4.497327302631579e-05	4.497327302631579e-05	1.0	4.497327302631579e-05	1.0	4.497327302631579e-05	1.0	4.497327302631579e-05
bxt_gso__nrlmf	0.0003884055397727273	4.497327302631579e-05	4.497327302631579e-05	0.1579324473505435	4.497327302631579e-05	1.0	4.497327302631579e-05	0.9634912109374999
bxt_lmo	4.497327302631579e-05	4.497327302631579e-05	1.0	4.497327302631579e-05	1.0	4.497327302631579e-05	1.0	4.497327302631579e-05
bxt_lmo__nrlmf	0.00020345052083333334	4.497327302631579e-05	4.497327302631579e-05	0.16783650716145834	4.497327302631579e-05	0.9634912109374999	4.497327302631579e-05	1.0
