	bxt_gmo	bxt_gmosa	bxt_gso	bxt_gso_1k__nrlmf	bxt_gso__nrlmf	bxt_lmo	bxt_lmo__nrlmf	bxt_lso	bxt_lso__nrlmf
bxt_gmo	1.0	4.57763671875e-05	4.57763671875e-05	4.57763671875e-05	4.57763671875e-05	4.57763671875e-05	4.57763671875e-05	4.57763671875e-05	4.57763671875e-05
bxt_gmosa	4.57763671875e-05	1.0	1.0	4.57763671875e-05	4.57763671875e-05	1.0	4.57763671875e-05	1.0	4.57763671875e-05
bxt_gso	4.57763671875e-05	1.0	1.0	4.57763671875e-05	4.57763671875e-05	1.0	4.57763671875e-05	1.0	4.57763671875e-05
bxt_gso_1k__nrlmf	4.57763671875e-05	4.57763671875e-05	4.57763671875e-05	1.0	0.583955433554694	4.57763671875e-05	1.0	4.57763671875e-05	1.0
bxt_gso__nrlmf	4.57763671875e-05	4.57763671875e-05	4.57763671875e-05	0.583955433554694	1.0	4.57763671875e-05	0.583955433554694	4.57763671875e-05	0.583955433554694
bxt_lmo	4.57763671875e-05	1.0	1.0	4.57763671875e-05	4.57763671875e-05	1.0	4.57763671875e-05	1.0	4.57763671875e-05
bxt_lmo__nrlmf	4.57763671875e-05	4.57763671875e-05	4.57763671875e-05	1.0	0.583955433554694	4.57763671875e-05	1.0	4.57763671875e-05	1.0
bxt_lso	4.57763671875e-05	1.0	1.0	4.57763671875e-05	4.57763671875e-05	1.0	4.57763671875e-05	1.0	4.57763671875e-05
bxt_lso__nrlmf	4.57763671875e-05	4.57763671875e-05	4.57763671875e-05	1.0	0.583955433554694	4.57763671875e-05	1.0	4.57763671875e-05	1.0
