	bxt_gmo	bxt_gmosa	bxt_gso	bxt_gso_1k__nrlmf	bxt_gso__nrlmf	bxt_lmo	bxt_lmo__nrlmf	bxt_lso	bxt_lso__nrlmf
bxt_gmo	1.0	0.00018310546875	0.00018310546875	0.00018310546875	0.00018310546875	0.0024169921875	0.0279052734375	0.0003662109375	0.000457763671875
bxt_gmosa	0.00018310546875	1.0	0.047440962357954544	0.8279490751378676	0.18681152343750002	0.00018310546875	0.00295257568359375	0.0003662109375	0.4873466491699219
bxt_gso	0.00018310546875	0.047440962357954544	1.0	0.3697467672413793	0.38701171874999996	0.000457763671875	0.047440962357954544	0.2819010416666667	0.93988037109375
bxt_gso_1k__nrlmf	0.00018310546875	0.8279490751378676	0.3697467672413793	1.0	0.8443464006696428	0.000457763671875	0.00018310546875	0.010921702665441176	0.2819010416666667
bxt_gso__nrlmf	0.00018310546875	0.18681152343750002	0.38701171874999996	0.8443464006696428	1.0	0.0005915715144230769	0.01740465666118421	0.1636962890625	0.5761829723011364
bxt_lmo	0.0024169921875	0.00018310546875	0.000457763671875	0.000457763671875	0.0005915715144230769	1.0	0.32429286411830355	0.0003662109375	0.0125732421875
bxt_lmo__nrlmf	0.0279052734375	0.00295257568359375	0.047440962357954544	0.00018310546875	0.01740465666118421	0.32429286411830355	1.0	0.4688681325604838	0.0007847377232142857
bxt_lso	0.0003662109375	0.0003662109375	0.2819010416666667	0.010921702665441176	0.1636962890625	0.0003662109375	0.4688681325604838	1.0	0.1750030517578125
bxt_lso__nrlmf	0.000457763671875	0.4873466491699219	0.93988037109375	0.2819010416666667	0.5761829723011364	0.0125732421875	0.0007847377232142857	0.1750030517578125	1.0
