	bxt_gmo	bxt_gmosa	bxt_gso	bxt_gso_1k__nrlmf	bxt_gso__nrlmf	bxt_lmo	bxt_lmo__nrlmf	bxt_lso	bxt_lso__nrlmf
bxt_gmo	1.0	0.018833705357142856	0.45867919921875	0.010921702665441176	0.010921702665441176	0.06047257133152174	0.010921702665441176	0.3458921370967742	0.010921702665441176
bxt_gmosa	0.018833705357142856	1.0	0.016534423828125	0.06646728515625	0.016534423828125	0.010921702665441176	0.15555826822916666	0.01043701171875	0.21768083243534483
bxt_gso	0.45867919921875	0.016534423828125	1.0	0.010921702665441176	0.010921702665441176	0.01043701171875	0.010921702665441176	0.10643554687500001	0.016534423828125
bxt_gso_1k__nrlmf	0.010921702665441176	0.06646728515625	0.010921702665441176	1.0	0.45867919921875	0.010921702665441176	0.6876499720982143	0.010921702665441176	0.8767013015603727
bxt_gso__nrlmf	0.010921702665441176	0.016534423828125	0.010921702665441176	0.45867919921875	1.0	0.010921702665441176	0.16679600306919642	0.010921702665441176	0.3458921370967742
bxt_lmo	0.06047257133152174	0.010921702665441176	0.01043701171875	0.010921702665441176	0.010921702665441176	1.0	0.010921702665441176	0.12938514122596154	0.010921702665441176
bxt_lmo__nrlmf	0.010921702665441176	0.15555826822916666	0.010921702665441176	0.6876499720982143	0.16679600306919642	0.010921702665441176	1.0	0.010921702665441176	0.45421600341796875
bxt_lso	0.3458921370967742	0.01043701171875	0.10643554687500001	0.010921702665441176	0.010921702665441176	0.12938514122596154	0.010921702665441176	1.0	0.02142333984375
bxt_lso__nrlmf	0.010921702665441176	0.21768083243534483	0.016534423828125	0.8767013015603727	0.3458921370967742	0.010921702665441176	0.45421600341796875	0.02142333984375	1.0
