	bxt_gmo	bxt_gmosa	bxt_gso	bxt_gso_1k__nrlmf	bxt_gso__nrlmf	bxt_lmo	bxt_lmo__nrlmf	bxt_lso	bxt_lso__nrlmf
bxt_gmo	1.0	3.923688616071428e-05	3.923688616071428e-05	3.923688616071428e-05	3.923688616071428e-05	3.923688616071428e-05	3.923688616071428e-05	3.923688616071428e-05	3.923688616071428e-05
bxt_gmosa	3.923688616071428e-05	1.0	3.923688616071428e-05	3.923688616071428e-05	3.923688616071428e-05	3.923688616071428e-05	3.923688616071428e-05	3.923688616071428e-05	3.923688616071428e-05
bxt_gso	3.923688616071428e-05	3.923688616071428e-05	1.0	3.923688616071428e-05	3.923688616071428e-05	7.57677801724138e-05	3.923688616071428e-05	0.004855248235887097	3.923688616071428e-05
bxt_gso_1k__nrlmf	3.923688616071428e-05	3.923688616071428e-05	3.923688616071428e-05	1.0	0.02053070068359375	3.923688616071428e-05	0.06924617991727941	3.923688616071428e-05	0.1208386531141816
bxt_gso__nrlmf	3.923688616071428e-05	3.923688616071428e-05	3.923688616071428e-05	0.02053070068359375	1.0	3.923688616071428e-05	0.0025634765625	3.923688616071428e-05	0.08563058035714285
bxt_lmo	3.923688616071428e-05	3.923688616071428e-05	7.57677801724138e-05	3.923688616071428e-05	3.923688616071428e-05	1.0	3.923688616071428e-05	3.923688616071428e-05	3.923688616071428e-05
bxt_lmo__nrlmf	3.923688616071428e-05	3.923688616071428e-05	3.923688616071428e-05	0.06924617991727941	0.0025634765625	3.923688616071428e-05	1.0	3.923688616071428e-05	0.023337624289772728
bxt_lso	3.923688616071428e-05	3.923688616071428e-05	0.004855248235887097	3.923688616071428e-05	3.923688616071428e-05	3.923688616071428e-05	3.923688616071428e-05	1.0	3.923688616071428e-05
bxt_lso__nrlmf	3.923688616071428e-05	3.923688616071428e-05	3.923688616071428e-05	0.1208386531141816	0.08563058035714285	3.923688616071428e-05	0.023337624289772728	3.923688616071428e-05	1.0
