	bxt_gmo	bxt_gmosa	bxt_gso	bxt_gso_1k__nrlmf	bxt_gso__nrlmf	bxt_lmo	bxt_lmo__nrlmf	bxt_lso	bxt_lso__nrlmf
bxt_gmo	1.0	0.6150070716594828	0.7521171569824219	0.0128173828125	0.0120849609375	0.4124098557692308	0.7698752663352273	0.899932861328125	0.03006258877840909
bxt_gmosa	0.6150070716594828	1.0	0.07643509877421328	0.043798828125	0.032958984375	0.13623046875	0.317138671875	0.7026909055594979	0.12391421669407894
bxt_gso	0.7521171569824219	0.07643509877421328	1.0	0.03006258877840909	0.025146484375	0.4300130208333333	0.8848388671875	0.842809992764429	0.0772705078125
bxt_gso_1k__nrlmf	0.0128173828125	0.043798828125	0.03006258877840909	1.0	0.2744671365489131	0.005218505859375	0.005218505859375	0.0772705078125	0.13623046875
bxt_gso__nrlmf	0.0120849609375	0.032958984375	0.025146484375	0.2744671365489131	1.0	0.005218505859375	0.0032958984375	0.03986467633928571	0.0362548828125
bxt_lmo	0.4124098557692308	0.13623046875	0.4300130208333333	0.005218505859375	0.005218505859375	1.0	0.4479282924107143	0.3632080078125	0.015106201171875
bxt_lmo__nrlmf	0.7698752663352273	0.317138671875	0.8848388671875	0.005218505859375	0.0032958984375	0.4479282924107143	1.0	0.6742675781249999	0.015106201171875
bxt_lso	0.899932861328125	0.7026909055594979	0.842809992764429	0.0772705078125	0.03986467633928571	0.3632080078125	0.6742675781249999	1.0	0.13304443359374998
bxt_lso__nrlmf	0.03006258877840909	0.12391421669407894	0.0772705078125	0.13623046875	0.0362548828125	0.015106201171875	0.015106201171875	0.13304443359374998	1.0
