	bxt_gmo	bxt_gmosa	bxt_gso	bxt_gso_1k__nrlmf	bxt_gso__nrlmf	bxt_lmo	bxt_lmo__nrlmf	bxt_lso	bxt_lso__nrlmf
bxt_gmo	1.0	4.225510817307692e-05	4.225510817307692e-05	4.225510817307692e-05	4.225510817307692e-05	4.225510817307692e-05	4.225510817307692e-05	4.225510817307692e-05	0.0001220703125
bxt_gmosa	4.225510817307692e-05	1.0	0.7648053850446429	4.225510817307692e-05	4.225510817307692e-05	4.225510817307692e-05	4.225510817307692e-05	4.225510817307692e-05	4.225510817307692e-05
bxt_gso	4.225510817307692e-05	0.7648053850446429	1.0	4.225510817307692e-05	4.225510817307692e-05	0.00019618443080357144	4.225510817307692e-05	0.0002651872306034483	4.225510817307692e-05
bxt_gso_1k__nrlmf	4.225510817307692e-05	4.225510817307692e-05	4.225510817307692e-05	1.0	0.18471207157258063	4.225510817307692e-05	0.3350830078125	4.225510817307692e-05	0.001348054804124369
bxt_gso__nrlmf	4.225510817307692e-05	4.225510817307692e-05	4.225510817307692e-05	0.18471207157258063	1.0	4.225510817307692e-05	0.899932861328125	4.225510817307692e-05	0.7078749712775736
bxt_lmo	4.225510817307692e-05	4.225510817307692e-05	0.00019618443080357144	4.225510817307692e-05	4.225510817307692e-05	1.0	4.225510817307692e-05	4.225510817307692e-05	4.225510817307692e-05
bxt_lmo__nrlmf	4.225510817307692e-05	4.225510817307692e-05	4.225510817307692e-05	0.3350830078125	0.899932861328125	4.225510817307692e-05	1.0	4.225510817307692e-05	0.6999928653869067
bxt_lso	4.225510817307692e-05	4.225510817307692e-05	0.0002651872306034483	4.225510817307692e-05	4.225510817307692e-05	4.225510817307692e-05	4.225510817307692e-05	1.0	4.225510817307692e-05
bxt_lso__nrlmf	0.0001220703125	4.225510817307692e-05	4.225510817307692e-05	0.001348054804124369	0.7078749712775736	4.225510817307692e-05	0.6999928653869067	4.225510817307692e-05	1.0
