	bxt_gmo	bxt_gmosa	bxt_gso	bxt_gso_1k__nrlmf	bxt_gso__nrlmf	bxt_lmo	bxt_lmo__nrlmf	bxt_lso	bxt_lso__nrlmf
bxt_gmo	1.0	6.462545955882353e-05	6.462545955882353e-05	9.987571022727272e-05	0.06924617991727941	0.0001432999320652174	0.03162730823863637	6.462545955882353e-05	0.001056377704326923
bxt_gmosa	6.462545955882353e-05	1.0	0.30636160714285715	6.462545955882353e-05	6.462545955882353e-05	0.006402377424568965	9.987571022727272e-05	6.462545955882353e-05	6.462545955882353e-05
bxt_gso	6.462545955882353e-05	0.30636160714285715	1.0	6.462545955882353e-05	6.462545955882353e-05	0.005375453404017857	6.462545955882353e-05	9.987571022727272e-05	6.462545955882353e-05
bxt_gso_1k__nrlmf	9.987571022727272e-05	6.462545955882353e-05	6.462545955882353e-05	1.0	0.0013427734375	6.462545955882353e-05	0.0003204345703125	6.462545955882353e-05	0.025756632206015158
bxt_gso__nrlmf	0.06924617991727941	6.462545955882353e-05	6.462545955882353e-05	0.0013427734375	1.0	0.000615234375	0.743560791015625	6.462545955882353e-05	0.015203660534274193
bxt_lmo	0.0001432999320652174	0.006402377424568965	0.005375453404017857	6.462545955882353e-05	0.000615234375	1.0	9.987571022727272e-05	6.462545955882353e-05	9.987571022727272e-05
bxt_lmo__nrlmf	0.03162730823863637	9.987571022727272e-05	6.462545955882353e-05	0.0003204345703125	0.743560791015625	9.987571022727272e-05	1.0	6.462545955882353e-05	0.0075439453125
bxt_lso	6.462545955882353e-05	6.462545955882353e-05	9.987571022727272e-05	6.462545955882353e-05	6.462545955882353e-05	6.462545955882353e-05	6.462545955882353e-05	1.0	6.462545955882353e-05
bxt_lso__nrlmf	0.001056377704326923	6.462545955882353e-05	6.462545955882353e-05	0.025756632206015158	0.015203660534274193	9.987571022727272e-05	0.0075439453125	6.462545955882353e-05	1.0
