	bxt_gmo	bxt_gmosa	bxt_gso	bxt_gso_1k__nrlmf	bxt_gso__nrlmf	bxt_lmo	bxt_lmo__nrlmf	bxt_lso	bxt_lso__nrlmf
bxt_gmo	1.0	0.000274658203125	0.000274658203125	0.9528700884650736	0.979949951171875	0.000274658203125	0.9528700884650736	0.000274658203125	0.9528700884650736
bxt_gmosa	0.000274658203125	1.0	0.19869559151785715	0.2896165114182692	0.5106026785714285	0.979949951171875	0.3113525390625	0.8022583007812499	0.4380653782894737
bxt_gso	0.000274658203125	0.19869559151785715	1.0	0.21403364701704544	0.3113525390625	0.545304008152174	0.21403364701704544	0.8022583007812499	0.33682789522058826
bxt_gso_1k__nrlmf	0.9528700884650736	0.2896165114182692	0.21403364701704544	1.0	0.6497955322265625	0.19869559151785715	0.8022583007812499	0.28033447265625	0.5277432528409091
bxt_gso__nrlmf	0.979949951171875	0.5106026785714285	0.3113525390625	0.6497955322265625	1.0	0.21403364701704544	0.8022583007812499	0.5106026785714285	0.9528700884650736
bxt_lmo	0.000274658203125	0.979949951171875	0.545304008152174	0.19869559151785715	0.21403364701704544	1.0	0.19940185546875	0.8022583007812499	0.19869559151785715
bxt_lmo__nrlmf	0.9528700884650736	0.3113525390625	0.21403364701704544	0.8022583007812499	0.8022583007812499	0.19940185546875	1.0	0.3236846923828125	0.8022583007812499
bxt_lso	0.000274658203125	0.8022583007812499	0.8022583007812499	0.28033447265625	0.5106026785714285	0.8022583007812499	0.3236846923828125	1.0	0.3856201171875
bxt_lso__nrlmf	0.9528700884650736	0.4380653782894737	0.33682789522058826	0.5277432528409091	0.9528700884650736	0.19869559151785715	0.8022583007812499	0.3856201171875	1.0
