	bxt_gmo	bxt_gmosa	bxt_gso	bxt_gso_1k__nrlmf	bxt_gso__nrlmf	bxt_lmo	bxt_lmo__nrlmf	bxt_lso	bxt_lso__nrlmf
bxt_gmo	1.0	0.173858642578125	0.173858642578125	0.3862833953254372	0.371337890625	0.1540283203125	0.434395174844575	0.0966796875	0.1395263671875
bxt_gmosa	0.173858642578125	1.0	0.173858642578125	0.6508234197443182	0.434395174844575	0.22561699632826482	0.5406591796875	0.1395263671875	0.958753862767215
bxt_gso	0.173858642578125	0.173858642578125	1.0	0.371337890625	0.371337890625	0.371337890625	0.371337890625	0.582347361644012	0.5945068359375
bxt_gso_1k__nrlmf	0.3862833953254372	0.6508234197443182	0.371337890625	1.0	0.906657543676044	0.5406591796875	0.582347361644012	0.371337890625	0.582347361644012
bxt_gso__nrlmf	0.371337890625	0.434395174844575	0.371337890625	0.906657543676044	1.0	0.3856201171875	0.958753862767215	0.1395263671875	0.6017908647807446
bxt_lmo	0.1540283203125	0.22561699632826482	0.371337890625	0.5406591796875	0.3856201171875	1.0	0.371337890625	0.6017908647807446	0.582347361644012
bxt_lmo__nrlmf	0.434395174844575	0.5406591796875	0.371337890625	0.582347361644012	0.958753862767215	0.371337890625	1.0	0.22561699632826482	0.434395174844575
bxt_lso	0.0966796875	0.1395263671875	0.582347361644012	0.371337890625	0.1395263671875	0.6017908647807446	0.22561699632826482	1.0	0.3862833953254372
bxt_lso__nrlmf	0.1395263671875	0.958753862767215	0.5945068359375	0.582347361644012	0.6017908647807446	0.582347361644012	0.434395174844575	0.3862833953254372	1.0
