	bxt_gmo	bxt_gmosa	bxt_gso	bxt_gso_1k__nrlmf	bxt_gso__nrlmf	bxt_lmo	bxt_lmo__nrlmf	bxt_lso	bxt_lso__nrlmf
bxt_gmo	1.0	0.3164658084504862	0.39195721083166957	0.7640051504544181	0.5440589409161599	0.3164658084504862	0.8008611489328973	0.008415820073839403	0.9438496389946376
bxt_gmosa	0.3164658084504862	1.0	1.0	0.5440589409161599	0.4504799494300066	0.5404469833088095	0.5440589409161599	0.45979721090420234	0.6017369657844885
bxt_gso	0.39195721083166957	1.0	1.0	0.5440589409161599	0.4504799494300066	0.48268184726270447	0.5440589409161599	0.4706596466260493	0.5630998823563121
bxt_gso_1k__nrlmf	0.7640051504544181	0.5440589409161599	0.5440589409161599	1.0	0.008415820073839403	0.5440589409161599	0.8008611489328973	0.5440589409161599	0.09611304305244037
bxt_gso__nrlmf	0.5440589409161599	0.4504799494300066	0.4504799494300066	0.008415820073839403	1.0	0.4504799494300066	0.008415820073839403	0.4504799494300066	0.008415820073839403
bxt_lmo	0.3164658084504862	0.5404469833088095	0.48268184726270447	0.5440589409161599	0.4504799494300066	1.0	0.5440589409161599	0.5440589409161599	0.6212034733220589
bxt_lmo__nrlmf	0.8008611489328973	0.5440589409161599	0.5440589409161599	0.8008611489328973	0.008415820073839403	0.5440589409161599	1.0	0.5440589409161599	0.024920631126983533
bxt_lso	0.008415820073839403	0.45979721090420234	0.4706596466260493	0.5440589409161599	0.4504799494300066	0.5440589409161599	0.5440589409161599	1.0	0.6017369657844885
bxt_lso__nrlmf	0.9438496389946376	0.6017369657844885	0.5630998823563121	0.09611304305244037	0.008415820073839403	0.6212034733220589	0.024920631126983533	0.6017369657844885	1.0
