	bxt_gmo	bxt_gmosa	bxt_gso	bxt_gso_1k__nrlmf	bxt_gso__nrlmf	bxt_lmo	bxt_lmo__nrlmf	bxt_lso	bxt_lso__nrlmf
bxt_gmo	1.0	4.0690104166666664e-05	4.0690104166666664e-05	4.0690104166666664e-05	4.0690104166666664e-05	4.0690104166666664e-05	4.0690104166666664e-05	4.0690104166666664e-05	4.0690104166666664e-05
bxt_gmosa	4.0690104166666664e-05	1.0	0.005514296722334234	4.0690104166666664e-05	4.0690104166666664e-05	4.0690104166666664e-05	4.0690104166666664e-05	0.08801696295399004	4.0690104166666664e-05
bxt_gso	4.0690104166666664e-05	0.005514296722334234	1.0	4.0690104166666664e-05	4.0690104166666664e-05	4.0690104166666664e-05	4.0690104166666664e-05	0.00054931640625	4.0690104166666664e-05
bxt_gso_1k__nrlmf	4.0690104166666664e-05	4.0690104166666664e-05	4.0690104166666664e-05	1.0	0.03821754938710664	4.0690104166666664e-05	0.05387341050015191	4.0690104166666664e-05	0.15917429494151233
bxt_gso__nrlmf	4.0690104166666664e-05	4.0690104166666664e-05	4.0690104166666664e-05	0.03821754938710664	1.0	4.0690104166666664e-05	0.015171051290014647	4.0690104166666664e-05	0.288808507339971
bxt_lmo	4.0690104166666664e-05	4.0690104166666664e-05	4.0690104166666664e-05	4.0690104166666664e-05	4.0690104166666664e-05	1.0	4.0690104166666664e-05	4.0690104166666664e-05	4.0690104166666664e-05
bxt_lmo__nrlmf	4.0690104166666664e-05	4.0690104166666664e-05	4.0690104166666664e-05	0.05387341050015191	0.015171051290014647	4.0690104166666664e-05	1.0	4.0690104166666664e-05	0.008580536151670025
bxt_lso	4.0690104166666664e-05	0.08801696295399004	0.00054931640625	4.0690104166666664e-05	4.0690104166666664e-05	4.0690104166666664e-05	4.0690104166666664e-05	1.0	4.0690104166666664e-05
bxt_lso__nrlmf	4.0690104166666664e-05	4.0690104166666664e-05	4.0690104166666664e-05	0.15917429494151233	0.288808507339971	4.0690104166666664e-05	0.008580536151670025	4.0690104166666664e-05	1.0
