	bxt_gmo	bxt_gmosa	bxt_gso	bxt_gso_1k__nrlmf	bxt_gso__nrlmf	bxt_lmo	bxt_lmo__nrlmf	bxt_lso	bxt_lso__nrlmf
bxt_gmo	1.0	0.069580078125	0.3952001953125	0.0523681640625	0.289215087890625	0.0322265625	0.069580078125	0.06912935697115384	0.0523681640625
bxt_gmosa	0.069580078125	1.0	0.20000348772321427	0.15774054276315788	0.05474853515625	0.1478271484375	0.0523681640625	0.2188307337783024	0.14714813232421875
bxt_gso	0.3952001953125	0.20000348772321427	1.0	0.6711616516113281	0.4877674313257025	0.019124740179118593	0.5085174262505725	0.24895974864130438	0.7779794018205288
bxt_gso_1k__nrlmf	0.0523681640625	0.15774054276315788	0.6711616516113281	1.0	1.0	0.0523681640625	0.5085174262505725	0.16820068359374998	0.4344933657293062
bxt_gso__nrlmf	0.289215087890625	0.05474853515625	0.4877674313257025	1.0	1.0	0.0322265625	0.4344933657293062	0.05474853515625	0.5065376346460799
bxt_lmo	0.0322265625	0.1478271484375	0.019124740179118593	0.0523681640625	0.0322265625	1.0	0.05474853515625	0.7779794018205288	0.0523681640625
bxt_lmo__nrlmf	0.069580078125	0.0523681640625	0.5085174262505725	0.5085174262505725	0.4344933657293062	0.05474853515625	1.0	0.0523681640625	0.7779794018205288
bxt_lso	0.06912935697115384	0.2188307337783024	0.24895974864130438	0.16820068359374998	0.05474853515625	0.7779794018205288	0.0523681640625	1.0	0.1478271484375
bxt_lso__nrlmf	0.0523681640625	0.14714813232421875	0.7779794018205288	0.4344933657293062	0.5065376346460799	0.0523681640625	0.7779794018205288	0.1478271484375	1.0
