	brf_gmo__precomputed	brf_gmo__softmax	brf_gmo__square	brf_gmo__uniform	brf_gmo_full	brf_gmosa
brf_gmo__precomputed	1.0	4.161487926136364e-05	4.161487926136364e-05	0.019553048270089284	0.00011444091796875	4.161487926136364e-05
brf_gmo__softmax	4.161487926136364e-05	1.0	4.161487926136364e-05	4.161487926136364e-05	4.161487926136364e-05	4.161487926136364e-05
brf_gmo__square	4.161487926136364e-05	4.161487926136364e-05	1.0	4.161487926136364e-05	0.033538818359375	4.161487926136364e-05
brf_gmo__uniform	0.019553048270089284	4.161487926136364e-05	4.161487926136364e-05	1.0	0.0008803147536057692	4.161487926136364e-05
brf_gmo_full	0.00011444091796875	4.161487926136364e-05	0.033538818359375	0.0008803147536057692	1.0	4.161487926136364e-05
brf_gmosa	4.161487926136364e-05	4.161487926136364e-05	4.161487926136364e-05	4.161487926136364e-05	4.161487926136364e-05	1.0
