	brf_gmo__precomputed	brf_gmo__softmax	brf_gmo__square	brf_gmo__uniform	brf_gmo_full	brf_gmosa
brf_gmo__precomputed	1.0	0.0443115234375	4.161487926136364e-05	0.04139491489955357	4.161487926136364e-05	4.161487926136364e-05
brf_gmo__softmax	0.0443115234375	1.0	4.161487926136364e-05	0.00209808349609375	4.161487926136364e-05	4.161487926136364e-05
brf_gmo__square	4.161487926136364e-05	4.161487926136364e-05	1.0	0.017887995793269232	4.161487926136364e-05	4.161487926136364e-05
brf_gmo__uniform	0.04139491489955357	0.00209808349609375	0.017887995793269232	1.0	4.161487926136364e-05	4.161487926136364e-05
brf_gmo_full	4.161487926136364e-05	4.161487926136364e-05	4.161487926136364e-05	4.161487926136364e-05	1.0	4.161487926136364e-05
brf_gmosa	4.161487926136364e-05	4.161487926136364e-05	4.161487926136364e-05	4.161487926136364e-05	4.161487926136364e-05	1.0
