	brf_gmo__precomputed	brf_gmo__softmax	brf_gmo__square	brf_gmo__uniform	brf_gmo_full	brf_gmosa
brf_gmo__precomputed	1.0	0.002288818359375	0.00030517578125	0.15574137369791669	0.5350905198317307	0.15574137369791669
brf_gmo__softmax	0.002288818359375	1.0	0.0002288818359375	0.0002288818359375	0.43978604403409094	0.5046844482421875
brf_gmo__square	0.00030517578125	0.0002288818359375	1.0	0.0274658203125	0.979949951171875	0.00057220458984375
brf_gmo__uniform	0.15574137369791669	0.0002288818359375	0.0274658203125	1.0	0.8378056117466518	0.15574137369791669
brf_gmo_full	0.5350905198317307	0.43978604403409094	0.979949951171875	0.8378056117466518	1.0	0.263031005859375
brf_gmosa	0.15574137369791669	0.5046844482421875	0.00057220458984375	0.15574137369791669	0.263031005859375	1.0
