	brf_gmo__precomputed	brf_gmo__softmax	brf_gmo__square	brf_gmo__uniform	brf_gmo_full	brf_gmosa
brf_gmo__precomputed	1.0	0.0359344482421875	4.57763671875e-05	0.083251953125	4.57763671875e-05	4.57763671875e-05
brf_gmo__softmax	0.0359344482421875	1.0	0.0002080743963068182	0.00209808349609375	4.57763671875e-05	4.57763671875e-05
brf_gmo__square	4.57763671875e-05	0.0002080743963068182	1.0	0.02105712890625	4.57763671875e-05	4.57763671875e-05
brf_gmo__uniform	0.083251953125	0.00209808349609375	0.02105712890625	1.0	4.57763671875e-05	4.57763671875e-05
brf_gmo_full	4.57763671875e-05	4.57763671875e-05	4.57763671875e-05	4.57763671875e-05	1.0	4.57763671875e-05
brf_gmosa	4.57763671875e-05	4.57763671875e-05	4.57763671875e-05	4.57763671875e-05	4.57763671875e-05	1.0
