	brf_gmo__precomputed	brf_gmo__softmax	brf_gmo__square	brf_gmo__uniform	brf_gmo_full	brf_gmosa
brf_gmo__precomputed	1.0	4.57763671875e-05	4.57763671875e-05	0.0007906827059659091	4.57763671875e-05	0.014027186802455356
brf_gmo__softmax	4.57763671875e-05	1.0	4.57763671875e-05	4.57763671875e-05	4.57763671875e-05	4.57763671875e-05
brf_gmo__square	4.57763671875e-05	4.57763671875e-05	1.0	0.005950927734375	4.57763671875e-05	0.00522613525390625
brf_gmo__uniform	0.0007906827059659091	4.57763671875e-05	0.005950927734375	1.0	4.57763671875e-05	0.116668701171875
brf_gmo_full	4.57763671875e-05	4.57763671875e-05	4.57763671875e-05	4.57763671875e-05	1.0	4.57763671875e-05
brf_gmosa	0.014027186802455356	4.57763671875e-05	0.00522613525390625	0.116668701171875	4.57763671875e-05	1.0
