	brf_gmo__precomputed	brf_gmo__softmax	brf_gmo__square	brf_gmo__uniform	brf_gmo_full	brf_gmosa
brf_gmo__precomputed	1.0	0.0017983572823660715	0.001514141376201923	0.00019073486328125	5.0862630208333336e-05	5.0862630208333336e-05
brf_gmo__softmax	0.0017983572823660715	1.0	0.00019073486328125	0.009185791015625	5.0862630208333336e-05	5.0862630208333336e-05
brf_gmo__square	0.001514141376201923	0.00019073486328125	1.0	9.1552734375e-05	5.0862630208333336e-05	5.0862630208333336e-05
brf_gmo__uniform	0.00019073486328125	0.009185791015625	9.1552734375e-05	1.0	5.0862630208333336e-05	5.0862630208333336e-05
brf_gmo_full	5.0862630208333336e-05	5.0862630208333336e-05	5.0862630208333336e-05	5.0862630208333336e-05	1.0	5.0862630208333336e-05
brf_gmosa	5.0862630208333336e-05	5.0862630208333336e-05	5.0862630208333336e-05	5.0862630208333336e-05	5.0862630208333336e-05	1.0
