	brf_gmo__precomputed	brf_gmo__softmax	brf_gmo__square	brf_gmo__uniform	brf_gmo_full	brf_gmosa
brf_gmo__precomputed	1.0	0.252227783203125	0.0036621093750000004	0.026746477399553572	5.0862630208333336e-05	5.0862630208333336e-05
brf_gmo__softmax	0.252227783203125	1.0	0.015106201171875	0.00644683837890625	5.0862630208333336e-05	5.0862630208333336e-05
brf_gmo__square	0.0036621093750000004	0.015106201171875	1.0	0.0019683837890625	5.0862630208333336e-05	5.0862630208333336e-05
brf_gmo__uniform	0.026746477399553572	0.00644683837890625	0.0019683837890625	1.0	5.0862630208333336e-05	5.0862630208333336e-05
brf_gmo_full	5.0862630208333336e-05	5.0862630208333336e-05	5.0862630208333336e-05	5.0862630208333336e-05	1.0	5.0862630208333336e-05
brf_gmosa	5.0862630208333336e-05	5.0862630208333336e-05	5.0862630208333336e-05	5.0862630208333336e-05	5.0862630208333336e-05	1.0
