	brf_gmo__precomputed	brf_gmo__softmax	brf_gmo__square	brf_gmo__uniform	brf_gmo_full	brf_gmosa
brf_gmo__precomputed	1.0	0.003021240234375	0.000762939453125	0.0006866455078125	0.08918068625710228	0.0196380615234375
brf_gmo__softmax	0.003021240234375	1.0	0.00080108642578125	0.10406494140625	0.007839202880859375	0.6773267473493303
brf_gmo__square	0.000762939453125	0.00080108642578125	1.0	0.0006866455078125	0.3436748798076923	0.007839202880859375
brf_gmo__uniform	0.0006866455078125	0.10406494140625	0.0006866455078125	1.0	0.010477701822916668	0.979949951171875
brf_gmo_full	0.08918068625710228	0.007839202880859375	0.3436748798076923	0.010477701822916668	1.0	0.0032806396484375
brf_gmosa	0.0196380615234375	0.6773267473493303	0.007839202880859375	0.979949951171875	0.0032806396484375	1.0
