	brf_gmo__precomputed	brf_gmo__softmax	brf_gmo__square	brf_gmo__uniform	brf_gmo_full	brf_gmosa
brf_gmo__precomputed	1.0	0.00011444091796875	6.539481026785714e-05	6.539481026785714e-05	0.00164031982421875	6.539481026785714e-05
brf_gmo__softmax	0.00011444091796875	1.0	6.539481026785714e-05	6.539481026785714e-05	0.000582608309659091	0.031062534877232144
brf_gmo__square	6.539481026785714e-05	6.539481026785714e-05	1.0	6.539481026785714e-05	0.0038733849158653845	6.539481026785714e-05
brf_gmo__uniform	6.539481026785714e-05	6.539481026785714e-05	6.539481026785714e-05	1.0	0.0002543131510416667	0.07391357421875
brf_gmo_full	0.00164031982421875	0.000582608309659091	0.0038733849158653845	0.0002543131510416667	1.0	0.000582608309659091
brf_gmosa	6.539481026785714e-05	0.031062534877232144	6.539481026785714e-05	0.07391357421875	0.000582608309659091	1.0
