	brf_gmo__precomputed	brf_gmo__softmax	brf_gmo__square	brf_gmo__uniform	brf_gmo_full	brf_gmosa
brf_gmo__precomputed	1.0	5.0862630208333336e-05	0.028803898737980768	0.49542236328125	0.04747663225446429	5.0862630208333336e-05
brf_gmo__softmax	5.0862630208333336e-05	1.0	5.0862630208333336e-05	5.0862630208333336e-05	5.0862630208333336e-05	5.0862630208333336e-05
brf_gmo__square	0.028803898737980768	5.0862630208333336e-05	1.0	0.0007906827059659091	0.0002288818359375	5.0862630208333336e-05
brf_gmo__uniform	0.49542236328125	5.0862630208333336e-05	0.0007906827059659091	1.0	0.01636505126953125	5.0862630208333336e-05
brf_gmo_full	0.04747663225446429	5.0862630208333336e-05	0.0002288818359375	0.01636505126953125	1.0	5.0862630208333336e-05
brf_gmosa	5.0862630208333336e-05	5.0862630208333336e-05	5.0862630208333336e-05	5.0862630208333336e-05	5.0862630208333336e-05	1.0
