	brf_gmo__precomputed	brf_gmo__softmax	brf_gmo__square	brf_gmo__uniform	brf_gmo_full	brf_gmosa
brf_gmo__precomputed	1.0	3.814697265625e-05	3.814697265625e-05	3.814697265625e-05	3.814697265625e-05	0.0006690392127403846
brf_gmo__softmax	3.814697265625e-05	1.0	3.814697265625e-05	3.814697265625e-05	3.814697265625e-05	0.93988037109375
brf_gmo__square	3.814697265625e-05	3.814697265625e-05	1.0	0.0010790143694196428	3.814697265625e-05	3.814697265625e-05
brf_gmo__uniform	3.814697265625e-05	3.814697265625e-05	0.0010790143694196428	1.0	3.814697265625e-05	3.814697265625e-05
brf_gmo_full	3.814697265625e-05	3.814697265625e-05	3.814697265625e-05	3.814697265625e-05	1.0	3.814697265625e-05
brf_gmosa	0.0006690392127403846	0.93988037109375	3.814697265625e-05	3.814697265625e-05	3.814697265625e-05	1.0
