	brf_gmo__precomputed	brf_gmo__softmax	brf_gmo__square	brf_gmo__uniform	brf_gmo_full	brf_gmosa
brf_gmo__precomputed	1.0	7.62939453125e-05	4.161487926136364e-05	4.161487926136364e-05	4.161487926136364e-05	4.161487926136364e-05
brf_gmo__softmax	7.62939453125e-05	1.0	4.161487926136364e-05	4.161487926136364e-05	4.161487926136364e-05	4.161487926136364e-05
brf_gmo__square	4.161487926136364e-05	4.161487926136364e-05	1.0	0.2978515625	4.161487926136364e-05	0.000457763671875
brf_gmo__uniform	4.161487926136364e-05	4.161487926136364e-05	0.2978515625	1.0	4.161487926136364e-05	0.0002464881310096154
brf_gmo_full	4.161487926136364e-05	4.161487926136364e-05	4.161487926136364e-05	4.161487926136364e-05	1.0	4.161487926136364e-05
brf_gmosa	4.161487926136364e-05	4.161487926136364e-05	0.000457763671875	0.0002464881310096154	4.161487926136364e-05	1.0
