	brf_gmo__precomputed	brf_gmo__softmax	brf_gmo__square	brf_gmo__uniform	brf_gmo_full	brf_gmosa
brf_gmo__precomputed	1.0	0.0007120768229166667	0.000457763671875	0.0196380615234375	9.1552734375e-05	0.11205400739397321
brf_gmo__softmax	0.0007120768229166667	1.0	0.000152587890625	0.10782095102163461	9.1552734375e-05	0.04192352294921875
brf_gmo__square	0.000457763671875	0.000152587890625	1.0	0.00057220458984375	9.1552734375e-05	0.04192352294921875
brf_gmo__uniform	0.0196380615234375	0.10782095102163461	0.00057220458984375	1.0	9.1552734375e-05	0.860260009765625
brf_gmo_full	9.1552734375e-05	9.1552734375e-05	9.1552734375e-05	9.1552734375e-05	1.0	9.1552734375e-05
brf_gmosa	0.11205400739397321	0.04192352294921875	0.04192352294921875	0.860260009765625	9.1552734375e-05	1.0
