	brf_gmo__precomputed	brf_gmo__softmax	brf_gmo__square	brf_gmo__uniform	brf_gmo_full	brf_gmosa
brf_gmo__precomputed	1.0	0.0012425013950892857	0.00644683837890625	0.00457763671875	0.05112868088942307	0.0002288818359375
brf_gmo__softmax	0.0012425013950892857	1.0	0.000762939453125	0.4022761753627232	0.00030517578125	0.0025177001953125
brf_gmo__square	0.00644683837890625	0.000762939453125	1.0	0.000457763671875	0.93988037109375	0.00034332275390625
brf_gmo__uniform	0.00457763671875	0.4022761753627232	0.000457763671875	1.0	0.001430511474609375	0.001678466796875
brf_gmo_full	0.05112868088942307	0.00030517578125	0.93988037109375	0.001430511474609375	1.0	0.0002288818359375
brf_gmosa	0.0002288818359375	0.0025177001953125	0.00034332275390625	0.001678466796875	0.0002288818359375	1.0
