	brf_gmo__precomputed	brf_gmo__softmax	brf_gmo__square	brf_gmo__uniform	brf_gmo_full	brf_gmosa
brf_gmo__precomputed	1.0	0.0003269740513392857	0.0005086263020833334	0.08174896240234375	7.62939453125e-05	0.1704188755580357
brf_gmo__softmax	0.0003269740513392857	1.0	7.62939453125e-05	0.08528489332932691	7.62939453125e-05	0.0015106201171875
brf_gmo__square	0.0005086263020833334	7.62939453125e-05	1.0	0.0005086263020833334	7.62939453125e-05	0.93988037109375
brf_gmo__uniform	0.08174896240234375	0.08528489332932691	0.0005086263020833334	1.0	7.62939453125e-05	0.00457763671875
brf_gmo_full	7.62939453125e-05	7.62939453125e-05	7.62939453125e-05	7.62939453125e-05	1.0	7.62939453125e-05
brf_gmosa	0.1704188755580357	0.0015106201171875	0.93988037109375	0.00457763671875	7.62939453125e-05	1.0
