	brf_gmo__precomputed	brf_gmo__softmax	brf_gmo__square	brf_gmo__uniform	brf_gmo_full	brf_gmosa
brf_gmo__precomputed	1.0	4.161487926136364e-05	4.161487926136364e-05	4.161487926136364e-05	0.028803898737980768	4.161487926136364e-05
brf_gmo__softmax	4.161487926136364e-05	1.0	4.161487926136364e-05	0.00335693359375	4.161487926136364e-05	4.161487926136364e-05
brf_gmo__square	4.161487926136364e-05	4.161487926136364e-05	1.0	4.161487926136364e-05	0.12500217982700892	4.161487926136364e-05
brf_gmo__uniform	4.161487926136364e-05	0.00335693359375	4.161487926136364e-05	1.0	4.161487926136364e-05	0.743560791015625
brf_gmo_full	0.028803898737980768	4.161487926136364e-05	0.12500217982700892	4.161487926136364e-05	1.0	4.161487926136364e-05
brf_gmosa	4.161487926136364e-05	4.161487926136364e-05	4.161487926136364e-05	0.743560791015625	4.161487926136364e-05	1.0
