	brf_gmo__precomputed	brf_gmo__softmax	brf_gmo__square	brf_gmo__uniform	brf_gmo_full	brf_gmosa
brf_gmo__precomputed	1.0	0.0001056377704326923	4.161487926136364e-05	0.006735665457589286	4.161487926136364e-05	4.161487926136364e-05
brf_gmo__softmax	0.0001056377704326923	1.0	4.161487926136364e-05	7.62939453125e-05	4.161487926136364e-05	4.161487926136364e-05
brf_gmo__square	4.161487926136364e-05	4.161487926136364e-05	1.0	0.705718994140625	4.161487926136364e-05	4.161487926136364e-05
brf_gmo__uniform	0.006735665457589286	7.62939453125e-05	0.705718994140625	1.0	4.161487926136364e-05	4.161487926136364e-05
brf_gmo_full	4.161487926136364e-05	4.161487926136364e-05	4.161487926136364e-05	4.161487926136364e-05	1.0	4.161487926136364e-05
brf_gmosa	4.161487926136364e-05	4.161487926136364e-05	4.161487926136364e-05	4.161487926136364e-05	4.161487926136364e-05	1.0
