	brf_gmo__precomputed	brf_gmo__softmax	brf_gmo__square	brf_gmo__uniform	brf_gmo_full	brf_gmosa
brf_gmo__precomputed	1.0	0.00011444091796875	0.007253793569711538	0.596588134765625	0.0002080743963068182	9.1552734375e-05
brf_gmo__softmax	0.00011444091796875	1.0	0.000152587890625	9.1552734375e-05	0.00011444091796875	0.00125885009765625
brf_gmo__square	0.007253793569711538	0.000152587890625	1.0	0.04139491489955357	0.00011444091796875	9.1552734375e-05
brf_gmo__uniform	0.596588134765625	9.1552734375e-05	0.04139491489955357	1.0	0.0002080743963068182	9.1552734375e-05
brf_gmo_full	0.0002080743963068182	0.00011444091796875	0.00011444091796875	0.0002080743963068182	1.0	9.1552734375e-05
brf_gmosa	9.1552734375e-05	0.00125885009765625	9.1552734375e-05	9.1552734375e-05	9.1552734375e-05	1.0
