	brf_gmo__precomputed	brf_gmo__softmax	brf_gmo__square	brf_gmo__uniform	brf_gmo_full	brf_gmosa
brf_gmo__precomputed	1.0	7.62939453125e-05	0.6094242976262019	0.9217071533203125	0.1945953369140625	7.62939453125e-05
brf_gmo__softmax	7.62939453125e-05	1.0	0.020599365234375	0.08443196614583334	1.0	7.62939453125e-05
brf_gmo__square	0.6094242976262019	0.020599365234375	1.0	0.2168967507102273	0.019683837890625	7.62939453125e-05
brf_gmo__uniform	0.9217071533203125	0.08443196614583334	0.2168967507102273	1.0	0.31528472900390625	7.62939453125e-05
brf_gmo_full	0.1945953369140625	1.0	0.019683837890625	0.31528472900390625	1.0	7.62939453125e-05
brf_gmosa	7.62939453125e-05	7.62939453125e-05	7.62939453125e-05	7.62939453125e-05	7.62939453125e-05	1.0
