	brf_gmo__precomputed	brf_gmo__softmax	brf_gmo__square	brf_gmo__uniform	brf_gmo_full	brf_gmosa
brf_gmo__precomputed	1.0	0.000152587890625	0.009429931640625	0.6020246233258928	9.1552734375e-05	0.860260009765625
brf_gmo__softmax	0.000152587890625	1.0	0.00019618443080357144	0.0035603841145833335	9.1552734375e-05	0.02674102783203125
brf_gmo__square	0.009429931640625	0.00019618443080357144	1.0	0.021140358664772728	9.1552734375e-05	0.002460479736328125
brf_gmo__uniform	0.6020246233258928	0.0035603841145833335	0.021140358664772728	1.0	9.1552734375e-05	0.4998427170973557
brf_gmo_full	9.1552734375e-05	9.1552734375e-05	9.1552734375e-05	9.1552734375e-05	1.0	9.1552734375e-05
brf_gmosa	0.860260009765625	0.02674102783203125	0.002460479736328125	0.4998427170973557	9.1552734375e-05	1.0
