	brf_gmo__precomputed	brf_gmo__softmax	brf_gmo__square	brf_gmo__uniform	brf_gmo_full	brf_gmosa
brf_gmo__precomputed	1.0	0.000274658203125	0.0062713623046875	0.003147125244140625	0.596588134765625	0.0002288818359375
brf_gmo__softmax	0.000274658203125	1.0	0.0012425013950892857	0.012526078657670456	0.063323974609375	0.000274658203125
brf_gmo__square	0.0062713623046875	0.0012425013950892857	1.0	0.0002288818359375	0.12067354642427884	0.000274658203125
brf_gmo__uniform	0.003147125244140625	0.012526078657670456	0.0002288818359375	1.0	0.5658939906529018	0.0035603841145833335
brf_gmo_full	0.596588134765625	0.063323974609375	0.12067354642427884	0.5658939906529018	1.0	0.001068115234375
brf_gmosa	0.0002288818359375	0.000274658203125	0.000274658203125	0.0035603841145833335	0.001068115234375	1.0
