	brf_gmo__precomputed	brf_gmo__softmax	brf_gmo__square	brf_gmo__uniform	brf_gmo_full	brf_gmosa
brf_gmo__precomputed	1.0	0.000171661376953125	0.019378662109375	0.781951904296875	0.2910320575420673	6.539481026785714e-05
brf_gmo__softmax	0.000171661376953125	1.0	6.539481026785714e-05	6.539481026785714e-05	0.012526078657670456	6.539481026785714e-05
brf_gmo__square	0.019378662109375	6.539481026785714e-05	1.0	0.011444091796875	0.005594889322916667	6.539481026785714e-05
brf_gmo__uniform	0.781951904296875	6.539481026785714e-05	0.011444091796875	1.0	0.49686976841517855	6.539481026785714e-05
brf_gmo_full	0.2910320575420673	0.012526078657670456	0.005594889322916667	0.49686976841517855	1.0	6.539481026785714e-05
brf_gmosa	6.539481026785714e-05	6.539481026785714e-05	6.539481026785714e-05	6.539481026785714e-05	6.539481026785714e-05	1.0
