	brf_gmo__precomputed	brf_gmo__softmax	brf_gmo__square	brf_gmo__uniform	brf_gmo_full	brf_gmosa
brf_gmo__precomputed	1.0	0.01636505126953125	0.002288818359375	0.860260009765625	5.0862630208333336e-05	5.0862630208333336e-05
brf_gmo__softmax	0.01636505126953125	1.0	0.0002288818359375	0.07546058067908654	5.0862630208333336e-05	5.0862630208333336e-05
brf_gmo__square	0.002288818359375	0.0002288818359375	1.0	0.10498853861562578	5.0862630208333336e-05	5.0862630208333336e-05
brf_gmo__uniform	0.860260009765625	0.07546058067908654	0.10498853861562578	1.0	5.0862630208333336e-05	5.0862630208333336e-05
brf_gmo_full	5.0862630208333336e-05	5.0862630208333336e-05	5.0862630208333336e-05	5.0862630208333336e-05	1.0	5.0862630208333336e-05
brf_gmosa	5.0862630208333336e-05	5.0862630208333336e-05	5.0862630208333336e-05	5.0862630208333336e-05	5.0862630208333336e-05	1.0
