	brf_gmo__precomputed	brf_gmo__softmax	brf_gmo__square	brf_gmo__uniform	brf_gmo_full	brf_gmosa
brf_gmo__precomputed	1.0	0.001373291015625	0.03863525390625	0.0005086263020833334	0.000152587890625	0.0005086263020833334
brf_gmo__softmax	0.001373291015625	1.0	0.000457763671875	0.03863525390625	9.1552734375e-05	9.1552734375e-05
brf_gmo__square	0.03863525390625	0.000457763671875	1.0	9.1552734375e-05	0.0011444091796875	0.010598989633413462
brf_gmo__uniform	0.0005086263020833334	0.03863525390625	9.1552734375e-05	1.0	9.1552734375e-05	9.1552734375e-05
brf_gmo_full	0.000152587890625	9.1552734375e-05	0.0011444091796875	9.1552734375e-05	1.0	0.00164031982421875
brf_gmosa	0.0005086263020833334	9.1552734375e-05	0.010598989633413462	9.1552734375e-05	0.00164031982421875	1.0
