	brf_gmo__precomputed	brf_gmo__softmax	brf_gmo__square	brf_gmo__uniform	brf_gmo_full	brf_gmosa
brf_gmo__precomputed	1.0	0.01408992975801382	0.002288818359375	0.899932861328125	5.0862630208333336e-05	5.0862630208333336e-05
brf_gmo__softmax	0.01408992975801382	1.0	0.0008697509765625	0.15413556780133927	5.0862630208333336e-05	5.0862630208333336e-05
brf_gmo__square	0.002288818359375	0.0008697509765625	1.0	0.044546598279727005	5.0862630208333336e-05	5.0862630208333336e-05
brf_gmo__uniform	0.899932861328125	0.15413556780133927	0.044546598279727005	1.0	5.0862630208333336e-05	5.0862630208333336e-05
brf_gmo_full	5.0862630208333336e-05	5.0862630208333336e-05	5.0862630208333336e-05	5.0862630208333336e-05	1.0	5.0862630208333336e-05
brf_gmosa	5.0862630208333336e-05	5.0862630208333336e-05	5.0862630208333336e-05	5.0862630208333336e-05	5.0862630208333336e-05	1.0
