	brf_gmo__precomputed	brf_gmo__softmax	brf_gmo__square	brf_gmo__uniform	brf_gmo_full	brf_gmosa
brf_gmo__precomputed	1.0	0.0035976862805481894	0.0035976862805481894	0.0035976862805481894	0.0035976862805481894	0.005340975909382092
brf_gmo__softmax	0.0035976862805481894	1.0	0.0035976862805481894	0.029925267655301402	0.08546098345767608	0.29456596753801734
brf_gmo__square	0.0035976862805481894	0.0035976862805481894	1.0	0.0035976862805481894	0.0035976862805481894	0.0035976862805481894
brf_gmo__uniform	0.0035976862805481894	0.029925267655301402	0.0035976862805481894	1.0	0.4064728594380854	0.6050949464540121
brf_gmo_full	0.0035976862805481894	0.08546098345767608	0.0035976862805481894	0.4064728594380854	1.0	0.24513523261773404
brf_gmosa	0.005340975909382092	0.29456596753801734	0.0035976862805481894	0.6050949464540121	0.24513523261773404	1.0
