	brf_gmo__precomputed	brf_gmo__softmax	brf_gmo__square	brf_gmo__uniform	brf_gmo_full	brf_gmosa
brf_gmo__precomputed	1.0	0.04533148061056298	0.13929831088187788	0.0222767617773587	0.26973724365234375	0.37424260919744323
brf_gmo__softmax	0.04533148061056298	1.0	0.0002288818359375	0.37424260919744323	0.4998427170973557	0.836138661741041
brf_gmo__square	0.13929831088187788	0.0002288818359375	1.0	0.0002288818359375	0.15838623046875	0.32135009765625
brf_gmo__uniform	0.0222767617773587	0.37424260919744323	0.0002288818359375	1.0	0.4998427170973557	0.7686223804439156
brf_gmo_full	0.26973724365234375	0.4998427170973557	0.15838623046875	0.4998427170973557	1.0	0.07489013671875
brf_gmosa	0.37424260919744323	0.836138661741041	0.32135009765625	0.7686223804439156	0.07489013671875	1.0
