	brf_gmo__precomputed	brf_gmo__softmax	brf_gmo__square	brf_gmo__uniform	brf_gmo_full	brf_gmosa
brf_gmo__precomputed	1.0	0.5347886585626409	0.0019671180749988447	0.5347886585626409	5.0862630208333336e-05	5.0862630208333336e-05
brf_gmo__softmax	0.5347886585626409	1.0	0.0372387669321018	0.04409747041975481	5.0862630208333336e-05	5.0862630208333336e-05
brf_gmo__square	0.0019671180749988447	0.0372387669321018	1.0	0.01040371981534091	5.0862630208333336e-05	5.0862630208333336e-05
brf_gmo__uniform	0.5347886585626409	0.04409747041975481	0.01040371981534091	1.0	5.0862630208333336e-05	5.0862630208333336e-05
brf_gmo_full	5.0862630208333336e-05	5.0862630208333336e-05	5.0862630208333336e-05	5.0862630208333336e-05	1.0	5.0862630208333336e-05
brf_gmosa	5.0862630208333336e-05	5.0862630208333336e-05	5.0862630208333336e-05	5.0862630208333336e-05	5.0862630208333336e-05	1.0
