	bxt_gmo__precomputed	bxt_gmo__softmax	bxt_gmo__square	bxt_gmo__uniform	bxt_gmo_full	bxt_gmosa
bxt_gmo__precomputed	1.0	0.021140358664772728	0.0137786865234375	0.46413966587611605	5.0862630208333336e-05	5.0862630208333336e-05
bxt_gmo__softmax	0.021140358664772728	1.0	0.40313720703125	0.46413966587611605	5.0862630208333336e-05	5.0862630208333336e-05
bxt_gmo__square	0.0137786865234375	0.40313720703125	1.0	0.49542236328125	5.0862630208333336e-05	5.0862630208333336e-05
bxt_gmo__uniform	0.46413966587611605	0.46413966587611605	0.49542236328125	1.0	5.0862630208333336e-05	5.0862630208333336e-05
bxt_gmo_full	5.0862630208333336e-05	5.0862630208333336e-05	5.0862630208333336e-05	5.0862630208333336e-05	1.0	5.0862630208333336e-05
bxt_gmosa	5.0862630208333336e-05	5.0862630208333336e-05	5.0862630208333336e-05	5.0862630208333336e-05	5.0862630208333336e-05	1.0
