	bxt_gmo__precomputed	bxt_gmo__softmax	bxt_gmo__square	bxt_gmo__uniform	bxt_gmo_full	bxt_gmosa
bxt_gmo__precomputed	1.0	0.0155029296875	0.0008174351283482143	3.5212590144230766e-05	3.5212590144230766e-05	3.5212590144230766e-05
bxt_gmo__softmax	0.0155029296875	1.0	3.5212590144230766e-05	3.5212590144230766e-05	3.5212590144230766e-05	3.5212590144230766e-05
bxt_gmo__square	0.0008174351283482143	3.5212590144230766e-05	1.0	3.5212590144230766e-05	3.5212590144230766e-05	3.5212590144230766e-05
bxt_gmo__uniform	3.5212590144230766e-05	3.5212590144230766e-05	3.5212590144230766e-05	1.0	3.5212590144230766e-05	3.5212590144230766e-05
bxt_gmo_full	3.5212590144230766e-05	3.5212590144230766e-05	3.5212590144230766e-05	3.5212590144230766e-05	1.0	3.5212590144230766e-05
bxt_gmosa	3.5212590144230766e-05	3.5212590144230766e-05	3.5212590144230766e-05	3.5212590144230766e-05	3.5212590144230766e-05	1.0
