	bxt_gmo__precomputed	bxt_gmo__softmax	bxt_gmo__square	bxt_gmo__uniform	bxt_gmo_full	bxt_gmosa
bxt_gmo__precomputed	1.0	0.13461773212139422	0.13461773212139422	0.04160563151041667	0.043487548828125	9.1552734375e-05
bxt_gmo__softmax	0.13461773212139422	1.0	0.4637451171875	0.1704188755580357	0.00019618443080357144	9.1552734375e-05
bxt_gmo__square	0.13461773212139422	0.4637451171875	1.0	0.13461773212139422	9.1552734375e-05	9.1552734375e-05
bxt_gmo__uniform	0.04160563151041667	0.1704188755580357	0.13461773212139422	1.0	0.00080108642578125	9.1552734375e-05
bxt_gmo_full	0.043487548828125	0.00019618443080357144	9.1552734375e-05	0.00080108642578125	1.0	0.00019618443080357144
bxt_gmosa	9.1552734375e-05	9.1552734375e-05	9.1552734375e-05	9.1552734375e-05	0.00019618443080357144	1.0
