	bxt_gmo__precomputed	bxt_gmo__softmax	bxt_gmo__square	bxt_gmo__uniform	bxt_gmo_full	bxt_gmosa
bxt_gmo__precomputed	1.0	0.017852783203125	0.0312042236328125	5.7220458984375e-05	5.7220458984375e-05	0.003204345703125
bxt_gmo__softmax	0.017852783203125	1.0	0.34554617745535715	5.7220458984375e-05	5.7220458984375e-05	0.06655179537259615
bxt_gmo__square	0.0312042236328125	0.34554617745535715	1.0	5.7220458984375e-05	5.7220458984375e-05	0.668548583984375
bxt_gmo__uniform	5.7220458984375e-05	5.7220458984375e-05	5.7220458984375e-05	1.0	0.00010172526041666667	5.7220458984375e-05
bxt_gmo_full	5.7220458984375e-05	5.7220458984375e-05	5.7220458984375e-05	0.00010172526041666667	1.0	5.7220458984375e-05
bxt_gmosa	0.003204345703125	0.06655179537259615	0.668548583984375	5.7220458984375e-05	5.7220458984375e-05	1.0
