	bxt_gmo__precomputed	bxt_gmo__softmax	bxt_gmo__square	bxt_gmo__uniform	bxt_gmo_full	bxt_gmosa
bxt_gmo__precomputed	1.0	0.06646728515625	0.14583587646484375	5.0862630208333336e-05	5.0862630208333336e-05	0.14583587646484375
bxt_gmo__softmax	0.06646728515625	1.0	0.979949951171875	5.0862630208333336e-05	5.0862630208333336e-05	0.8795275006975446
bxt_gmo__square	0.14583587646484375	0.979949951171875	1.0	5.0862630208333336e-05	5.0862630208333336e-05	0.8795275006975446
bxt_gmo__uniform	5.0862630208333336e-05	5.0862630208333336e-05	5.0862630208333336e-05	1.0	5.0862630208333336e-05	5.0862630208333336e-05
bxt_gmo_full	5.0862630208333336e-05	5.0862630208333336e-05	5.0862630208333336e-05	5.0862630208333336e-05	1.0	5.0862630208333336e-05
bxt_gmosa	0.14583587646484375	0.8795275006975446	0.8795275006975446	5.0862630208333336e-05	5.0862630208333336e-05	1.0
