	bxt_gmo__precomputed	bxt_gmo__softmax	bxt_gmo__square	bxt_gmo__uniform	bxt_gmo_full	bxt_gmosa
bxt_gmo__precomputed	1.0	0.348388671875	0.0038733849158653845	3.814697265625e-05	3.814697265625e-05	3.814697265625e-05
bxt_gmo__softmax	0.348388671875	1.0	0.006735665457589286	3.814697265625e-05	3.814697265625e-05	3.814697265625e-05
bxt_gmo__square	0.0038733849158653845	0.006735665457589286	1.0	3.814697265625e-05	3.814697265625e-05	3.814697265625e-05
bxt_gmo__uniform	3.814697265625e-05	3.814697265625e-05	3.814697265625e-05	1.0	3.814697265625e-05	3.814697265625e-05
bxt_gmo_full	3.814697265625e-05	3.814697265625e-05	3.814697265625e-05	3.814697265625e-05	1.0	3.814697265625e-05
bxt_gmosa	3.814697265625e-05	3.814697265625e-05	3.814697265625e-05	3.814697265625e-05	3.814697265625e-05	1.0
