	bxt_gmo__precomputed	bxt_gmo__softmax	bxt_gmo__square	bxt_gmo__uniform	bxt_gmo_full	bxt_gmosa
bxt_gmo__precomputed	1.0	0.0320892333984375	0.010477701822916668	0.12742476029829547	0.00400543212890625	0.0019073486328125
bxt_gmo__softmax	0.0320892333984375	1.0	0.781951904296875	0.0002288818359375	0.000457763671875	0.6392015729631696
bxt_gmo__square	0.010477701822916668	0.781951904296875	1.0	0.000152587890625	0.000152587890625	0.6392015729631696
bxt_gmo__uniform	0.12742476029829547	0.0002288818359375	0.000152587890625	1.0	0.14583587646484375	0.0021580287388392855
bxt_gmo_full	0.00400543212890625	0.000457763671875	0.000152587890625	0.14583587646484375	1.0	0.000152587890625
bxt_gmosa	0.0019073486328125	0.6392015729631696	0.6392015729631696	0.0021580287388392855	0.000152587890625	1.0
