	bxt_gmo__precomputed	bxt_gmo__softmax	bxt_gmo__square	bxt_gmo__uniform	bxt_gmo_full	bxt_gmosa
bxt_gmo__precomputed	1.0	0.375457763671875	0.028803898737980768	3.814697265625e-05	3.814697265625e-05	3.814697265625e-05
bxt_gmo__softmax	0.375457763671875	1.0	0.079193115234375	3.814697265625e-05	3.814697265625e-05	3.814697265625e-05
bxt_gmo__square	0.028803898737980768	0.079193115234375	1.0	3.814697265625e-05	3.814697265625e-05	3.814697265625e-05
bxt_gmo__uniform	3.814697265625e-05	3.814697265625e-05	3.814697265625e-05	1.0	3.814697265625e-05	3.814697265625e-05
bxt_gmo_full	3.814697265625e-05	3.814697265625e-05	3.814697265625e-05	3.814697265625e-05	1.0	3.814697265625e-05
bxt_gmosa	3.814697265625e-05	3.814697265625e-05	3.814697265625e-05	3.814697265625e-05	3.814697265625e-05	1.0
