	bxt_gmo__precomputed	bxt_gmo__softmax	bxt_gmo__square	bxt_gmo__uniform	bxt_gmo_full	bxt_gmosa
bxt_gmo__precomputed	1.0	0.322509765625	0.08174896240234375	5.0862630208333336e-05	5.0862630208333336e-05	0.0015106201171875
bxt_gmo__softmax	0.322509765625	1.0	0.22652762276785715	5.0862630208333336e-05	5.0862630208333336e-05	0.06908069957386365
bxt_gmo__square	0.08174896240234375	0.22652762276785715	1.0	5.0862630208333336e-05	5.0862630208333336e-05	0.22247314453125
bxt_gmo__uniform	5.0862630208333336e-05	5.0862630208333336e-05	5.0862630208333336e-05	1.0	5.0862630208333336e-05	5.0862630208333336e-05
bxt_gmo_full	5.0862630208333336e-05	5.0862630208333336e-05	5.0862630208333336e-05	5.0862630208333336e-05	1.0	5.0862630208333336e-05
bxt_gmosa	0.0015106201171875	0.06908069957386365	0.22247314453125	5.0862630208333336e-05	5.0862630208333336e-05	1.0
