	bxt_gmo__precomputed	bxt_gmo__softmax	bxt_gmo__square	bxt_gmo__uniform	bxt_gmo_full	bxt_gmosa
bxt_gmo__precomputed	1.0	0.045623779296875	0.10855538504464285	0.528167724609375	9.1552734375e-05	0.10899861653645834
bxt_gmo__softmax	0.045623779296875	1.0	0.528167724609375	0.528167724609375	9.1552734375e-05	0.528167724609375
bxt_gmo__square	0.10855538504464285	0.528167724609375	1.0	0.10899861653645834	9.1552734375e-05	0.528167724609375
bxt_gmo__uniform	0.528167724609375	0.528167724609375	0.10899861653645834	1.0	9.1552734375e-05	0.528167724609375
bxt_gmo_full	9.1552734375e-05	9.1552734375e-05	9.1552734375e-05	9.1552734375e-05	1.0	9.1552734375e-05
bxt_gmosa	0.10899861653645834	0.528167724609375	0.528167724609375	0.528167724609375	9.1552734375e-05	1.0
