	bxt_gmo__precomputed	bxt_gmo__softmax	bxt_gmo__square	bxt_gmo__uniform	bxt_gmo_full	bxt_gmosa
bxt_gmo__precomputed	1.0	7.62939453125e-05	7.62939453125e-05	0.0362396240234375	0.00013078962053571428	0.061798095703125
bxt_gmo__softmax	7.62939453125e-05	1.0	0.04457913912259615	0.00080108642578125	7.62939453125e-05	0.004475911458333334
bxt_gmo__square	7.62939453125e-05	0.04457913912259615	1.0	0.0062713623046875	7.62939453125e-05	0.034040971235795456
bxt_gmo__uniform	0.0362396240234375	0.00080108642578125	0.0062713623046875	1.0	7.62939453125e-05	0.632171630859375
bxt_gmo_full	0.00013078962053571428	7.62939453125e-05	7.62939453125e-05	7.62939453125e-05	1.0	7.62939453125e-05
bxt_gmosa	0.061798095703125	0.004475911458333334	0.034040971235795456	0.632171630859375	7.62939453125e-05	1.0
