	bxt_gmo__precomputed	bxt_gmo__softmax	bxt_gmo__square	bxt_gmo__uniform	bxt_gmo_full	bxt_gmosa
bxt_gmo__precomputed	1.0	0.000286102294921875	0.0035603841145833335	0.37327357700892855	9.1552734375e-05	0.18352801983173075
bxt_gmo__softmax	0.000286102294921875	1.0	0.820892333984375	0.000286102294921875	9.1552734375e-05	0.1590936834161932
bxt_gmo__square	0.0035603841145833335	0.820892333984375	1.0	9.1552734375e-05	9.1552734375e-05	0.110870361328125
bxt_gmo__uniform	0.37327357700892855	0.000286102294921875	9.1552734375e-05	1.0	0.000152587890625	0.18352801983173075
bxt_gmo_full	9.1552734375e-05	9.1552734375e-05	9.1552734375e-05	0.000152587890625	1.0	9.1552734375e-05
bxt_gmosa	0.18352801983173075	0.1590936834161932	0.110870361328125	0.18352801983173075	9.1552734375e-05	1.0
