	bxt_gmo__precomputed	bxt_gmo__softmax	bxt_gmo__square	bxt_gmo__uniform	bxt_gmo_full	bxt_gmosa
bxt_gmo__precomputed	1.0	0.1703772179557499	0.012526078657670456	0.668548583984375	5.0862630208333336e-05	5.0862630208333336e-05
bxt_gmo__softmax	0.1703772179557499	1.0	0.000640869140625	0.37327357700892855	5.0862630208333336e-05	5.0862630208333336e-05
bxt_gmo__square	0.012526078657670456	0.000640869140625	1.0	0.0312042236328125	5.0862630208333336e-05	5.0862630208333336e-05
bxt_gmo__uniform	0.668548583984375	0.37327357700892855	0.0312042236328125	1.0	5.0862630208333336e-05	5.0862630208333336e-05
bxt_gmo_full	5.0862630208333336e-05	5.0862630208333336e-05	5.0862630208333336e-05	5.0862630208333336e-05	1.0	5.0862630208333336e-05
bxt_gmosa	5.0862630208333336e-05	5.0862630208333336e-05	5.0862630208333336e-05	5.0862630208333336e-05	5.0862630208333336e-05	1.0
