	brf_gmo	brf_gmo__nrlmf	brf_gso__nrlmf	brf_lmo	bxt_gmo	bxt_gmo__nrlmf	bxt_gmosa__nrlmf	bxt_gso__nrlmf
brf_gmo	1.0	0.17193282277960525	0.0016432542067307692	0.45707901664402173	0.10173204210069443	0.20140380859374998	0.00042724609375	0.005013020833333334
brf_gmo__nrlmf	0.17193282277960525	1.0	0.00042724609375	0.62931640625	0.08343864889705883	0.3363037109375	0.00042724609375	0.00262451171875
brf_gso__nrlmf	0.0016432542067307692	0.00042724609375	1.0	0.0009969075520833335	0.00042724609375	0.00042724609375	0.7600050706129807	0.979949951171875
brf_lmo	0.45707901664402173	0.62931640625	0.0009969075520833335	1.0	0.0436859130859375	0.471038818359375	0.0005340576171875	0.0005981445312499999
bxt_gmo	0.10173204210069443	0.08343864889705883	0.00042724609375	0.0436859130859375	1.0	0.44340376420454547	0.00042724609375	0.0005981445312499999
bxt_gmo__nrlmf	0.20140380859374998	0.3363037109375	0.00042724609375	0.471038818359375	0.44340376420454547	1.0	0.0005340576171875	0.0007768110795454546
bxt_gmosa__nrlmf	0.00042724609375	0.00042724609375	0.7600050706129807	0.0005340576171875	0.00042724609375	0.0005340576171875	1.0	0.979949951171875
bxt_gso__nrlmf	0.005013020833333334	0.00262451171875	0.979949951171875	0.0005981445312499999	0.0005981445312499999	0.0007768110795454546	0.979949951171875	1.0
