	brf_gmo	brf_gmo__nrlmf	brf_gso__nrlmf	brf_lmo	bxt_gmo	bxt_gmo__nrlmf	bxt_gmosa__nrlmf	bxt_gso__nrlmf
brf_gmo	1.0	0.12019856770833333	0.07120768229166667	0.8138852326766305	0.9193994140624999	0.07120768229166667	0.20695800781249998	0.1173858642578125
brf_gmo__nrlmf	0.12019856770833333	1.0	1.0	0.4228515625	0.08516438802083334	0.46332465277777773	0.8045820756392046	0.926433856670673
brf_gso__nrlmf	0.07120768229166667	1.0	1.0	0.2119140625	0.076904296875	0.46332465277777773	0.8674875895182292	0.9332637080439815
brf_lmo	0.8138852326766305	0.4228515625	0.2119140625	1.0	0.7954508463541666	0.1173858642578125	0.606475830078125	0.30985201322115385
bxt_gmo	0.9193994140624999	0.08516438802083334	0.076904296875	0.7954508463541666	1.0	0.0213623046875	0.30985201322115385	0.08516438802083334
bxt_gmo__nrlmf	0.07120768229166667	0.46332465277777773	0.46332465277777773	0.1173858642578125	0.0213623046875	1.0	0.44139862060546875	0.513414884868421
bxt_gmosa__nrlmf	0.20695800781249998	0.8045820756392046	0.8674875895182292	0.606475830078125	0.30985201322115385	0.44139862060546875	1.0	0.44139862060546875
bxt_gso__nrlmf	0.1173858642578125	0.926433856670673	0.9332637080439815	0.30985201322115385	0.08516438802083334	0.513414884868421	0.44139862060546875	1.0
