	brf_gmo	brf_gmo__nrlmf	brf_gso__nrlmf	brf_lmo	bxt_gmo	bxt_gmo__nrlmf	bxt_gmosa__nrlmf	bxt_gso__nrlmf
brf_gmo	1.0	0.10347900390624999	0.015129538143382354	0.6186839916087963	0.4851806640625	0.19363536005434784	0.0001220703125	0.00152587890625
brf_gmo__nrlmf	0.10347900390624999	1.0	0.3762613932291667	0.18309437144886365	0.5687960111177884	0.11100260416666667	0.0001220703125	0.0004747178819444444
brf_gso__nrlmf	0.015129538143382354	0.3762613932291667	1.0	0.00152587890625	0.03883192274305555	0.0009969075520833335	0.0001220703125	0.0001220703125
brf_lmo	0.6186839916087963	0.18309437144886365	0.00152587890625	1.0	0.06530119243421052	0.781951904296875	0.000213623046875	0.0008544921875
bxt_gmo	0.4851806640625	0.5687960111177884	0.03883192274305555	0.06530119243421052	1.0	0.0133514404296875	0.0001220703125	0.0001220703125
bxt_gmo__nrlmf	0.19363536005434784	0.11100260416666667	0.0009969075520833335	0.781951904296875	0.0133514404296875	1.0	0.0001220703125	0.0024495442708333333
bxt_gmosa__nrlmf	0.0001220703125	0.0001220703125	0.0001220703125	0.000213623046875	0.0001220703125	0.0001220703125	1.0	0.0009969075520833335
bxt_gso__nrlmf	0.00152587890625	0.0004747178819444444	0.0001220703125	0.0008544921875	0.0001220703125	0.0024495442708333333	0.0009969075520833335	1.0
