	brf_gmo	brf_gmo__nrlmf	brf_gso__nrlmf	brf_lmo	bxt_gmo	bxt_gmo__nrlmf	bxt_gmosa__nrlmf	bxt_gso__nrlmf
brf_gmo	1.0	0.0507354736328125	0.04659830729166667	0.820892333984375	0.10892526726973684	0.017801920572916668	0.05524040670955883	0.00751953125
brf_gmo__nrlmf	0.0507354736328125	1.0	0.0009969075520833335	0.23380533854166666	0.6424795297475961	0.20140380859374998	0.004082573784722222	0.0002848307291666667
brf_gso__nrlmf	0.04659830729166667	0.0009969075520833335	1.0	0.0364990234375	0.0002848307291666667	0.001495361328125	0.6933096426504629	0.26908735795454547
brf_lmo	0.820892333984375	0.23380533854166666	0.0364990234375	1.0	0.34749348958333337	0.3070599099864131	0.0897216796875	0.016002308238636364
bxt_gmo	0.10892526726973684	0.6424795297475961	0.0002848307291666667	0.34749348958333337	1.0	0.5548730468749999	0.001220703125	0.0002848307291666667
bxt_gmo__nrlmf	0.017801920572916668	0.20140380859374998	0.001495361328125	0.3070599099864131	0.5548730468749999	1.0	0.000640869140625	0.0008544921875
bxt_gmosa__nrlmf	0.05524040670955883	0.004082573784722222	0.6933096426504629	0.0897216796875	0.001220703125	0.000640869140625	1.0	0.0281982421875
bxt_gso__nrlmf	0.00751953125	0.0002848307291666667	0.26908735795454547	0.016002308238636364	0.0002848307291666667	0.0008544921875	0.0281982421875	1.0
