	brf_gmo	brf_gmosa	brf_gso	brf_lmo	brf_lso	brf_sgso_us
brf_gmo	1.0	3.0517578125e-05	3.0517578125e-05	3.0517578125e-05	3.0517578125e-05	3.0517578125e-05
brf_gmosa	3.0517578125e-05	1.0	3.0517578125e-05	3.0517578125e-05	3.0517578125e-05	3.0517578125e-05
brf_gso	3.0517578125e-05	3.0517578125e-05	1.0	3.0517578125e-05	3.0517578125e-05	3.0517578125e-05
brf_lmo	3.0517578125e-05	3.0517578125e-05	3.0517578125e-05	1.0	3.0517578125e-05	3.0517578125e-05
brf_lso	3.0517578125e-05	3.0517578125e-05	3.0517578125e-05	3.0517578125e-05	1.0	3.0517578125e-05
brf_sgso_us	3.0517578125e-05	3.0517578125e-05	3.0517578125e-05	3.0517578125e-05	3.0517578125e-05	1.0
