	brf_gmo	brf_gmosa	brf_gso	brf_lmo	brf_lso	brf_sgso_us
brf_gmo	1.0	4.161487926136364e-05	0.0003814697265625	4.161487926136364e-05	4.161487926136364e-05	4.161487926136364e-05
brf_gmosa	4.161487926136364e-05	1.0	4.161487926136364e-05	0.31912667410714285	0.743560791015625	4.161487926136364e-05
brf_gso	0.0003814697265625	4.161487926136364e-05	1.0	4.161487926136364e-05	4.161487926136364e-05	4.161487926136364e-05
brf_lmo	4.161487926136364e-05	0.31912667410714285	4.161487926136364e-05	1.0	0.0019366924579326923	4.161487926136364e-05
brf_lso	4.161487926136364e-05	0.743560791015625	4.161487926136364e-05	0.0019366924579326923	1.0	4.161487926136364e-05
brf_sgso_us	4.161487926136364e-05	4.161487926136364e-05	4.161487926136364e-05	4.161487926136364e-05	4.161487926136364e-05	1.0
