	brf_gmo	brf_gmosa	brf_gso	brf_lmo	brf_lso	brf_sgso_us
brf_gmo	1.0	0.632171630859375	0.01148223876953125	5.7220458984375e-05	0.00857266512784091	5.7220458984375e-05
brf_gmosa	0.632171630859375	1.0	0.0040283203125	5.7220458984375e-05	0.017887995793269232	5.7220458984375e-05
brf_gso	0.01148223876953125	0.0040283203125	1.0	5.7220458984375e-05	0.632171630859375	0.00010172526041666667
brf_lmo	5.7220458984375e-05	5.7220458984375e-05	5.7220458984375e-05	1.0	5.7220458984375e-05	5.7220458984375e-05
brf_lso	0.00857266512784091	0.017887995793269232	0.632171630859375	5.7220458984375e-05	1.0	5.7220458984375e-05
brf_sgso_us	5.7220458984375e-05	5.7220458984375e-05	0.00010172526041666667	5.7220458984375e-05	5.7220458984375e-05	1.0
