	brf_gmo	brf_gmosa	brf_gso	brf_lmo	brf_lso	brf_sgso_us
brf_gmo	1.0	5.7220458984375e-05	0.528167724609375	0.00072479248046875	5.7220458984375e-05	5.7220458984375e-05
brf_gmosa	5.7220458984375e-05	1.0	5.7220458984375e-05	0.000582608309659091	0.31912667410714285	5.7220458984375e-05
brf_gso	0.528167724609375	5.7220458984375e-05	1.0	0.0024648813100961535	9.1552734375e-05	5.7220458984375e-05
brf_lmo	0.00072479248046875	0.000582608309659091	0.0024648813100961535	1.0	9.1552734375e-05	5.7220458984375e-05
brf_lso	5.7220458984375e-05	0.31912667410714285	9.1552734375e-05	9.1552734375e-05	1.0	5.7220458984375e-05
brf_sgso_us	5.7220458984375e-05	5.7220458984375e-05	5.7220458984375e-05	5.7220458984375e-05	5.7220458984375e-05	1.0
