	brf_gmosa	brf_gso	brf_gso__nrlmf	brf_lmo	brf_lmo__nrlmf	brf_lso
brf_gmosa	1.0	3.814697265625e-05	0.038698636568509616	3.814697265625e-05	0.860260009765625	3.814697265625e-05
brf_gso	3.814697265625e-05	1.0	3.814697265625e-05	3.814697265625e-05	3.814697265625e-05	3.814697265625e-05
brf_gso__nrlmf	0.038698636568509616	3.814697265625e-05	1.0	3.814697265625e-05	0.432586669921875	3.814697265625e-05
brf_lmo	3.814697265625e-05	3.814697265625e-05	3.814697265625e-05	1.0	3.814697265625e-05	3.814697265625e-05
brf_lmo__nrlmf	0.860260009765625	3.814697265625e-05	0.432586669921875	3.814697265625e-05	1.0	3.814697265625e-05
brf_lso	3.814697265625e-05	3.814697265625e-05	3.814697265625e-05	3.814697265625e-05	3.814697265625e-05	1.0
