	brf_gmosa	brf_gso	brf_gso__nrlmf	brf_lmo	brf_lmo__nrlmf	brf_lso
brf_gmosa	1.0	4.57763671875e-05	4.57763671875e-05	0.0002080743963068182	4.57763671875e-05	0.979949951171875
brf_gso	4.57763671875e-05	1.0	4.57763671875e-05	4.57763671875e-05	4.57763671875e-05	0.00335693359375
brf_gso__nrlmf	4.57763671875e-05	4.57763671875e-05	1.0	4.57763671875e-05	0.028803898737980768	4.57763671875e-05
brf_lmo	0.0002080743963068182	4.57763671875e-05	4.57763671875e-05	1.0	4.57763671875e-05	0.6773267473493303
brf_lmo__nrlmf	4.57763671875e-05	4.57763671875e-05	0.028803898737980768	4.57763671875e-05	1.0	4.57763671875e-05
brf_lso	0.979949951171875	0.00335693359375	4.57763671875e-05	0.6773267473493303	4.57763671875e-05	1.0
