	brf_gmosa	brf_gso	brf_gso__nrlmf	brf_lmo	brf_lmo__nrlmf	brf_lso
brf_gmosa	1.0	3.814697265625e-05	3.814697265625e-05	0.0019366924579326923	3.814697265625e-05	0.49686976841517855
brf_gso	3.814697265625e-05	1.0	3.814697265625e-05	3.814697265625e-05	3.814697265625e-05	3.814697265625e-05
brf_gso__nrlmf	3.814697265625e-05	3.814697265625e-05	1.0	3.814697265625e-05	3.814697265625e-05	3.814697265625e-05
brf_lmo	0.0019366924579326923	3.814697265625e-05	3.814697265625e-05	1.0	3.814697265625e-05	0.705718994140625
brf_lmo__nrlmf	3.814697265625e-05	3.814697265625e-05	3.814697265625e-05	3.814697265625e-05	1.0	3.814697265625e-05
brf_lso	0.49686976841517855	3.814697265625e-05	3.814697265625e-05	0.705718994140625	3.814697265625e-05	1.0
