	brf_gmosa	brf_gso	brf_gso__nrlmf	brf_lmo	brf_lmo__nrlmf	brf_lso
brf_gmosa	1.0	0.00011444091796875	4.161487926136364e-05	4.161487926136364e-05	4.161487926136364e-05	0.860260009765625
brf_gso	0.00011444091796875	1.0	4.161487926136364e-05	0.860260009765625	4.161487926136364e-05	4.161487926136364e-05
brf_gso__nrlmf	4.161487926136364e-05	4.161487926136364e-05	1.0	4.161487926136364e-05	0.6094242976262019	4.161487926136364e-05
brf_lmo	4.161487926136364e-05	0.860260009765625	4.161487926136364e-05	1.0	4.161487926136364e-05	4.161487926136364e-05
brf_lmo__nrlmf	4.161487926136364e-05	4.161487926136364e-05	0.6094242976262019	4.161487926136364e-05	1.0	4.161487926136364e-05
brf_lso	0.860260009765625	4.161487926136364e-05	4.161487926136364e-05	4.161487926136364e-05	4.161487926136364e-05	1.0
