	brf_gmosa	brf_gso	brf_gso__nrlmf	brf_lmo	brf_lmo__nrlmf	brf_lso
brf_gmosa	1.0	0.012676532451923076	5.7220458984375e-05	0.000457763671875	5.7220458984375e-05	0.46413966587611605
brf_gso	0.012676532451923076	1.0	5.7220458984375e-05	0.0026702880859375	5.7220458984375e-05	5.7220458984375e-05
brf_gso__nrlmf	5.7220458984375e-05	5.7220458984375e-05	1.0	0.001373291015625	0.860260009765625	5.7220458984375e-05
brf_lmo	0.000457763671875	0.0026702880859375	0.001373291015625	1.0	0.00035603841145833337	5.7220458984375e-05
brf_lmo__nrlmf	5.7220458984375e-05	5.7220458984375e-05	0.860260009765625	0.00035603841145833337	1.0	5.7220458984375e-05
brf_lso	0.46413966587611605	5.7220458984375e-05	5.7220458984375e-05	5.7220458984375e-05	5.7220458984375e-05	1.0
