	brf_gmosa	brf_gso	brf_gso__nrlmf	brf_lmo	brf_lmo__nrlmf	brf_lso
brf_gmosa	1.0	0.000640869140625	5.0862630208333336e-05	5.0862630208333336e-05	5.0862630208333336e-05	0.024684025691105768
brf_gso	0.000640869140625	1.0	5.0862630208333336e-05	0.11205400739397321	5.0862630208333336e-05	0.0026702880859375
brf_gso__nrlmf	5.0862630208333336e-05	5.0862630208333336e-05	1.0	5.0862630208333336e-05	0.433197021484375	5.0862630208333336e-05
brf_lmo	5.0862630208333336e-05	0.11205400739397321	5.0862630208333336e-05	1.0	5.0862630208333336e-05	0.001373291015625
brf_lmo__nrlmf	5.0862630208333336e-05	5.0862630208333336e-05	0.433197021484375	5.0862630208333336e-05	1.0	5.0862630208333336e-05
brf_lso	0.024684025691105768	0.0026702880859375	5.0862630208333336e-05	0.001373291015625	5.0862630208333336e-05	1.0
