	brf_gmo	brf_gmo__nrlmf	brf_gmosa	brf_gmosa__nrlmf	brf_gso	brf_gso__nrlmf	brf_lmo	brf_lmo__nrlmf
brf_gmo	1.0	5.340576171875e-05	5.340576171875e-05	0.00015079273897058824	5.340576171875e-05	0.5687960111177884	5.340576171875e-05	0.7318567346643519
brf_gmo__nrlmf	5.340576171875e-05	1.0	5.340576171875e-05	5.340576171875e-05	5.340576171875e-05	5.340576171875e-05	5.340576171875e-05	5.340576171875e-05
brf_gmosa	5.340576171875e-05	5.340576171875e-05	1.0	5.340576171875e-05	0.0128173828125	5.340576171875e-05	0.00042724609375	5.340576171875e-05
brf_gmosa__nrlmf	0.00015079273897058824	5.340576171875e-05	5.340576171875e-05	1.0	0.0007731119791666666	0.00031481291118421053	0.032470703125	5.340576171875e-05
brf_gso	5.340576171875e-05	5.340576171875e-05	0.0128173828125	0.0007731119791666666	1.0	5.340576171875e-05	0.0026006283967391305	5.340576171875e-05
brf_gso__nrlmf	0.5687960111177884	5.340576171875e-05	5.340576171875e-05	0.00031481291118421053	5.340576171875e-05	1.0	0.00128173828125	0.860260009765625
brf_lmo	5.340576171875e-05	5.340576171875e-05	0.00042724609375	0.032470703125	0.0026006283967391305	0.00128173828125	1.0	0.00031481291118421053
brf_lmo__nrlmf	0.7318567346643519	5.340576171875e-05	5.340576171875e-05	5.340576171875e-05	5.340576171875e-05	0.860260009765625	0.00031481291118421053	1.0
