	brf_gmosa	brf_gso	brf_gso__nrlmf	brf_lmo	brf_lmo__nrlmf	brf_lso
brf_gmosa	1.0	3.814697265625e-05	3.814697265625e-05	3.814697265625e-05	3.814697265625e-05	0.12500217982700892
brf_gso	3.814697265625e-05	1.0	3.814697265625e-05	0.596588134765625	3.814697265625e-05	3.814697265625e-05
brf_gso__nrlmf	3.814697265625e-05	3.814697265625e-05	1.0	3.814697265625e-05	0.024684025691105768	3.814697265625e-05
brf_lmo	3.814697265625e-05	0.596588134765625	3.814697265625e-05	1.0	3.814697265625e-05	3.814697265625e-05
brf_lmo__nrlmf	3.814697265625e-05	3.814697265625e-05	0.024684025691105768	3.814697265625e-05	1.0	3.814697265625e-05
brf_lso	0.12500217982700892	3.814697265625e-05	3.814697265625e-05	3.814697265625e-05	3.814697265625e-05	1.0
