	brf_gmo	brf_gmo__nrlmf	brf_gmosa	brf_gmosa__nrlmf	brf_gso	brf_gso__nrlmf	brf_lmo	brf_lmo__nrlmf
brf_gmo	1.0	5.6966145833333334e-05	5.6966145833333334e-05	5.6966145833333334e-05	5.6966145833333334e-05	5.6966145833333334e-05	5.6966145833333334e-05	5.6966145833333334e-05
brf_gmo__nrlmf	5.6966145833333334e-05	1.0	5.6966145833333334e-05	5.6966145833333334e-05	5.6966145833333334e-05	0.03382364908854167	0.00014241536458333332	0.632171630859375
brf_gmosa	5.6966145833333334e-05	5.6966145833333334e-05	1.0	5.6966145833333334e-05	0.04160719651442307	5.6966145833333334e-05	0.037563476562499996	0.00010052849264705883
brf_gmosa__nrlmf	5.6966145833333334e-05	5.6966145833333334e-05	5.6966145833333334e-05	1.0	0.00010052849264705883	0.00128173828125	0.00022486636513157894	0.00508980129076087
brf_gso	5.6966145833333334e-05	5.6966145833333334e-05	0.04160719651442307	0.00010052849264705883	1.0	5.6966145833333334e-05	0.0007731119791666666	5.6966145833333334e-05
brf_gso__nrlmf	5.6966145833333334e-05	0.03382364908854167	5.6966145833333334e-05	0.00128173828125	5.6966145833333334e-05	1.0	5.6966145833333334e-05	0.199951171875
brf_lmo	5.6966145833333334e-05	0.00014241536458333332	0.037563476562499996	0.00022486636513157894	0.0007731119791666666	5.6966145833333334e-05	1.0	0.00042724609375
brf_lmo__nrlmf	5.6966145833333334e-05	0.632171630859375	0.00010052849264705883	0.00508980129076087	5.6966145833333334e-05	0.199951171875	0.00042724609375	1.0
