	brf_gmosa	brf_gso	brf_gso__nrlmf	brf_lmo	brf_lmo__nrlmf	brf_lso
brf_gmosa	1.0	0.0503082275390625	0.0016021728515625	0.743560791015625	0.017223358154296875	0.09605994591346154
brf_gso	0.0503082275390625	1.0	0.003021240234375	0.04160563151041667	0.15413556780133927	0.000457763671875
brf_gso__nrlmf	0.0016021728515625	0.003021240234375	1.0	0.0016021728515625	0.09605994591346154	0.0016021728515625
brf_lmo	0.743560791015625	0.04160563151041667	0.0016021728515625	1.0	0.011051722935267856	0.06908069957386365
brf_lmo__nrlmf	0.017223358154296875	0.15413556780133927	0.09605994591346154	0.011051722935267856	1.0	0.011051722935267856
brf_lso	0.09605994591346154	0.000457763671875	0.0016021728515625	0.06908069957386365	0.011051722935267856	1.0
