	brf_gmo	brf_gmo__nrlmf	brf_gmosa	brf_gmosa__nrlmf	brf_gso	brf_gso__nrlmf	brf_lmo	brf_lmo__nrlmf
brf_gmo	1.0	0.0016701438210227273	4.497327302631579e-05	4.497327302631579e-05	4.497327302631579e-05	4.497327302631579e-05	4.497327302631579e-05	4.497327302631579e-05
brf_gmo__nrlmf	0.0016701438210227273	1.0	4.497327302631579e-05	4.497327302631579e-05	4.497327302631579e-05	4.497327302631579e-05	4.497327302631579e-05	4.497327302631579e-05
brf_gmosa	4.497327302631579e-05	4.497327302631579e-05	1.0	4.497327302631579e-05	0.00020345052083333334	4.497327302631579e-05	4.497327302631579e-05	4.497327302631579e-05
brf_gmosa__nrlmf	4.497327302631579e-05	4.497327302631579e-05	4.497327302631579e-05	1.0	0.0024922688802083335	8.544921875e-05	0.14918800636574073	0.0102880859375
brf_gso	4.497327302631579e-05	4.497327302631579e-05	0.00020345052083333334	0.0024922688802083335	1.0	4.497327302631579e-05	0.0024922688802083335	0.01409912109375
brf_gso__nrlmf	4.497327302631579e-05	4.497327302631579e-05	4.497327302631579e-05	8.544921875e-05	4.497327302631579e-05	1.0	4.497327302631579e-05	4.497327302631579e-05
brf_lmo	4.497327302631579e-05	4.497327302631579e-05	4.497327302631579e-05	0.14918800636574073	0.0024922688802083335	4.497327302631579e-05	1.0	0.820892333984375
brf_lmo__nrlmf	4.497327302631579e-05	4.497327302631579e-05	4.497327302631579e-05	0.0102880859375	0.01409912109375	4.497327302631579e-05	0.820892333984375	1.0
