	brf_gmosa	brf_gso	brf_gso__nrlmf	brf_lmo	brf_lmo__nrlmf	brf_lso
brf_gmosa	1.0	0.0021870930989583335	0.00128173828125	0.2065822056361607	0.16599214993990383	0.0014495849609375
brf_gso	0.0021870930989583335	1.0	0.0923919677734375	0.011444091796875	0.0021870930989583335	0.000457763671875
brf_gso__nrlmf	0.00128173828125	0.0923919677734375	1.0	0.001068115234375	0.024885697798295456	0.00128173828125
brf_lmo	0.2065822056361607	0.011444091796875	0.001068115234375	1.0	0.40374755859375	0.0021870930989583335
brf_lmo__nrlmf	0.16599214993990383	0.0021870930989583335	0.024885697798295456	0.40374755859375	1.0	0.001068115234375
brf_lso	0.0014495849609375	0.000457763671875	0.00128173828125	0.0021870930989583335	0.001068115234375	1.0
