	brf_gmosa	brf_gso	brf_gso__nrlmf	brf_lmo	brf_lmo__nrlmf	brf_lso
brf_gmosa	1.0	0.005157470703125	0.00016348702566964285	3.814697265625e-05	3.814697265625e-05	3.814697265625e-05
brf_gso	0.005157470703125	1.0	7.042518028846153e-05	3.814697265625e-05	3.814697265625e-05	3.814697265625e-05
brf_gso__nrlmf	0.00016348702566964285	7.042518028846153e-05	1.0	3.814697265625e-05	3.814697265625e-05	3.814697265625e-05
brf_lmo	3.814697265625e-05	3.814697265625e-05	3.814697265625e-05	1.0	3.814697265625e-05	3.814697265625e-05
brf_lmo__nrlmf	3.814697265625e-05	3.814697265625e-05	3.814697265625e-05	3.814697265625e-05	1.0	3.814697265625e-05
brf_lso	3.814697265625e-05	3.814697265625e-05	3.814697265625e-05	3.814697265625e-05	3.814697265625e-05	1.0
