	brf_gmo	brf_gmo__nrlmf	brf_gmosa	brf_gmosa__nrlmf	brf_gso	brf_gso__nrlmf	brf_lmo	brf_lmo__nrlmf
brf_gmo	1.0	5.340576171875e-05	5.340576171875e-05	5.340576171875e-05	5.340576171875e-05	5.340576171875e-05	5.340576171875e-05	5.340576171875e-05
brf_gmo__nrlmf	5.340576171875e-05	1.0	5.340576171875e-05	5.340576171875e-05	5.340576171875e-05	5.340576171875e-05	5.340576171875e-05	5.340576171875e-05
brf_gmosa	5.340576171875e-05	5.340576171875e-05	1.0	5.340576171875e-05	0.0015975288722826087	5.340576171875e-05	5.340576171875e-05	0.00031481291118421053
brf_gmosa__nrlmf	5.340576171875e-05	5.340576171875e-05	5.340576171875e-05	1.0	0.0013427734375	0.93988037109375	0.0013427734375	0.418701171875
brf_gso	5.340576171875e-05	5.340576171875e-05	0.0015975288722826087	0.0013427734375	1.0	0.0002513212316176471	0.00031481291118421053	0.0015975288722826087
brf_gso__nrlmf	5.340576171875e-05	5.340576171875e-05	5.340576171875e-05	0.93988037109375	0.0002513212316176471	1.0	0.0046826171875	0.418701171875
brf_lmo	5.340576171875e-05	5.340576171875e-05	5.340576171875e-05	0.0013427734375	0.00031481291118421053	0.0046826171875	1.0	0.0031331380208333335
brf_lmo__nrlmf	5.340576171875e-05	5.340576171875e-05	0.00031481291118421053	0.418701171875	0.0015975288722826087	0.418701171875	0.0031331380208333335	1.0
