	brf_gmosa	brf_gso	brf_gso__nrlmf	brf_lmo	brf_lmo__nrlmf	brf_lso
brf_gmosa	1.0	0.0019683837890625	0.0002288818359375	0.0002288818359375	0.0005340576171875	0.00335693359375
brf_gso	0.0019683837890625	1.0	0.0005340576171875	0.0005340576171875	0.0019683837890625	0.2065822056361607
brf_gso__nrlmf	0.0002288818359375	0.0005340576171875	1.0	0.004824124849759615	0.40374755859375	0.00057220458984375
brf_lmo	0.0002288818359375	0.0005340576171875	0.004824124849759615	1.0	0.00335693359375	0.00030517578125
brf_lmo__nrlmf	0.0005340576171875	0.0019683837890625	0.40374755859375	0.00335693359375	1.0	0.00057220458984375
brf_lso	0.00335693359375	0.2065822056361607	0.00057220458984375	0.00030517578125	0.00057220458984375	1.0
