	brf_gmosa	brf_gso	brf_gso__nrlmf	brf_lmo	brf_lmo__nrlmf	brf_lso
brf_gmosa	1.0	0.00019073486328125	4.161487926136364e-05	4.161487926136364e-05	4.161487926136364e-05	0.008174351283482142
brf_gso	0.00019073486328125	1.0	4.161487926136364e-05	4.161487926136364e-05	4.161487926136364e-05	0.17535400390625
brf_gso__nrlmf	4.161487926136364e-05	4.161487926136364e-05	1.0	0.005950927734375	4.161487926136364e-05	4.161487926136364e-05
brf_lmo	4.161487926136364e-05	4.161487926136364e-05	0.005950927734375	1.0	4.161487926136364e-05	4.161487926136364e-05
brf_lmo__nrlmf	4.161487926136364e-05	4.161487926136364e-05	4.161487926136364e-05	4.161487926136364e-05	1.0	4.161487926136364e-05
brf_lso	0.008174351283482142	0.17535400390625	4.161487926136364e-05	4.161487926136364e-05	4.161487926136364e-05	1.0
