	brf_gmosa	brf_gso	brf_gso__nrlmf	brf_lmo	brf_lmo__nrlmf	brf_lso
brf_gmosa	1.0	6.539481026785714e-05	6.539481026785714e-05	6.539481026785714e-05	6.539481026785714e-05	0.005701238458806819
brf_gso	6.539481026785714e-05	1.0	0.0007120768229166667	0.18787928989955358	0.93988037109375	6.539481026785714e-05
brf_gso__nrlmf	6.539481026785714e-05	0.0007120768229166667	1.0	0.028803898737980768	0.0015106201171875	6.539481026785714e-05
brf_lmo	6.539481026785714e-05	0.18787928989955358	0.028803898737980768	1.0	0.02674102783203125	0.00011444091796875
brf_lmo__nrlmf	6.539481026785714e-05	0.93988037109375	0.0015106201171875	0.02674102783203125	1.0	6.539481026785714e-05
brf_lso	0.005701238458806819	6.539481026785714e-05	6.539481026785714e-05	0.00011444091796875	6.539481026785714e-05	1.0
