	brf_gmo	brf_gmo__nrlmf	brf_gmosa	brf_gmosa__nrlmf	brf_gso	brf_gso__nrlmf	brf_lmo	brf_lmo__nrlmf
brf_gmo	1.0	0.0007379705255681819	5.6966145833333334e-05	0.00022486636513157894	5.6966145833333334e-05	0.44924135561342593	5.6966145833333334e-05	0.0031331380208333335
brf_gmo__nrlmf	0.0007379705255681819	1.0	5.6966145833333334e-05	5.6966145833333334e-05	5.6966145833333334e-05	0.0012260105298913045	5.6966145833333334e-05	5.6966145833333334e-05
brf_gmosa	5.6966145833333334e-05	5.6966145833333334e-05	1.0	5.6966145833333334e-05	5.6966145833333334e-05	5.6966145833333334e-05	5.6966145833333334e-05	5.6966145833333334e-05
brf_gmosa__nrlmf	0.00022486636513157894	5.6966145833333334e-05	5.6966145833333334e-05	1.0	5.6966145833333334e-05	0.0004069010416666667	0.00029907226562499997	0.037563476562499996
brf_gso	5.6966145833333334e-05	5.6966145833333334e-05	5.6966145833333334e-05	5.6966145833333334e-05	1.0	5.6966145833333334e-05	0.22768930288461536	0.00022486636513157894
brf_gso__nrlmf	0.44924135561342593	0.0012260105298913045	5.6966145833333334e-05	0.0004069010416666667	5.6966145833333334e-05	1.0	0.00022486636513157894	0.528167724609375
brf_lmo	5.6966145833333334e-05	5.6966145833333334e-05	5.6966145833333334e-05	0.00029907226562499997	0.22768930288461536	0.00022486636513157894	1.0	0.0001068115234375
brf_lmo__nrlmf	0.0031331380208333335	5.6966145833333334e-05	5.6966145833333334e-05	0.037563476562499996	0.00022486636513157894	0.528167724609375	0.0001068115234375	1.0
