	brf_gmosa	brf_gso	brf_gso__nrlmf	brf_lmo	brf_lmo__nrlmf	brf_lso
brf_gmosa	1.0	0.01636505126953125	5.0862630208333336e-05	0.061798095703125	5.0862630208333336e-05	0.03345196063701923
brf_gso	0.01636505126953125	1.0	5.0862630208333336e-05	0.01040371981534091	5.0862630208333336e-05	5.0862630208333336e-05
brf_gso__nrlmf	5.0862630208333336e-05	5.0862630208333336e-05	1.0	5.0862630208333336e-05	0.632171630859375	5.0862630208333336e-05
brf_lmo	0.061798095703125	0.01040371981534091	5.0862630208333336e-05	1.0	5.0862630208333336e-05	0.0001373291015625
brf_lmo__nrlmf	5.0862630208333336e-05	5.0862630208333336e-05	0.632171630859375	5.0862630208333336e-05	1.0	5.0862630208333336e-05
brf_lso	0.03345196063701923	5.0862630208333336e-05	5.0862630208333336e-05	0.0001373291015625	5.0862630208333336e-05	1.0
