	brf_gmosa	brf_gso	brf_gso__nrlmf	brf_lmo	brf_lmo__nrlmf	brf_lso
brf_gmosa	1.0	7.62939453125e-05	7.62939453125e-05	7.62939453125e-05	7.62939453125e-05	0.017887995793269232
brf_gso	7.62939453125e-05	1.0	7.62939453125e-05	0.22652762276785715	0.0002080743963068182	0.00209808349609375
brf_gso__nrlmf	7.62939453125e-05	7.62939453125e-05	1.0	0.0002080743963068182	0.528167724609375	7.62939453125e-05
brf_lmo	7.62939453125e-05	0.22652762276785715	0.0002080743963068182	1.0	0.00010172526041666667	0.00010172526041666667
brf_lmo__nrlmf	7.62939453125e-05	0.0002080743963068182	0.528167724609375	0.00010172526041666667	1.0	0.00010172526041666667
brf_lso	0.017887995793269232	0.00209808349609375	7.62939453125e-05	0.00010172526041666667	0.00010172526041666667	1.0
