	brf_gmosa	brf_gso	brf_gso__nrlmf	brf_lmo	brf_lmo__nrlmf	brf_lso
brf_gmosa	1.0	5.0862630208333336e-05	5.0862630208333336e-05	5.0862630208333336e-05	9.1552734375e-05	0.00164031982421875
brf_gso	5.0862630208333336e-05	1.0	5.0862630208333336e-05	5.0862630208333336e-05	0.00164031982421875	0.17535400390625
brf_gso__nrlmf	5.0862630208333336e-05	5.0862630208333336e-05	1.0	5.0862630208333336e-05	0.010598989633413462	5.0862630208333336e-05
brf_lmo	5.0862630208333336e-05	5.0862630208333336e-05	5.0862630208333336e-05	1.0	0.026746477399553572	5.0862630208333336e-05
brf_lmo__nrlmf	9.1552734375e-05	0.00164031982421875	0.010598989633413462	0.026746477399553572	1.0	5.0862630208333336e-05
brf_lso	0.00164031982421875	0.17535400390625	5.0862630208333336e-05	5.0862630208333336e-05	5.0862630208333336e-05	1.0
