	brf_gmosa	brf_gso	brf_gso__nrlmf	brf_lmo	brf_lmo__nrlmf	brf_lso
brf_gmosa	1.0	4.161487926136364e-05	0.632171630859375	4.161487926136364e-05	4.161487926136364e-05	0.2667705829326923
brf_gso	4.161487926136364e-05	1.0	7.62939453125e-05	4.161487926136364e-05	4.161487926136364e-05	4.161487926136364e-05
brf_gso__nrlmf	0.632171630859375	7.62939453125e-05	1.0	4.161487926136364e-05	4.161487926136364e-05	0.4022761753627232
brf_lmo	4.161487926136364e-05	4.161487926136364e-05	4.161487926136364e-05	1.0	4.161487926136364e-05	4.161487926136364e-05
brf_lmo__nrlmf	4.161487926136364e-05	4.161487926136364e-05	4.161487926136364e-05	4.161487926136364e-05	1.0	4.161487926136364e-05
brf_lso	0.2667705829326923	4.161487926136364e-05	0.4022761753627232	4.161487926136364e-05	4.161487926136364e-05	1.0
