	brf_gmosa	brf_gso	brf_gso__nrlmf	brf_lmo	brf_lmo__nrlmf	brf_lso
brf_gmosa	1.0	0.00011444091796875	4.161487926136364e-05	4.161487926136364e-05	0.19281005859375	4.161487926136364e-05
brf_gso	0.00011444091796875	1.0	0.0002464881310096154	4.161487926136364e-05	4.161487926136364e-05	4.161487926136364e-05
brf_gso__nrlmf	4.161487926136364e-05	0.0002464881310096154	1.0	4.161487926136364e-05	4.161487926136364e-05	4.161487926136364e-05
brf_lmo	4.161487926136364e-05	4.161487926136364e-05	4.161487926136364e-05	1.0	4.161487926136364e-05	4.161487926136364e-05
brf_lmo__nrlmf	0.19281005859375	4.161487926136364e-05	4.161487926136364e-05	4.161487926136364e-05	1.0	0.004479544503348214
brf_lso	4.161487926136364e-05	4.161487926136364e-05	4.161487926136364e-05	4.161487926136364e-05	0.004479544503348214	1.0
