	brf_gmo	brf_gmo__nrlmf	brf_gmosa	brf_gmosa__nrlmf	brf_gso	brf_gso__nrlmf	brf_lmo	brf_lmo__nrlmf
brf_gmo	1.0	0.3612919560185185	4.0690104166666664e-05	4.0690104166666664e-05	4.0690104166666664e-05	0.036118727463942304	4.0690104166666664e-05	0.93988037109375
brf_gmo__nrlmf	0.3612919560185185	1.0	4.0690104166666664e-05	7.430366847826087e-05	4.0690104166666664e-05	7.430366847826087e-05	4.0690104166666664e-05	0.0057763671875
brf_gmosa	4.0690104166666664e-05	4.0690104166666664e-05	1.0	4.0690104166666664e-05	4.0690104166666664e-05	4.0690104166666664e-05	4.0690104166666664e-05	4.0690104166666664e-05
brf_gmosa__nrlmf	4.0690104166666664e-05	7.430366847826087e-05	4.0690104166666664e-05	1.0	4.0690104166666664e-05	0.0001068115234375	4.0690104166666664e-05	4.0690104166666664e-05
brf_gso	4.0690104166666664e-05	4.0690104166666664e-05	4.0690104166666664e-05	4.0690104166666664e-05	1.0	4.0690104166666664e-05	4.0690104166666664e-05	4.0690104166666664e-05
brf_gso__nrlmf	0.036118727463942304	7.430366847826087e-05	4.0690104166666664e-05	0.0001068115234375	4.0690104166666664e-05	1.0	4.0690104166666664e-05	4.0690104166666664e-05
brf_lmo	4.0690104166666664e-05	4.0690104166666664e-05	4.0690104166666664e-05	4.0690104166666664e-05	4.0690104166666664e-05	4.0690104166666664e-05	1.0	4.0690104166666664e-05
brf_lmo__nrlmf	0.93988037109375	0.0057763671875	4.0690104166666664e-05	4.0690104166666664e-05	4.0690104166666664e-05	4.0690104166666664e-05	4.0690104166666664e-05	1.0
