	brf_gmo	brf_gmo__nrlmf	brf_gmosa	brf_gmosa__nrlmf	brf_gso	brf_gso__nrlmf	brf_lmo	brf_lmo__nrlmf
brf_gmo	1.0	0.31157483552631576	6.573016826923077e-05	6.573016826923077e-05	6.573016826923077e-05	0.00042724609375	6.573016826923077e-05	0.00902557373046875
brf_gmo__nrlmf	0.31157483552631576	1.0	6.573016826923077e-05	0.7080322265625	0.7080322265625	0.7199753981370192	0.02156336167279412	0.69359130859375
brf_gmosa	6.573016826923077e-05	6.573016826923077e-05	1.0	6.573016826923077e-05	6.573016826923077e-05	6.573016826923077e-05	6.573016826923077e-05	6.573016826923077e-05
brf_gmosa__nrlmf	6.573016826923077e-05	0.7080322265625	6.573016826923077e-05	1.0	0.27277289496527773	0.7080322265625	6.573016826923077e-05	0.7080322265625
brf_gso	6.573016826923077e-05	0.7080322265625	6.573016826923077e-05	0.27277289496527773	1.0	0.899932861328125	6.573016826923077e-05	0.7080322265625
brf_gso__nrlmf	0.00042724609375	0.7199753981370192	6.573016826923077e-05	0.7080322265625	0.899932861328125	1.0	6.573016826923077e-05	0.899932861328125
brf_lmo	6.573016826923077e-05	0.02156336167279412	6.573016826923077e-05	6.573016826923077e-05	6.573016826923077e-05	6.573016826923077e-05	1.0	0.0024495442708333333
brf_lmo__nrlmf	0.00902557373046875	0.69359130859375	6.573016826923077e-05	0.7080322265625	0.7080322265625	0.899932861328125	0.0024495442708333333	1.0
