	brf_gmo__precomputed	brf_gmo__softmax	brf_gmo__square	brf_gmo__uniform	brf_gmo_full	brf_gmosa
brf_gmo__precomputed	1.0	3.814697265625e-05	0.038698636568509616	0.054277692522321425	3.814697265625e-05	3.814697265625e-05
brf_gmo__softmax	3.814697265625e-05	1.0	3.814697265625e-05	3.814697265625e-05	3.814697265625e-05	3.814697265625e-05
brf_gmo__square	0.038698636568509616	3.814697265625e-05	1.0	0.899932861328125	3.814697265625e-05	3.814697265625e-05
brf_gmo__uniform	0.054277692522321425	3.814697265625e-05	0.899932861328125	1.0	3.814697265625e-05	3.814697265625e-05
brf_gmo_full	3.814697265625e-05	3.814697265625e-05	3.814697265625e-05	3.814697265625e-05	1.0	3.814697265625e-05
brf_gmosa	3.814697265625e-05	3.814697265625e-05	3.814697265625e-05	3.814697265625e-05	3.814697265625e-05	1.0
