	brf_gmo__precomputed	brf_gmo__softmax	brf_gmo__square	brf_gmo__uniform	brf_gmo_full	brf_gmosa
brf_gmo__precomputed	1.0	4.57763671875e-05	0.014027186802455356	0.0008803147536057692	4.57763671875e-05	4.57763671875e-05
brf_gmo__softmax	4.57763671875e-05	1.0	8.322975852272728e-05	0.01824951171875	4.57763671875e-05	4.57763671875e-05
brf_gmo__square	0.014027186802455356	8.322975852272728e-05	1.0	0.0003814697265625	4.57763671875e-05	4.57763671875e-05
brf_gmo__uniform	0.0008803147536057692	0.01824951171875	0.0003814697265625	1.0	4.57763671875e-05	4.57763671875e-05
brf_gmo_full	4.57763671875e-05	4.57763671875e-05	4.57763671875e-05	4.57763671875e-05	1.0	4.57763671875e-05
brf_gmosa	4.57763671875e-05	4.57763671875e-05	4.57763671875e-05	4.57763671875e-05	4.57763671875e-05	1.0
