	brf_gmo__precomputed	brf_gmo__softmax	brf_gmo__square	brf_gmo__uniform	brf_gmo_full	brf_gmosa
brf_gmo__precomputed	1.0	9.1552734375e-05	0.026746477399553572	0.005950927734375	5.0862630208333336e-05	5.0862630208333336e-05
brf_gmo__softmax	9.1552734375e-05	1.0	0.00026702880859375	5.0862630208333336e-05	5.0862630208333336e-05	0.00026702880859375
brf_gmo__square	0.026746477399553572	0.00026702880859375	1.0	0.899932861328125	5.0862630208333336e-05	5.0862630208333336e-05
brf_gmo__uniform	0.005950927734375	5.0862630208333336e-05	0.899932861328125	1.0	5.0862630208333336e-05	5.0862630208333336e-05
brf_gmo_full	5.0862630208333336e-05	5.0862630208333336e-05	5.0862630208333336e-05	5.0862630208333336e-05	1.0	5.0862630208333336e-05
brf_gmosa	5.0862630208333336e-05	0.00026702880859375	5.0862630208333336e-05	5.0862630208333336e-05	5.0862630208333336e-05	1.0
