	brf_gmo__precomputed	brf_gmo__softmax	brf_gmo__square	brf_gmo__uniform	brf_gmo_full	brf_gmosa
brf_gmo__precomputed	1.0	0.0030987079326923075	0.0030987079326923075	0.002288818359375	5.7220458984375e-05	9.1552734375e-05
brf_gmo__softmax	0.0030987079326923075	1.0	9.1552734375e-05	5.7220458984375e-05	5.7220458984375e-05	1.0
brf_gmo__square	0.0030987079326923075	9.1552734375e-05	1.0	0.15413556780133927	5.7220458984375e-05	5.7220458984375e-05
brf_gmo__uniform	0.002288818359375	5.7220458984375e-05	0.15413556780133927	1.0	5.7220458984375e-05	5.7220458984375e-05
brf_gmo_full	5.7220458984375e-05	5.7220458984375e-05	5.7220458984375e-05	5.7220458984375e-05	1.0	5.7220458984375e-05
brf_gmosa	9.1552734375e-05	1.0	5.7220458984375e-05	5.7220458984375e-05	5.7220458984375e-05	1.0
