	brf_gmo__precomputed	brf_gmo__softmax	brf_gmo__square	brf_gmo__uniform	brf_gmo_full	brf_gmosa
brf_gmo__precomputed	1.0	4.161487926136364e-05	0.014027186802455356	0.0008803147536057692	4.161487926136364e-05	4.161487926136364e-05
brf_gmo__softmax	4.161487926136364e-05	1.0	4.161487926136364e-05	0.0155029296875	4.161487926136364e-05	4.161487926136364e-05
brf_gmo__square	0.014027186802455356	4.161487926136364e-05	1.0	0.0003814697265625	4.161487926136364e-05	4.161487926136364e-05
brf_gmo__uniform	0.0008803147536057692	0.0155029296875	0.0003814697265625	1.0	4.161487926136364e-05	4.161487926136364e-05
brf_gmo_full	4.161487926136364e-05	4.161487926136364e-05	4.161487926136364e-05	4.161487926136364e-05	1.0	4.161487926136364e-05
brf_gmosa	4.161487926136364e-05	4.161487926136364e-05	4.161487926136364e-05	4.161487926136364e-05	4.161487926136364e-05	1.0
