	brf_gmo__precomputed	brf_gmo__softmax	brf_gmo__square	brf_gmo__uniform	brf_gmo_full	brf_gmosa
brf_gmo__precomputed	1.0	4.161487926136364e-05	0.009185791015625	0.0010790143694196428	4.161487926136364e-05	4.161487926136364e-05
brf_gmo__softmax	4.161487926136364e-05	1.0	4.161487926136364e-05	0.00019073486328125	4.161487926136364e-05	4.161487926136364e-05
brf_gmo__square	0.009185791015625	4.161487926136364e-05	1.0	0.0004929762620192308	4.161487926136364e-05	4.161487926136364e-05
brf_gmo__uniform	0.0010790143694196428	0.00019073486328125	0.0004929762620192308	1.0	4.161487926136364e-05	4.161487926136364e-05
brf_gmo_full	4.161487926136364e-05	4.161487926136364e-05	4.161487926136364e-05	4.161487926136364e-05	1.0	4.161487926136364e-05
brf_gmosa	4.161487926136364e-05	4.161487926136364e-05	4.161487926136364e-05	4.161487926136364e-05	4.161487926136364e-05	1.0
