	brf_gmo__precomputed	brf_gmo__softmax	brf_gmo__square	brf_gmo__uniform	brf_gmo_full	brf_gmosa
brf_gmo__precomputed	1.0	0.0274658203125	0.2910320575420673	0.0002288818359375	0.31912667410714285	0.0002288818359375
brf_gmo__softmax	0.0274658203125	1.0	0.01885986328125	0.10814666748046875	0.2910320575420673	0.10814666748046875
brf_gmo__square	0.2910320575420673	0.01885986328125	1.0	0.0002288818359375	0.2910320575420673	0.0002288818359375
brf_gmo__uniform	0.0002288818359375	0.10814666748046875	0.0002288818359375	1.0	0.2910320575420673	0.743560791015625
brf_gmo_full	0.31912667410714285	0.2910320575420673	0.2910320575420673	0.2910320575420673	1.0	0.2910320575420673
brf_gmosa	0.0002288818359375	0.10814666748046875	0.0002288818359375	0.743560791015625	0.2910320575420673	1.0
