	brf_gmo__precomputed	brf_gmo__softmax	brf_gmo__square	brf_gmo__uniform	brf_gmo_full	brf_gmosa
brf_gmo__precomputed	1.0	0.0041961669921875	0.0506591796875	4.57763671875e-05	4.57763671875e-05	4.57763671875e-05
brf_gmo__softmax	0.0041961669921875	1.0	0.005950927734375	0.031062534877232144	4.57763671875e-05	4.57763671875e-05
brf_gmo__square	0.0506591796875	0.005950927734375	1.0	8.322975852272728e-05	4.57763671875e-05	4.57763671875e-05
brf_gmo__uniform	4.57763671875e-05	0.031062534877232144	8.322975852272728e-05	1.0	4.57763671875e-05	4.57763671875e-05
brf_gmo_full	4.57763671875e-05	4.57763671875e-05	4.57763671875e-05	4.57763671875e-05	1.0	4.57763671875e-05
brf_gmosa	4.57763671875e-05	4.57763671875e-05	4.57763671875e-05	4.57763671875e-05	4.57763671875e-05	1.0
