	brf_gmo__precomputed	brf_gmo__softmax	brf_gmo__square	brf_gmo__uniform	brf_gmo_full	brf_gmosa
brf_gmo__precomputed	1.0	0.13875325520833334	0.23858642578125	0.46932220458984375	9.1552734375e-05	0.46932220458984375
brf_gmo__softmax	0.13875325520833334	1.0	0.040111541748046875	0.005340576171875	9.1552734375e-05	0.019683837890625
brf_gmo__square	0.23858642578125	0.040111541748046875	1.0	0.8795275006975446	9.1552734375e-05	0.979949951171875
brf_gmo__uniform	0.46932220458984375	0.005340576171875	0.8795275006975446	1.0	9.1552734375e-05	0.8795275006975446
brf_gmo_full	9.1552734375e-05	9.1552734375e-05	9.1552734375e-05	9.1552734375e-05	1.0	9.1552734375e-05
brf_gmosa	0.46932220458984375	0.019683837890625	0.979949951171875	0.8795275006975446	9.1552734375e-05	1.0
