	brf_gmo__precomputed	brf_gmo__softmax	brf_gmo__square	brf_gmo__uniform	brf_gmo_full	brf_gmosa
brf_gmo__precomputed	1.0	0.07598876953125	0.596588134765625	6.539481026785714e-05	6.539481026785714e-05	0.372314453125
brf_gmo__softmax	0.07598876953125	1.0	0.17690485174005682	6.539481026785714e-05	6.539481026785714e-05	0.5658939906529018
brf_gmo__square	0.596588134765625	0.17690485174005682	1.0	0.00080108642578125	6.539481026785714e-05	0.5350905198317307
brf_gmo__uniform	6.539481026785714e-05	6.539481026785714e-05	0.00080108642578125	1.0	6.539481026785714e-05	0.0012715657552083335
brf_gmo_full	6.539481026785714e-05	6.539481026785714e-05	6.539481026785714e-05	6.539481026785714e-05	1.0	6.539481026785714e-05
brf_gmosa	0.372314453125	0.5658939906529018	0.5350905198317307	0.0012715657552083335	6.539481026785714e-05	1.0
