	brf_gmo__precomputed	brf_gmo__softmax	brf_gmo__square	brf_gmo__uniform	brf_gmo_full	brf_gmosa
brf_gmo__precomputed	1.0	0.0001056377704326923	0.00335693359375	0.0001056377704326923	4.57763671875e-05	4.57763671875e-05
brf_gmo__softmax	0.0001056377704326923	1.0	8.322975852272728e-05	0.0008174351283482143	4.57763671875e-05	4.57763671875e-05
brf_gmo__square	0.00335693359375	8.322975852272728e-05	1.0	4.57763671875e-05	4.57763671875e-05	4.57763671875e-05
brf_gmo__uniform	0.0001056377704326923	0.0008174351283482143	4.57763671875e-05	1.0	4.57763671875e-05	4.57763671875e-05
brf_gmo_full	4.57763671875e-05	4.57763671875e-05	4.57763671875e-05	4.57763671875e-05	1.0	4.57763671875e-05
brf_gmosa	4.57763671875e-05	4.57763671875e-05	4.57763671875e-05	4.57763671875e-05	4.57763671875e-05	1.0
