	brf_gmo__precomputed	brf_gmo__softmax	brf_gmo__square	brf_gmo__uniform	brf_gmo_full	brf_gmosa
brf_gmo__precomputed	1.0	0.016610281808035712	0.743560791015625	4.57763671875e-05	4.57763671875e-05	4.57763671875e-05
brf_gmo__softmax	0.016610281808035712	1.0	0.012676532451923076	0.00011444091796875	4.57763671875e-05	4.57763671875e-05
brf_gmo__square	0.743560791015625	0.012676532451923076	1.0	4.57763671875e-05	4.57763671875e-05	4.57763671875e-05
brf_gmo__uniform	4.57763671875e-05	0.00011444091796875	4.57763671875e-05	1.0	4.57763671875e-05	4.57763671875e-05
brf_gmo_full	4.57763671875e-05	4.57763671875e-05	4.57763671875e-05	4.57763671875e-05	1.0	8.322975852272728e-05
brf_gmosa	4.57763671875e-05	4.57763671875e-05	4.57763671875e-05	4.57763671875e-05	8.322975852272728e-05	1.0
