	brf_gmo	brf_gmo__nrlmf	brf_gso__nrlmf	brf_lmo	bxt_gmo	bxt_gmo__nrlmf	bxt_gmosa__nrlmf	bxt_gso__nrlmf
brf_gmo	1.0	0.33359374999999997	6.573016826923077e-05	0.023226651278409092	0.6555853949652778	0.20457967122395834	0.012860107421875	0.0007975260416666667
brf_gmo__nrlmf	0.33359374999999997	1.0	6.573016826923077e-05	0.00101470947265625	0.047034222146739135	0.743560791015625	6.573016826923077e-05	6.573016826923077e-05
brf_gso__nrlmf	6.573016826923077e-05	6.573016826923077e-05	1.0	6.573016826923077e-05	6.573016826923077e-05	6.573016826923077e-05	6.573016826923077e-05	6.573016826923077e-05
brf_lmo	0.023226651278409092	0.00101470947265625	6.573016826923077e-05	1.0	0.003518497242647059	6.573016826923077e-05	0.5335317758413461	0.005221896701388888
bxt_gmo	0.6555853949652778	0.047034222146739135	6.573016826923077e-05	0.003518497242647059	1.0	0.006161338404605263	0.00018310546875	6.573016826923077e-05
bxt_gmo__nrlmf	0.20457967122395834	0.743560791015625	6.573016826923077e-05	6.573016826923077e-05	0.006161338404605263	1.0	6.573016826923077e-05	6.573016826923077e-05
bxt_gmosa__nrlmf	0.012860107421875	6.573016826923077e-05	6.573016826923077e-05	0.5335317758413461	0.00018310546875	6.573016826923077e-05	1.0	0.0146484375
bxt_gso__nrlmf	0.0007975260416666667	6.573016826923077e-05	6.573016826923077e-05	0.005221896701388888	6.573016826923077e-05	6.573016826923077e-05	0.0146484375	1.0
