	brf_gmo	brf_gmosa	brf_gso	brf_lmo	brf_lso	brf_sgso_us
brf_gmo	1.0	5.0862630208333336e-05	5.0862630208333336e-05	5.0862630208333336e-05	5.0862630208333336e-05	5.0862630208333336e-05
brf_gmosa	5.0862630208333336e-05	1.0	0.09780130087368916	0.1335853445891441	0.04734830598886401	5.0862630208333336e-05
brf_gso	5.0862630208333336e-05	0.09780130087368916	1.0	0.334724170253849	0.334724170253849	5.0862630208333336e-05
brf_lmo	5.0862630208333336e-05	0.1335853445891441	0.334724170253849	1.0	0.36439198891366964	5.0862630208333336e-05
brf_lso	5.0862630208333336e-05	0.04734830598886401	0.334724170253849	0.36439198891366964	1.0	5.0862630208333336e-05
brf_sgso_us	5.0862630208333336e-05	5.0862630208333336e-05	5.0862630208333336e-05	5.0862630208333336e-05	5.0862630208333336e-05	1.0
