	brf_gmo	brf_gmosa	brf_gso	brf_lmo	brf_lso	brf_sgso_us
brf_gmo	1.0	5.7220458984375e-05	5.7220458984375e-05	5.7220458984375e-05	5.7220458984375e-05	0.000152587890625
brf_gmosa	5.7220458984375e-05	1.0	0.05047559025963797	0.09780130087368916	0.1392064357307283	5.7220458984375e-05
brf_gso	5.7220458984375e-05	0.05047559025963797	1.0	0.733158684614851	0.37408337018147575	5.7220458984375e-05
brf_lmo	5.7220458984375e-05	0.09780130087368916	0.733158684614851	1.0	0.19220347982403188	5.7220458984375e-05
brf_lso	5.7220458984375e-05	0.1392064357307283	0.37408337018147575	0.19220347982403188	1.0	5.7220458984375e-05
brf_sgso_us	0.000152587890625	5.7220458984375e-05	5.7220458984375e-05	5.7220458984375e-05	5.7220458984375e-05	1.0
