	brf_gmo	brf_gmosa	brf_gso	brf_lmo	brf_lso	brf_sgso_us
brf_gmo	1.0	0.028803898737980768	7.62939453125e-05	0.528167724609375	0.028803898737980768	7.62939453125e-05
brf_gmosa	0.028803898737980768	1.0	0.028803898737980768	0.028803898737980768	0.528167724609375	7.62939453125e-05
brf_gso	7.62939453125e-05	0.028803898737980768	1.0	0.011051722935267856	0.024547576904296875	7.62939453125e-05
brf_lmo	0.528167724609375	0.028803898737980768	0.011051722935267856	1.0	0.028803898737980768	7.62939453125e-05
brf_lso	0.028803898737980768	0.528167724609375	0.024547576904296875	0.028803898737980768	1.0	7.62939453125e-05
brf_sgso_us	7.62939453125e-05	7.62939453125e-05	7.62939453125e-05	7.62939453125e-05	7.62939453125e-05	1.0
