	brf_gmo	brf_gmosa	brf_gso	brf_lmo	brf_lso	brf_sgso_us
brf_gmo	1.0	0.00019618443080357144	0.000152587890625	0.001678466796875	0.00057220458984375	9.1552734375e-05
brf_gmosa	0.00019618443080357144	1.0	0.979949951171875	0.979949951171875	0.979949951171875	9.1552734375e-05
brf_gso	0.000152587890625	0.979949951171875	1.0	0.979949951171875	0.6497955322265625	9.1552734375e-05
brf_lmo	0.001678466796875	0.979949951171875	0.979949951171875	1.0	0.6755759499289773	9.1552734375e-05
brf_lso	0.00057220458984375	0.979949951171875	0.6497955322265625	0.6755759499289773	1.0	9.1552734375e-05
brf_sgso_us	9.1552734375e-05	9.1552734375e-05	9.1552734375e-05	9.1552734375e-05	9.1552734375e-05	1.0
