	brf_gmo	brf_gmosa	brf_gso	brf_lmo	brf_lso	brf_sgso_us
brf_gmo	1.0	9.1552734375e-05	5.7220458984375e-05	5.7220458984375e-05	0.00072479248046875	5.7220458984375e-05
brf_gmosa	9.1552734375e-05	1.0	0.00072479248046875	9.1552734375e-05	5.7220458984375e-05	5.7220458984375e-05
brf_gso	5.7220458984375e-05	0.00072479248046875	1.0	0.015073800961232503	0.079193115234375	5.7220458984375e-05
brf_lmo	5.7220458984375e-05	9.1552734375e-05	0.015073800961232503	1.0	0.322509765625	5.7220458984375e-05
brf_lso	0.00072479248046875	5.7220458984375e-05	0.079193115234375	0.322509765625	1.0	5.7220458984375e-05
brf_sgso_us	5.7220458984375e-05	5.7220458984375e-05	5.7220458984375e-05	5.7220458984375e-05	5.7220458984375e-05	1.0
