	brf_gmo	brf_gmosa	brf_gso	brf_lmo	brf_lso	brf_sgso_us
brf_gmo	1.0	0.13072967529296875	0.05268443714488637	0.0062713623046875	0.13461773212139422	9.1552734375e-05
brf_gmosa	0.13072967529296875	1.0	0.979949951171875	0.00057220458984375	0.00013078962053571428	9.1552734375e-05
brf_gso	0.05268443714488637	0.979949951171875	1.0	0.0009663899739583334	0.00013078962053571428	9.1552734375e-05
brf_lmo	0.0062713623046875	0.00057220458984375	0.0009663899739583334	1.0	0.979949951171875	9.1552734375e-05
brf_lso	0.13461773212139422	0.00013078962053571428	0.00013078962053571428	0.979949951171875	1.0	9.1552734375e-05
brf_sgso_us	9.1552734375e-05	9.1552734375e-05	9.1552734375e-05	9.1552734375e-05	9.1552734375e-05	1.0
