	brf_gmo	brf_gmosa	brf_gso	brf_lmo	brf_lso	brf_sgso_us
brf_gmo	1.0	3.814697265625e-05	3.814697265625e-05	3.814697265625e-05	3.814697265625e-05	3.814697265625e-05
brf_gmosa	3.814697265625e-05	1.0	3.814697265625e-05	3.814697265625e-05	3.814697265625e-05	3.814697265625e-05
brf_gso	3.814697265625e-05	3.814697265625e-05	1.0	0.012676532451923076	0.1704188755580357	3.814697265625e-05
brf_lmo	3.814697265625e-05	3.814697265625e-05	0.012676532451923076	1.0	0.433197021484375	3.814697265625e-05
brf_lso	3.814697265625e-05	3.814697265625e-05	0.1704188755580357	0.433197021484375	1.0	3.814697265625e-05
brf_sgso_us	3.814697265625e-05	3.814697265625e-05	3.814697265625e-05	3.814697265625e-05	3.814697265625e-05	1.0
