	brf_gmo	brf_gmosa	brf_gso	brf_lmo	brf_lso	brf_sgso_us
brf_gmo	1.0	0.00013078962053571428	9.1552734375e-05	0.079193115234375	0.00013078962053571428	0.012526078657670456
brf_gmosa	0.00013078962053571428	1.0	0.01373291015625	9.1552734375e-05	0.03345196063701923	9.1552734375e-05
brf_gso	9.1552734375e-05	0.01373291015625	1.0	0.000171661376953125	0.820892333984375	9.1552734375e-05
brf_lmo	0.079193115234375	9.1552734375e-05	0.000171661376953125	1.0	0.0002543131510416667	0.011444091796875
brf_lso	0.00013078962053571428	0.03345196063701923	0.820892333984375	0.0002543131510416667	1.0	9.1552734375e-05
brf_sgso_us	0.012526078657670456	9.1552734375e-05	9.1552734375e-05	0.011444091796875	9.1552734375e-05	1.0
