	brf_gmo	brf_gmosa	brf_gso	brf_lmo	brf_lso	brf_sgso_us
brf_gmo	1.0	3.814697265625e-05	3.814697265625e-05	3.814697265625e-05	3.814697265625e-05	3.814697265625e-05
brf_gmosa	3.814697265625e-05	1.0	3.814697265625e-05	3.814697265625e-05	3.814697265625e-05	3.814697265625e-05
brf_gso	3.814697265625e-05	3.814697265625e-05	1.0	0.09605994591346154	0.21003582254960482	3.814697265625e-05
brf_lmo	3.814697265625e-05	3.814697265625e-05	0.09605994591346154	1.0	0.5013759517643173	3.814697265625e-05
brf_lso	3.814697265625e-05	3.814697265625e-05	0.21003582254960482	0.5013759517643173	1.0	3.814697265625e-05
brf_sgso_us	3.814697265625e-05	3.814697265625e-05	3.814697265625e-05	3.814697265625e-05	3.814697265625e-05	1.0
