	bxt_gmo__precomputed	bxt_gmo__softmax	bxt_gmo__square	bxt_gmo__uniform	bxt_gmo_full	bxt_gmosa
bxt_gmo__precomputed	1.0	0.0015106201171875	0.22247314453125	0.055389404296875	5.0862630208333336e-05	5.0862630208333336e-05
bxt_gmo__softmax	0.0015106201171875	1.0	0.781951904296875	0.6020246233258928	5.0862630208333336e-05	5.0862630208333336e-05
bxt_gmo__square	0.22247314453125	0.781951904296875	1.0	0.021140358664772728	5.0862630208333336e-05	5.0862630208333336e-05
bxt_gmo__uniform	0.055389404296875	0.6020246233258928	0.021140358664772728	1.0	5.0862630208333336e-05	5.0862630208333336e-05
bxt_gmo_full	5.0862630208333336e-05	5.0862630208333336e-05	5.0862630208333336e-05	5.0862630208333336e-05	1.0	5.0862630208333336e-05
bxt_gmosa	5.0862630208333336e-05	5.0862630208333336e-05	5.0862630208333336e-05	5.0862630208333336e-05	5.0862630208333336e-05	1.0
