	bxt_gmo__precomputed	bxt_gmo__softmax	bxt_gmo__square	bxt_gmo__uniform	bxt_gmo_full	bxt_gmosa
bxt_gmo__precomputed	1.0	3.269740513392857e-05	3.269740513392857e-05	3.269740513392857e-05	3.269740513392857e-05	3.269740513392857e-05
bxt_gmo__softmax	3.269740513392857e-05	1.0	3.269740513392857e-05	3.269740513392857e-05	3.269740513392857e-05	3.269740513392857e-05
bxt_gmo__square	3.269740513392857e-05	3.269740513392857e-05	1.0	0.065399169921875	3.269740513392857e-05	3.269740513392857e-05
bxt_gmo__uniform	3.269740513392857e-05	3.269740513392857e-05	0.065399169921875	1.0	3.269740513392857e-05	3.269740513392857e-05
bxt_gmo_full	3.269740513392857e-05	3.269740513392857e-05	3.269740513392857e-05	3.269740513392857e-05	1.0	3.269740513392857e-05
bxt_gmosa	3.269740513392857e-05	3.269740513392857e-05	3.269740513392857e-05	3.269740513392857e-05	3.269740513392857e-05	1.0
