	bxt_gmo__precomputed	bxt_gmo__softmax	bxt_gmo__square	bxt_gmo__uniform	bxt_gmo_full	bxt_gmosa
bxt_gmo__precomputed	1.0	3.814697265625e-05	3.814697265625e-05	0.632171630859375	3.814697265625e-05	3.814697265625e-05
bxt_gmo__softmax	3.814697265625e-05	1.0	3.814697265625e-05	3.814697265625e-05	3.814697265625e-05	3.814697265625e-05
bxt_gmo__square	3.814697265625e-05	3.814697265625e-05	1.0	0.002288818359375	0.00017606295072115384	3.814697265625e-05
bxt_gmo__uniform	0.632171630859375	3.814697265625e-05	0.002288818359375	1.0	3.814697265625e-05	3.814697265625e-05
bxt_gmo_full	3.814697265625e-05	3.814697265625e-05	0.00017606295072115384	3.814697265625e-05	1.0	3.814697265625e-05
bxt_gmosa	3.814697265625e-05	3.814697265625e-05	3.814697265625e-05	3.814697265625e-05	3.814697265625e-05	1.0
