	bxt_gmo__precomputed	bxt_gmo__softmax	bxt_gmo__square	bxt_gmo__uniform	bxt_gmo_full	bxt_gmosa
bxt_gmo__precomputed	1.0	0.00016348702566964285	3.814697265625e-05	3.814697265625e-05	3.814697265625e-05	3.814697265625e-05
bxt_gmo__softmax	0.00016348702566964285	1.0	7.042518028846153e-05	3.814697265625e-05	3.814697265625e-05	3.814697265625e-05
bxt_gmo__square	3.814697265625e-05	7.042518028846153e-05	1.0	0.93988037109375	3.814697265625e-05	3.814697265625e-05
bxt_gmo__uniform	3.814697265625e-05	3.814697265625e-05	0.93988037109375	1.0	3.814697265625e-05	3.814697265625e-05
bxt_gmo_full	3.814697265625e-05	3.814697265625e-05	3.814697265625e-05	3.814697265625e-05	1.0	3.814697265625e-05
bxt_gmosa	3.814697265625e-05	3.814697265625e-05	3.814697265625e-05	3.814697265625e-05	3.814697265625e-05	1.0
