	bxt_gmo__precomputed	bxt_gmo__softmax	bxt_gmo__square	bxt_gmo__uniform	bxt_gmo_full	bxt_gmosa
bxt_gmo__precomputed	1.0	4.161487926136364e-05	4.161487926136364e-05	0.000457763671875	4.161487926136364e-05	4.161487926136364e-05
bxt_gmo__softmax	4.161487926136364e-05	1.0	4.161487926136364e-05	4.161487926136364e-05	4.161487926136364e-05	4.161487926136364e-05
bxt_gmo__square	4.161487926136364e-05	4.161487926136364e-05	1.0	0.0002464881310096154	4.161487926136364e-05	0.5618896484375
bxt_gmo__uniform	0.000457763671875	4.161487926136364e-05	0.0002464881310096154	1.0	4.161487926136364e-05	0.0002464881310096154
bxt_gmo_full	4.161487926136364e-05	4.161487926136364e-05	4.161487926136364e-05	4.161487926136364e-05	1.0	4.161487926136364e-05
bxt_gmosa	4.161487926136364e-05	4.161487926136364e-05	0.5618896484375	0.0002464881310096154	4.161487926136364e-05	1.0
