	bxt_gmo__precomputed	bxt_gmo__softmax	bxt_gmo__square	bxt_gmo__uniform	bxt_gmo_full	bxt_gmosa
bxt_gmo__precomputed	1.0	4.161487926136364e-05	4.161487926136364e-05	4.161487926136364e-05	4.161487926136364e-05	0.632171630859375
bxt_gmo__softmax	4.161487926136364e-05	1.0	4.161487926136364e-05	4.161487926136364e-05	4.161487926136364e-05	0.00095367431640625
bxt_gmo__square	4.161487926136364e-05	4.161487926136364e-05	1.0	4.161487926136364e-05	4.161487926136364e-05	0.006735665457589286
bxt_gmo__uniform	4.161487926136364e-05	4.161487926136364e-05	4.161487926136364e-05	1.0	4.161487926136364e-05	0.0019366924579326923
bxt_gmo_full	4.161487926136364e-05	4.161487926136364e-05	4.161487926136364e-05	4.161487926136364e-05	1.0	4.161487926136364e-05
bxt_gmosa	0.632171630859375	0.00095367431640625	0.006735665457589286	0.0019366924579326923	4.161487926136364e-05	1.0
