	bxt_gmo__precomputed	bxt_gmo__softmax	bxt_gmo__square	bxt_gmo__uniform	bxt_gmo_full	bxt_gmosa
bxt_gmo__precomputed	1.0	0.00400543212890625	0.08919852120535714	0.0077362060546875	0.02674102783203125	0.00030517578125
bxt_gmo__softmax	0.00400543212890625	1.0	0.005594889322916667	0.705718994140625	0.0003814697265625	0.00030517578125
bxt_gmo__square	0.08919852120535714	0.005594889322916667	1.0	0.01498135653409091	0.03345196063701923	0.0006539481026785714
bxt_gmo__uniform	0.0077362060546875	0.705718994140625	0.01498135653409091	1.0	0.0003814697265625	0.0003814697265625
bxt_gmo_full	0.02674102783203125	0.0003814697265625	0.03345196063701923	0.0003814697265625	1.0	0.00030517578125
bxt_gmosa	0.00030517578125	0.00030517578125	0.0006539481026785714	0.0003814697265625	0.00030517578125	1.0
