	bxt_gmo__precomputed	bxt_gmo__softmax	bxt_gmo__square	bxt_gmo__uniform	bxt_gmo_full	bxt_gmosa
bxt_gmo__precomputed	1.0	0.0008803147536057692	0.00026702880859375	0.0014059884207589285	5.0862630208333336e-05	5.0862630208333336e-05
bxt_gmo__softmax	0.0008803147536057692	1.0	0.0001248446377840909	0.375457763671875	5.0862630208333336e-05	5.0862630208333336e-05
bxt_gmo__square	0.00026702880859375	0.0001248446377840909	1.0	9.1552734375e-05	5.0862630208333336e-05	5.0862630208333336e-05
bxt_gmo__uniform	0.0014059884207589285	0.375457763671875	9.1552734375e-05	1.0	5.0862630208333336e-05	5.0862630208333336e-05
bxt_gmo_full	5.0862630208333336e-05	5.0862630208333336e-05	5.0862630208333336e-05	5.0862630208333336e-05	1.0	5.0862630208333336e-05
bxt_gmosa	5.0862630208333336e-05	5.0862630208333336e-05	5.0862630208333336e-05	5.0862630208333336e-05	5.0862630208333336e-05	1.0
