	bxt_gmo__precomputed	bxt_gmo__softmax	bxt_gmo__square	bxt_gmo__uniform	bxt_gmo_full	bxt_gmosa
bxt_gmo__precomputed	1.0	7.62939453125e-05	4.161487926136364e-05	0.008174351283482142	4.161487926136364e-05	4.161487926136364e-05
bxt_gmo__softmax	7.62939453125e-05	1.0	4.161487926136364e-05	0.375457763671875	4.161487926136364e-05	4.161487926136364e-05
bxt_gmo__square	4.161487926136364e-05	4.161487926136364e-05	1.0	0.0001056377704326923	4.161487926136364e-05	4.161487926136364e-05
bxt_gmo__uniform	0.008174351283482142	0.375457763671875	0.0001056377704326923	1.0	4.161487926136364e-05	4.161487926136364e-05
bxt_gmo_full	4.161487926136364e-05	4.161487926136364e-05	4.161487926136364e-05	4.161487926136364e-05	1.0	4.161487926136364e-05
bxt_gmosa	4.161487926136364e-05	4.161487926136364e-05	4.161487926136364e-05	4.161487926136364e-05	4.161487926136364e-05	1.0
