	bxt_gmo__precomputed	bxt_gmo__softmax	bxt_gmo__square	bxt_gmo__uniform	bxt_gmo_full	bxt_gmosa
bxt_gmo__precomputed	1.0	0.00019618443080357144	7.62939453125e-05	0.0228118896484375	0.0228118896484375	7.62939453125e-05
bxt_gmo__softmax	0.00019618443080357144	1.0	7.62939453125e-05	0.7163020542689732	0.979949951171875	7.62939453125e-05
bxt_gmo__square	7.62939453125e-05	7.62939453125e-05	1.0	0.001678466796875	0.001087188720703125	7.62939453125e-05
bxt_gmo__uniform	0.0228118896484375	0.7163020542689732	0.001678466796875	1.0	0.7163020542689732	7.62939453125e-05
bxt_gmo_full	0.0228118896484375	0.979949951171875	0.001087188720703125	0.7163020542689732	1.0	0.0025177001953125
bxt_gmosa	7.62939453125e-05	7.62939453125e-05	7.62939453125e-05	7.62939453125e-05	0.0025177001953125	1.0
