	bxt_gmo__precomputed	bxt_gmo__softmax	bxt_gmo__square	bxt_gmo__uniform	bxt_gmo_full	bxt_gmosa
bxt_gmo__precomputed	1.0	0.37327357700892855	0.1168060302734375	0.024885697798295456	5.0862630208333336e-05	5.0862630208333336e-05
bxt_gmo__softmax	0.37327357700892855	1.0	0.24395282451923075	0.668548583984375	5.0862630208333336e-05	5.0862630208333336e-05
bxt_gmo__square	0.1168060302734375	0.24395282451923075	1.0	0.0025177001953125	5.0862630208333336e-05	5.0862630208333336e-05
bxt_gmo__uniform	0.024885697798295456	0.668548583984375	0.0025177001953125	1.0	5.0862630208333336e-05	5.0862630208333336e-05
bxt_gmo_full	5.0862630208333336e-05	5.0862630208333336e-05	5.0862630208333336e-05	5.0862630208333336e-05	1.0	5.0862630208333336e-05
bxt_gmosa	5.0862630208333336e-05	5.0862630208333336e-05	5.0862630208333336e-05	5.0862630208333336e-05	5.0862630208333336e-05	1.0
