	bxt_gmo__precomputed	bxt_gmo__softmax	bxt_gmo__square	bxt_gmo__uniform	bxt_gmo_full	bxt_gmosa
bxt_gmo__precomputed	1.0	0.00457763671875	0.00457763671875	0.00152587890625	0.00644683837890625	0.003596714564732143
bxt_gmo__softmax	0.00457763671875	1.0	0.0032806396484375	0.00152587890625	0.012676532451923076	0.18787928989955358
bxt_gmo__square	0.00457763671875	0.0032806396484375	1.0	0.001373291015625	0.0032806396484375	0.00217437744140625
bxt_gmo__uniform	0.00152587890625	0.00152587890625	0.001373291015625	1.0	0.00400543212890625	0.743560791015625
bxt_gmo_full	0.00644683837890625	0.012676532451923076	0.0032806396484375	0.00400543212890625	1.0	0.00457763671875
bxt_gmosa	0.003596714564732143	0.18787928989955358	0.00217437744140625	0.743560791015625	0.00457763671875	1.0
