	bxt_gmo__precomputed	bxt_gmo__softmax	bxt_gmo__square	bxt_gmo__uniform	bxt_gmo_full	bxt_gmosa
bxt_gmo__precomputed	1.0	0.00017606295072115384	0.0010018833421237383	7.62939453125e-05	4.161487926136364e-05	4.161487926136364e-05
bxt_gmo__softmax	0.00017606295072115384	1.0	4.161487926136364e-05	0.00628662109375	4.161487926136364e-05	4.161487926136364e-05
bxt_gmo__square	0.0010018833421237383	4.161487926136364e-05	1.0	4.161487926136364e-05	4.161487926136364e-05	4.161487926136364e-05
bxt_gmo__uniform	7.62939453125e-05	0.00628662109375	4.161487926136364e-05	1.0	4.161487926136364e-05	4.161487926136364e-05
bxt_gmo_full	4.161487926136364e-05	4.161487926136364e-05	4.161487926136364e-05	4.161487926136364e-05	1.0	4.161487926136364e-05
bxt_gmosa	4.161487926136364e-05	4.161487926136364e-05	4.161487926136364e-05	4.161487926136364e-05	4.161487926136364e-05	1.0
