	bxt_gmo__precomputed	bxt_gmo__softmax	bxt_gmo__square	bxt_gmo__uniform	bxt_gmo_full	bxt_gmosa
bxt_gmo__precomputed	1.0	0.0019366924579326923	0.000457763671875	0.000457763671875	9.1552734375e-05	0.820892333984375
bxt_gmo__softmax	0.0019366924579326923	1.0	0.000582608309659091	0.00095367431640625	9.1552734375e-05	0.000171661376953125
bxt_gmo__square	0.000457763671875	0.000582608309659091	1.0	0.000152587890625	9.1552734375e-05	0.820892333984375
bxt_gmo__uniform	0.000457763671875	0.00095367431640625	0.000152587890625	1.0	9.1552734375e-05	9.1552734375e-05
bxt_gmo_full	9.1552734375e-05	9.1552734375e-05	9.1552734375e-05	9.1552734375e-05	1.0	0.000171661376953125
bxt_gmosa	0.820892333984375	0.000171661376953125	0.820892333984375	9.1552734375e-05	0.000171661376953125	1.0
