	bxt_gmo__precomputed	bxt_gmo__softmax	bxt_gmo__square	bxt_gmo__uniform	bxt_gmo_full	bxt_gmosa
bxt_gmo__precomputed	1.0	0.0009663899739583334	0.00091552734375	0.00080108642578125	0.0041961669921875	0.00091552734375
bxt_gmo__softmax	0.0009663899739583334	1.0	0.00030517578125	0.00091552734375	0.19281005859375	0.0019683837890625
bxt_gmo__square	0.00091552734375	0.00030517578125	1.0	0.00030517578125	0.0009663899739583334	0.00030517578125
bxt_gmo__uniform	0.00080108642578125	0.00091552734375	0.00030517578125	1.0	0.07007053920200892	0.002913041548295455
bxt_gmo_full	0.0041961669921875	0.19281005859375	0.0009663899739583334	0.07007053920200892	1.0	0.007253793569711538
bxt_gmosa	0.00091552734375	0.0019683837890625	0.00030517578125	0.002913041548295455	0.007253793569711538	1.0
