	bxt_gmo__precomputed	bxt_gmo__softmax	bxt_gmo__square	bxt_gmo__uniform	bxt_gmo_full	bxt_gmosa
bxt_gmo__precomputed	1.0	0.0006212506975446429	0.0009350911193154891	0.0005340576171875	5.7220458984375e-05	5.7220458984375e-05
bxt_gmo__softmax	0.0006212506975446429	1.0	0.0002288818359375	0.0006212506975446429	5.7220458984375e-05	5.7220458984375e-05
bxt_gmo__square	0.0009350911193154891	0.0002288818359375	1.0	0.00010172526041666667	5.7220458984375e-05	0.0005340576171875
bxt_gmo__uniform	0.0005340576171875	0.0006212506975446429	0.00010172526041666667	1.0	5.7220458984375e-05	5.7220458984375e-05
bxt_gmo_full	5.7220458984375e-05	5.7220458984375e-05	5.7220458984375e-05	5.7220458984375e-05	1.0	5.7220458984375e-05
bxt_gmosa	5.7220458984375e-05	5.7220458984375e-05	0.0005340576171875	5.7220458984375e-05	5.7220458984375e-05	1.0
