	bxt_gmo__precomputed	bxt_gmo__softmax	bxt_gmo__square	bxt_gmo__uniform	bxt_gmo_full	bxt_gmosa
bxt_gmo__precomputed	1.0	6.539481026785714e-05	6.539481026785714e-05	6.539481026785714e-05	0.09344482421875	6.539481026785714e-05
bxt_gmo__softmax	6.539481026785714e-05	1.0	6.539481026785714e-05	0.0002288818359375	0.004824124849759615	0.0003814697265625
bxt_gmo__square	6.539481026785714e-05	6.539481026785714e-05	1.0	6.539481026785714e-05	0.000171661376953125	6.539481026785714e-05
bxt_gmo__uniform	6.539481026785714e-05	0.0002288818359375	6.539481026785714e-05	1.0	0.0003814697265625	0.0098419189453125
bxt_gmo_full	0.09344482421875	0.004824124849759615	0.000171661376953125	0.0003814697265625	1.0	0.0002288818359375
bxt_gmosa	6.539481026785714e-05	0.0003814697265625	6.539481026785714e-05	0.0098419189453125	0.0002288818359375	1.0
