	brf_gmo__precomputed	brf_gmo__softmax	brf_gmo__square	brf_gmo__uniform	brf_gmo_full	brf_gmosa
brf_gmo__precomputed	1.0	0.26292280717329547	0.743560791015625	0.6094242976262019	5.0862630208333336e-05	5.0862630208333336e-05
brf_gmo__softmax	0.26292280717329547	1.0	0.6392015729631696	0.043487548828125	5.0862630208333336e-05	5.0862630208333336e-05
brf_gmo__square	0.743560791015625	0.6392015729631696	1.0	0.28900146484375	5.0862630208333336e-05	5.0862630208333336e-05
brf_gmo__uniform	0.6094242976262019	0.043487548828125	0.28900146484375	1.0	5.0862630208333336e-05	5.0862630208333336e-05
brf_gmo_full	5.0862630208333336e-05	5.0862630208333336e-05	5.0862630208333336e-05	5.0862630208333336e-05	1.0	5.0862630208333336e-05
brf_gmosa	5.0862630208333336e-05	5.0862630208333336e-05	5.0862630208333336e-05	5.0862630208333336e-05	5.0862630208333336e-05	1.0
