	brf_gmo__precomputed	brf_gmo__softmax	brf_gmo__square	brf_gmo__uniform	brf_gmo_full	brf_gmosa
brf_gmo__precomputed	1.0	3.269740513392857e-05	3.269740513392857e-05	3.269740513392857e-05	3.269740513392857e-05	3.269740513392857e-05
brf_gmo__softmax	3.269740513392857e-05	1.0	3.269740513392857e-05	3.269740513392857e-05	3.269740513392857e-05	3.269740513392857e-05
brf_gmo__square	3.269740513392857e-05	3.269740513392857e-05	1.0	3.269740513392857e-05	3.269740513392857e-05	0.000213623046875
brf_gmo__uniform	3.269740513392857e-05	3.269740513392857e-05	3.269740513392857e-05	1.0	3.269740513392857e-05	3.269740513392857e-05
brf_gmo_full	3.269740513392857e-05	3.269740513392857e-05	3.269740513392857e-05	3.269740513392857e-05	1.0	3.269740513392857e-05
brf_gmosa	3.269740513392857e-05	3.269740513392857e-05	0.000213623046875	3.269740513392857e-05	3.269740513392857e-05	1.0
