	brf_gmo__precomputed	brf_gmo__softmax	brf_gmo__square	brf_gmo__uniform	brf_gmo_full	brf_gmosa
brf_gmo__precomputed	1.0	0.5658939906529018	0.2168967507102273	0.0098419189453125	0.17430623372395834	0.13858795166015625
brf_gmo__softmax	0.5658939906529018	1.0	0.2168967507102273	0.05474853515625	0.28900146484375	0.40198692908653844
brf_gmo__square	0.2168967507102273	0.2168967507102273	1.0	0.13858795166015625	0.01934051513671875	0.062408447265625
brf_gmo__uniform	0.0098419189453125	0.05474853515625	0.13858795166015625	1.0	0.01068115234375	0.008697509765625
brf_gmo_full	0.17430623372395834	0.28900146484375	0.01934051513671875	0.01068115234375	1.0	0.668548583984375
brf_gmosa	0.13858795166015625	0.40198692908653844	0.062408447265625	0.008697509765625	0.668548583984375	1.0
