	brf_gmo__precomputed	brf_gmo__softmax	brf_gmo__square	brf_gmo__uniform	brf_gmo_full	brf_gmosa
brf_gmo__precomputed	1.0	0.061798095703125	0.2978515625	4.161487926136364e-05	4.161487926136364e-05	4.161487926136364e-05
brf_gmo__softmax	0.061798095703125	1.0	0.0030987079326923075	4.161487926136364e-05	4.161487926136364e-05	4.161487926136364e-05
brf_gmo__square	0.2978515625	0.0030987079326923075	1.0	4.161487926136364e-05	4.161487926136364e-05	4.161487926136364e-05
brf_gmo__uniform	4.161487926136364e-05	4.161487926136364e-05	4.161487926136364e-05	1.0	4.161487926136364e-05	4.161487926136364e-05
brf_gmo_full	4.161487926136364e-05	4.161487926136364e-05	4.161487926136364e-05	4.161487926136364e-05	1.0	0.00125885009765625
brf_gmosa	4.161487926136364e-05	4.161487926136364e-05	4.161487926136364e-05	4.161487926136364e-05	0.00125885009765625	1.0
