	brf_gmo__precomputed	brf_gmo__softmax	brf_gmo__square	brf_gmo__uniform	brf_gmo_full	brf_gmosa
brf_gmo__precomputed	1.0	0.009185791015625	0.002877371651785714	4.161487926136364e-05	4.161487926136364e-05	4.161487926136364e-05
brf_gmo__softmax	0.009185791015625	1.0	7.62939453125e-05	4.161487926136364e-05	4.161487926136364e-05	4.161487926136364e-05
brf_gmo__square	0.002877371651785714	7.62939453125e-05	1.0	4.161487926136364e-05	4.161487926136364e-05	4.161487926136364e-05
brf_gmo__uniform	4.161487926136364e-05	4.161487926136364e-05	4.161487926136364e-05	1.0	4.161487926136364e-05	4.161487926136364e-05
brf_gmo_full	4.161487926136364e-05	4.161487926136364e-05	4.161487926136364e-05	4.161487926136364e-05	1.0	0.0024648813100961535
brf_gmosa	4.161487926136364e-05	4.161487926136364e-05	4.161487926136364e-05	4.161487926136364e-05	0.0024648813100961535	1.0
