	brf_gmo__precomputed	brf_gmo__softmax	brf_gmo__square	brf_gmo__uniform	brf_gmo_full	brf_gmosa
brf_gmo__precomputed	1.0	0.02105712890625	0.10011945452008929	6.539481026785714e-05	6.539481026785714e-05	0.000582608309659091
brf_gmo__softmax	0.02105712890625	1.0	0.00644683837890625	6.539481026785714e-05	6.539481026785714e-05	0.000582608309659091
brf_gmo__square	0.10011945452008929	0.00644683837890625	1.0	0.00011444091796875	6.539481026785714e-05	0.0005086263020833334
brf_gmo__uniform	6.539481026785714e-05	6.539481026785714e-05	0.00011444091796875	1.0	6.539481026785714e-05	6.539481026785714e-05
brf_gmo_full	6.539481026785714e-05	6.539481026785714e-05	6.539481026785714e-05	6.539481026785714e-05	1.0	0.979949951171875
brf_gmosa	0.000582608309659091	0.000582608309659091	0.0005086263020833334	6.539481026785714e-05	0.979949951171875	1.0
