	brf_gmo__precomputed	brf_gmo__softmax	brf_gmo__square	brf_gmo__uniform	brf_gmo_full	brf_gmosa
brf_gmo__precomputed	1.0	0.06646728515625	0.13072967529296875	0.000152587890625	0.2910320575420673	0.011051722935267856
brf_gmo__softmax	0.06646728515625	1.0	0.011051722935267856	0.000152587890625	0.820892333984375	0.005035400390625
brf_gmo__square	0.13072967529296875	0.011051722935267856	1.0	0.000152587890625	0.06908069957386365	0.06439208984375
brf_gmo__uniform	0.000152587890625	0.000152587890625	0.000152587890625	1.0	0.00492095947265625	0.5308096749441964
brf_gmo_full	0.2910320575420673	0.820892333984375	0.06908069957386365	0.00492095947265625	1.0	0.01178741455078125
brf_gmosa	0.011051722935267856	0.005035400390625	0.06439208984375	0.5308096749441964	0.01178741455078125	1.0
