	brf_gmo__precomputed	brf_gmo__softmax	brf_gmo__square	brf_gmo__uniform	brf_gmo_full	brf_gmosa
brf_gmo__precomputed	1.0	0.31912667410714285	0.93988037109375	9.1552734375e-05	5.7220458984375e-05	5.7220458984375e-05
brf_gmo__softmax	0.31912667410714285	1.0	0.16599214993990383	9.1552734375e-05	5.7220458984375e-05	5.7220458984375e-05
brf_gmo__square	0.93988037109375	0.16599214993990383	1.0	0.0007906827059659091	5.7220458984375e-05	5.7220458984375e-05
brf_gmo__uniform	9.1552734375e-05	9.1552734375e-05	0.0007906827059659091	1.0	5.7220458984375e-05	5.7220458984375e-05
brf_gmo_full	5.7220458984375e-05	5.7220458984375e-05	5.7220458984375e-05	5.7220458984375e-05	1.0	0.00125885009765625
brf_gmosa	5.7220458984375e-05	5.7220458984375e-05	5.7220458984375e-05	5.7220458984375e-05	0.00125885009765625	1.0
