	brf_gmo__precomputed	brf_gmo__softmax	brf_gmo__square	brf_gmo__uniform	brf_gmo_full	brf_gmosa
brf_gmo__precomputed	1.0	0.9217071533203125	0.0011444091796875	0.8142911470853366	5.0862630208333336e-05	5.0862630208333336e-05
brf_gmo__softmax	0.9217071533203125	1.0	0.0362396240234375	0.93988037109375	5.0862630208333336e-05	5.0862630208333336e-05
brf_gmo__square	0.0011444091796875	0.0362396240234375	1.0	0.002288818359375	5.0862630208333336e-05	5.0862630208333336e-05
brf_gmo__uniform	0.8142911470853366	0.93988037109375	0.002288818359375	1.0	5.0862630208333336e-05	5.0862630208333336e-05
brf_gmo_full	5.0862630208333336e-05	5.0862630208333336e-05	5.0862630208333336e-05	5.0862630208333336e-05	1.0	5.0862630208333336e-05
brf_gmosa	5.0862630208333336e-05	5.0862630208333336e-05	5.0862630208333336e-05	5.0862630208333336e-05	5.0862630208333336e-05	1.0
