	brf_gmo__precomputed	brf_gmo__softmax	brf_gmo__square	brf_gmo__uniform	brf_gmo_full	brf_gmosa
brf_gmo__precomputed	1.0	0.7966722760881696	0.0017894398082386365	0.6483342097355769	5.0862630208333336e-05	5.0862630208333336e-05
brf_gmo__softmax	0.7966722760881696	1.0	0.0095367431640625	0.979949951171875	5.0862630208333336e-05	5.0862630208333336e-05
brf_gmo__square	0.0017894398082386365	0.0095367431640625	1.0	0.0011444091796875	5.0862630208333336e-05	5.0862630208333336e-05
brf_gmo__uniform	0.6483342097355769	0.979949951171875	0.0011444091796875	1.0	5.0862630208333336e-05	5.0862630208333336e-05
brf_gmo_full	5.0862630208333336e-05	5.0862630208333336e-05	5.0862630208333336e-05	5.0862630208333336e-05	1.0	5.0862630208333336e-05
brf_gmosa	5.0862630208333336e-05	5.0862630208333336e-05	5.0862630208333336e-05	5.0862630208333336e-05	5.0862630208333336e-05	1.0
