	brf_gmo__precomputed	brf_gmo__softmax	brf_gmo__square	brf_gmo__uniform	brf_gmo_full	brf_gmosa
brf_gmo__precomputed	1.0	0.979949951171875	0.8378056117466518	0.43548583984375	5.7220458984375e-05	5.7220458984375e-05
brf_gmo__softmax	0.979949951171875	1.0	0.8378056117466518	0.15574137369791669	5.7220458984375e-05	5.7220458984375e-05
brf_gmo__square	0.8378056117466518	0.8378056117466518	1.0	0.23858642578125	5.7220458984375e-05	5.7220458984375e-05
brf_gmo__uniform	0.43548583984375	0.15574137369791669	0.23858642578125	1.0	5.7220458984375e-05	5.7220458984375e-05
brf_gmo_full	5.7220458984375e-05	5.7220458984375e-05	5.7220458984375e-05	5.7220458984375e-05	1.0	0.23911909623579547
brf_gmosa	5.7220458984375e-05	5.7220458984375e-05	5.7220458984375e-05	5.7220458984375e-05	0.23911909623579547	1.0
