	brf_gmo__precomputed	brf_gmo__softmax	brf_gmo__square	brf_gmo__uniform	brf_gmo_full	brf_gmosa
brf_gmo__precomputed	1.0	0.9642137799944196	0.7202287153764205	0.0830841064453125	0.000457763671875	0.9642137799944196
brf_gmo__softmax	0.9642137799944196	1.0	0.7202287153764205	0.071868896484375	0.0002288818359375	1.0
brf_gmo__square	0.7202287153764205	0.7202287153764205	1.0	0.008392333984375	0.0002288818359375	0.7902145385742188
brf_gmo__uniform	0.0830841064453125	0.071868896484375	0.008392333984375	1.0	0.000640869140625	0.12318929036458334
brf_gmo_full	0.000457763671875	0.0002288818359375	0.0002288818359375	0.000640869140625	1.0	0.00057220458984375
brf_gmosa	0.9642137799944196	1.0	0.7902145385742188	0.12318929036458334	0.00057220458984375	1.0
