	brf_gmo	brf_gmosa	brf_gso	brf_lmo	brf_lso	brf_sgso_us
brf_gmo	1.0	4.57763671875e-05	4.57763671875e-05	4.57763671875e-05	4.57763671875e-05	4.57763671875e-05
brf_gmosa	4.57763671875e-05	1.0	0.04192352294921875	0.743560791015625	0.08919852120535714	4.57763671875e-05
brf_gso	4.57763671875e-05	0.04192352294921875	1.0	0.034040971235795456	4.57763671875e-05	4.57763671875e-05
brf_lmo	4.57763671875e-05	0.743560791015625	0.034040971235795456	1.0	0.05845289963942307	4.57763671875e-05
brf_lso	4.57763671875e-05	0.08919852120535714	4.57763671875e-05	0.05845289963942307	1.0	4.57763671875e-05
brf_sgso_us	4.57763671875e-05	4.57763671875e-05	4.57763671875e-05	4.57763671875e-05	4.57763671875e-05	1.0
