	bxt_gmo__precomputed	bxt_gmo__softmax	bxt_gmo__square	bxt_gmo__uniform	bxt_gmo_full	bxt_gmosa
bxt_gmo__precomputed	1.0	0.12742476029829547	0.2642822265625	0.043487548828125	5.0862630208333336e-05	5.0862630208333336e-05
bxt_gmo__softmax	0.12742476029829547	1.0	0.820892333984375	0.7163020542689732	5.0862630208333336e-05	5.0862630208333336e-05
bxt_gmo__square	0.2642822265625	0.820892333984375	1.0	0.6094242976262019	5.0862630208333336e-05	5.0862630208333336e-05
bxt_gmo__uniform	0.043487548828125	0.7163020542689732	0.6094242976262019	1.0	5.0862630208333336e-05	5.0862630208333336e-05
bxt_gmo_full	5.0862630208333336e-05	5.0862630208333336e-05	5.0862630208333336e-05	5.0862630208333336e-05	1.0	5.0862630208333336e-05
bxt_gmosa	5.0862630208333336e-05	5.0862630208333336e-05	5.0862630208333336e-05	5.0862630208333336e-05	5.0862630208333336e-05	1.0
