	bxt_gmo__precomputed	bxt_gmo__softmax	bxt_gmo__square	bxt_gmo__uniform	bxt_gmo_full	bxt_gmosa
bxt_gmo__precomputed	1.0	0.0359344482421875	0.00011444091796875	4.161487926136364e-05	4.161487926136364e-05	0.007253793569711538
bxt_gmo__softmax	0.0359344482421875	1.0	4.161487926136364e-05	4.161487926136364e-05	4.161487926136364e-05	0.083251953125
bxt_gmo__square	0.00011444091796875	4.161487926136364e-05	1.0	4.161487926136364e-05	4.161487926136364e-05	4.161487926136364e-05
bxt_gmo__uniform	4.161487926136364e-05	4.161487926136364e-05	4.161487926136364e-05	1.0	4.161487926136364e-05	4.161487926136364e-05
bxt_gmo_full	4.161487926136364e-05	4.161487926136364e-05	4.161487926136364e-05	4.161487926136364e-05	1.0	4.161487926136364e-05
bxt_gmosa	0.007253793569711538	0.083251953125	4.161487926136364e-05	4.161487926136364e-05	4.161487926136364e-05	1.0
