	bxt_gmo__precomputed	bxt_gmo__softmax	bxt_gmo__square	bxt_gmo__uniform	bxt_gmo_full	bxt_gmosa
bxt_gmo__precomputed	1.0	0.26292280717329547	0.23858642578125	0.9217071533203125	5.7220458984375e-05	5.7220458984375e-05
bxt_gmo__softmax	0.26292280717329547	1.0	0.979949951171875	0.3436748798076923	0.00010172526041666667	5.7220458984375e-05
bxt_gmo__square	0.23858642578125	0.979949951171875	1.0	0.34305572509765625	5.7220458984375e-05	5.7220458984375e-05
bxt_gmo__uniform	0.9217071533203125	0.3436748798076923	0.34305572509765625	1.0	5.7220458984375e-05	5.7220458984375e-05
bxt_gmo_full	5.7220458984375e-05	0.00010172526041666667	5.7220458984375e-05	5.7220458984375e-05	1.0	5.7220458984375e-05
bxt_gmosa	5.7220458984375e-05	5.7220458984375e-05	5.7220458984375e-05	5.7220458984375e-05	5.7220458984375e-05	1.0
