	bxt_gmo__precomputed	bxt_gmo__softmax	bxt_gmo__square	bxt_gmo__uniform	bxt_gmo_full	bxt_gmosa
bxt_gmo__precomputed	1.0	0.216217041015625	0.23911909623579547	0.8795275006975446	5.7220458984375e-05	5.7220458984375e-05
bxt_gmo__softmax	0.216217041015625	1.0	1.0	0.3436748798076923	5.7220458984375e-05	5.7220458984375e-05
bxt_gmo__square	0.23911909623579547	1.0	1.0	0.34305572509765625	5.7220458984375e-05	5.7220458984375e-05
bxt_gmo__uniform	0.8795275006975446	0.3436748798076923	0.34305572509765625	1.0	5.7220458984375e-05	5.7220458984375e-05
bxt_gmo_full	5.7220458984375e-05	5.7220458984375e-05	5.7220458984375e-05	5.7220458984375e-05	1.0	0.23911909623579547
bxt_gmosa	5.7220458984375e-05	5.7220458984375e-05	5.7220458984375e-05	5.7220458984375e-05	0.23911909623579547	1.0
