	bxt_gmo	bxt_gmo__nrlmf	bxt_gmosa	bxt_gmosa__nrlmf	bxt_gso	bxt_gso__nrlmf	bxt_lmo	bxt_lmo__nrlmf
bxt_gmo	1.0	4.497327302631579e-05	4.497327302631579e-05	0.5915478515625	4.497327302631579e-05	0.03689852627840909	4.497327302631579e-05	0.06167204483695653
bxt_gmo__nrlmf	4.497327302631579e-05	1.0	4.497327302631579e-05	4.497327302631579e-05	4.497327302631579e-05	4.497327302631579e-05	4.497327302631579e-05	4.497327302631579e-05
bxt_gmosa	4.497327302631579e-05	4.497327302631579e-05	1.0	4.497327302631579e-05	1.0	4.497327302631579e-05	1.0	4.497327302631579e-05
bxt_gmosa__nrlmf	0.5915478515625	4.497327302631579e-05	4.497327302631579e-05	1.0	4.497327302631579e-05	0.00042724609375	4.497327302631579e-05	0.005574544270833333
bxt_gso	4.497327302631579e-05	4.497327302631579e-05	1.0	4.497327302631579e-05	1.0	4.497327302631579e-05	1.0	4.497327302631579e-05
bxt_gso__nrlmf	0.03689852627840909	4.497327302631579e-05	4.497327302631579e-05	0.00042724609375	4.497327302631579e-05	1.0	4.497327302631579e-05	0.09712727864583334
bxt_lmo	4.497327302631579e-05	4.497327302631579e-05	1.0	4.497327302631579e-05	1.0	4.497327302631579e-05	1.0	4.497327302631579e-05
bxt_lmo__nrlmf	0.06167204483695653	4.497327302631579e-05	4.497327302631579e-05	0.005574544270833333	4.497327302631579e-05	0.09712727864583334	4.497327302631579e-05	1.0
