	bxt_gmo	bxt_gmosa	bxt_gso	bxt_gso_1k	bxt_gso__nrlmf	bxt_lmo	bxt_lmo__nrlmf	bxt_lso	bxt_lso__nrlmf
bxt_gmo	1.0	0.9667340959821429	0.9667340959821429	0.9667340959821429	0.9103271484375001	0.6402493990384616	0.9667340959821429	0.9667340959821429	0.16424560546875
bxt_gmosa	0.9667340959821429	1.0	0.230712890625	0.9667340959821429	0.9667340959821429	0.0010986328125	0.9667340959821429	0.230712890625	0.9103271484375001
bxt_gso	0.9667340959821429	0.230712890625	1.0	0.230712890625	0.6829618566176471	0.6402493990384616	0.9054303850446428	0.9667340959821429	0.9103271484375001
bxt_gso_1k	0.9667340959821429	0.9667340959821429	0.230712890625	1.0	0.9054303850446428	0.0322265625	0.9667340959821429	0.6402493990384616	0.670166015625
bxt_gso__nrlmf	0.9103271484375001	0.9667340959821429	0.6829618566176471	0.9054303850446428	1.0	0.230712890625	0.230712890625	0.670166015625	0.0322265625
bxt_lmo	0.6402493990384616	0.0010986328125	0.6402493990384616	0.0322265625	0.230712890625	1.0	0.572607421875	0.670166015625	0.9054303850446428
bxt_lmo__nrlmf	0.9667340959821429	0.9667340959821429	0.9054303850446428	0.9667340959821429	0.230712890625	0.572607421875	1.0	0.9054303850446428	0.9103271484375001
bxt_lso	0.9667340959821429	0.230712890625	0.9667340959821429	0.6402493990384616	0.670166015625	0.670166015625	0.9054303850446428	1.0	1.0
bxt_lso__nrlmf	0.16424560546875	0.9103271484375001	0.9103271484375001	0.670166015625	0.0322265625	0.9054303850446428	0.9103271484375001	1.0	1.0
