	bxt_gmo	bxt_gmosa	bxt_gso	bxt_gso_1k	bxt_gso__nrlmf	bxt_lmo	bxt_lmo__nrlmf	bxt_lso	bxt_lso__nrlmf
bxt_gmo	1.0	0.0003662109375	0.0003662109375	0.000274658203125	0.000274658203125	0.0026092529296875	0.000274658203125	0.0052490234375	0.000274658203125
bxt_gmosa	0.0003662109375	1.0	0.03986467633928571	0.979949951171875	0.538330078125	0.00047084263392857144	0.556494140625	0.00966796875	0.9667340959821429
bxt_gso	0.0003662109375	0.03986467633928571	1.0	0.02288818359375	0.6896417791193182	0.556494140625	0.5016796875	0.22239467075892855	0.09383616727941177
bxt_gso_1k	0.000274658203125	0.979949951171875	0.02288818359375	1.0	0.210003662109375	0.025437575120192308	0.210003662109375	0.01687899502840909	0.538330078125
bxt_gso__nrlmf	0.000274658203125	0.538330078125	0.6896417791193182	0.210003662109375	1.0	0.8279490751378676	0.6896417791193182	0.6896417791193182	0.20916748046875
bxt_lmo	0.0026092529296875	0.00047084263392857144	0.556494140625	0.025437575120192308	0.8279490751378676	1.0	0.2354070490056818	0.556494140625	0.04813385009765625
bxt_lmo__nrlmf	0.000274658203125	0.556494140625	0.5016796875	0.210003662109375	0.6896417791193182	0.2354070490056818	1.0	0.23858642578125	0.23858642578125
bxt_lso	0.0052490234375	0.00966796875	0.22239467075892855	0.01687899502840909	0.6896417791193182	0.556494140625	0.23858642578125	1.0	0.04813385009765625
bxt_lso__nrlmf	0.000274658203125	0.9667340959821429	0.09383616727941177	0.538330078125	0.20916748046875	0.04813385009765625	0.23858642578125	0.04813385009765625	1.0
