	bxt_gmo	bxt_gmo__nrlmf	bxt_gmosa	bxt_gmosa__nrlmf	bxt_gso	bxt_gso__nrlmf	bxt_lmo	bxt_lmo__nrlmf
bxt_gmo	1.0	0.0001068115234375	0.93988037109375	0.09390869140625	0.926433856670673	0.926433856670673	0.40460205078125	0.926433856670673
bxt_gmo__nrlmf	0.0001068115234375	1.0	0.0001068115234375	0.0001068115234375	0.0001068115234375	0.0001068115234375	0.0001068115234375	0.0001068115234375
bxt_gmosa	0.93988037109375	0.0001068115234375	1.0	0.926433856670673	0.11279296875	0.926433856670673	0.0001068115234375	0.9332637080439815
bxt_gmosa__nrlmf	0.09390869140625	0.0001068115234375	0.926433856670673	1.0	0.926433856670673	0.028578016493055552	0.926433856670673	0.926433856670673
bxt_gso	0.926433856670673	0.0001068115234375	0.11279296875	0.926433856670673	1.0	0.926433856670673	0.40460205078125	0.8699233111213236
bxt_gso__nrlmf	0.926433856670673	0.0001068115234375	0.926433856670673	0.028578016493055552	0.926433856670673	1.0	0.302703857421875	0.30985201322115385
bxt_lmo	0.40460205078125	0.0001068115234375	0.0001068115234375	0.926433856670673	0.40460205078125	0.302703857421875	1.0	0.318115234375
bxt_lmo__nrlmf	0.926433856670673	0.0001068115234375	0.9332637080439815	0.926433856670673	0.8699233111213236	0.30985201322115385	0.318115234375	1.0
