	bxt_gmo	bxt_gmosa	bxt_gso	bxt_gso_1k	bxt_gso__nrlmf	bxt_lmo	bxt_lmo__nrlmf	bxt_lso	bxt_lso__nrlmf
bxt_gmo	1.0	4.225510817307692e-05	4.225510817307692e-05	4.225510817307692e-05	0.005989320816532258	4.225510817307692e-05	0.0051900929418103444	4.225510817307692e-05	0.005989320816532258
bxt_gmosa	4.225510817307692e-05	1.0	4.225510817307692e-05	4.225510817307692e-05	4.225510817307692e-05	4.225510817307692e-05	4.225510817307692e-05	0.04833984375	4.225510817307692e-05
bxt_gso	4.225510817307692e-05	4.225510817307692e-05	1.0	0.23780691964285713	4.225510817307692e-05	0.000980922154017857	4.225510817307692e-05	4.225510817307692e-05	4.225510817307692e-05
bxt_gso_1k	4.225510817307692e-05	4.225510817307692e-05	0.23780691964285713	1.0	4.225510817307692e-05	0.00020345052083333334	4.225510817307692e-05	4.225510817307692e-05	4.225510817307692e-05
bxt_gso__nrlmf	0.005989320816532258	4.225510817307692e-05	4.225510817307692e-05	4.225510817307692e-05	1.0	4.225510817307692e-05	0.012359619140625	4.225510817307692e-05	0.93988037109375
bxt_lmo	4.225510817307692e-05	4.225510817307692e-05	0.000980922154017857	0.00020345052083333334	4.225510817307692e-05	1.0	4.225510817307692e-05	4.225510817307692e-05	4.225510817307692e-05
bxt_lmo__nrlmf	0.0051900929418103444	4.225510817307692e-05	4.225510817307692e-05	4.225510817307692e-05	0.012359619140625	4.225510817307692e-05	1.0	4.225510817307692e-05	0.06107105928308824
bxt_lso	4.225510817307692e-05	0.04833984375	4.225510817307692e-05	4.225510817307692e-05	4.225510817307692e-05	4.225510817307692e-05	4.225510817307692e-05	1.0	4.225510817307692e-05
bxt_lso__nrlmf	0.005989320816532258	4.225510817307692e-05	4.225510817307692e-05	4.225510817307692e-05	0.93988037109375	4.225510817307692e-05	0.06107105928308824	4.225510817307692e-05	1.0
