	bxt_gmo	bxt_gmosa	bxt_gso	bxt_gso_1k	bxt_gso__nrlmf	bxt_lmo	bxt_lmo__nrlmf	bxt_lso	bxt_lso__nrlmf
bxt_gmo	1.0	0.2747228285845588	0.9108635397518383	0.7847647831357758	0.979949951171875	0.6238037109375	0.9667340959821429	0.9108635397518383	0.8022583007812499
bxt_gmosa	0.2747228285845588	1.0	0.000274658203125	0.000274658203125	0.00091552734375	0.000274658203125	0.000274658203125	0.2689296177455357	0.0006591796874999999
bxt_gso	0.9108635397518383	0.000274658203125	1.0	0.4704764229910714	0.6238037109375	0.2747228285845588	0.7042236328125	0.2587702824519231	0.6238037109375
bxt_gso_1k	0.7847647831357758	0.000274658203125	0.4704764229910714	1.0	0.7042236328125	0.159521484375	0.9108635397518383	0.015106201171875	0.4873934659090909
bxt_gso__nrlmf	0.979949951171875	0.00091552734375	0.6238037109375	0.7042236328125	1.0	0.0439453125	0.318115234375	0.249755859375	0.3322496916118421
bxt_lmo	0.6238037109375	0.000274658203125	0.2747228285845588	0.159521484375	0.0439453125	1.0	0.003923688616071428	0.9108635397518383	0.2747228285845588
bxt_lmo__nrlmf	0.9667340959821429	0.000274658203125	0.7042236328125	0.9108635397518383	0.318115234375	0.003923688616071428	1.0	0.454010009765625	0.7847647831357758
bxt_lso	0.9108635397518383	0.2689296177455357	0.2587702824519231	0.015106201171875	0.249755859375	0.9108635397518383	0.454010009765625	1.0	0.1657936789772727
bxt_lso__nrlmf	0.8022583007812499	0.0006591796874999999	0.6238037109375	0.4873934659090909	0.3322496916118421	0.2747228285845588	0.7847647831357758	0.1657936789772727	1.0
