	bxt_gmo	bxt_gmosa	bxt_gso	bxt_gso_1k	bxt_gso__nrlmf	bxt_lmo	bxt_lmo__nrlmf	bxt_lso	bxt_lso__nrlmf
bxt_gmo	1.0	4.225510817307692e-05	4.225510817307692e-05	4.225510817307692e-05	0.0005303744612068966	4.225510817307692e-05	0.0015747070312499998	4.225510817307692e-05	0.00039236886160714287
bxt_gmosa	4.225510817307692e-05	1.0	4.225510817307692e-05	4.225510817307692e-05	4.225510817307692e-05	0.19831891741071428	4.225510817307692e-05	0.15232220818014705	4.225510817307692e-05
bxt_gso	4.225510817307692e-05	4.225510817307692e-05	1.0	0.49542236328125	4.225510817307692e-05	4.225510817307692e-05	4.225510817307692e-05	4.225510817307692e-05	4.225510817307692e-05
bxt_gso_1k	4.225510817307692e-05	4.225510817307692e-05	0.49542236328125	1.0	4.225510817307692e-05	4.225510817307692e-05	4.225510817307692e-05	4.225510817307692e-05	4.225510817307692e-05
bxt_gso__nrlmf	0.0005303744612068966	4.225510817307692e-05	4.225510817307692e-05	4.225510817307692e-05	1.0	4.225510817307692e-05	0.0001220703125	4.225510817307692e-05	0.15232220818014705
bxt_lmo	4.225510817307692e-05	0.19831891741071428	4.225510817307692e-05	4.225510817307692e-05	4.225510817307692e-05	1.0	4.225510817307692e-05	0.13125228881835938	4.225510817307692e-05
bxt_lmo__nrlmf	0.0015747070312499998	4.225510817307692e-05	4.225510817307692e-05	4.225510817307692e-05	0.0001220703125	4.225510817307692e-05	1.0	4.225510817307692e-05	0.0038983744959677417
bxt_lso	4.225510817307692e-05	0.15232220818014705	4.225510817307692e-05	4.225510817307692e-05	4.225510817307692e-05	0.13125228881835938	4.225510817307692e-05	1.0	4.225510817307692e-05
bxt_lso__nrlmf	0.00039236886160714287	4.225510817307692e-05	4.225510817307692e-05	4.225510817307692e-05	0.15232220818014705	4.225510817307692e-05	0.0038983744959677417	4.225510817307692e-05	1.0
