	bxt_gmo	bxt_gmosa	bxt_gso	bxt_gso_1k	bxt_gso__nrlmf	bxt_lmo	bxt_lmo__nrlmf	bxt_lso	bxt_lso__nrlmf
bxt_gmo	1.0	0.24789864676339285	0.632171630859375	0.6129705255681819	0.0003662109375	0.5941886901855469	0.0003662109375	0.556494140625	0.0003662109375
bxt_gmosa	0.24789864676339285	1.0	0.0008544921875	0.045378311820652176	0.002778894761029412	0.1023418719951923	0.0003662109375	0.24789864676339285	0.002778894761029412
bxt_gso	0.632171630859375	0.0008544921875	1.0	0.0503082275390625	0.01131591796875	0.025368430397727272	0.002778894761029412	0.0941748046875	0.002778894761029412
bxt_gso_1k	0.6129705255681819	0.045378311820652176	0.0503082275390625	1.0	0.00047084263392857144	0.5753291960685484	0.0003662109375	0.5377618197737069	0.0003662109375
bxt_gso__nrlmf	0.0003662109375	0.002778894761029412	0.01131591796875	0.00047084263392857144	1.0	0.006360505756578947	0.0008544921875	0.0157470703125	0.0010986328125
bxt_lmo	0.5941886901855469	0.1023418719951923	0.025368430397727272	0.5753291960685484	0.006360505756578947	1.0	0.002778894761029412	0.632171630859375	0.006360505756578947
bxt_lmo__nrlmf	0.0003662109375	0.0003662109375	0.002778894761029412	0.0003662109375	0.0008544921875	0.002778894761029412	1.0	0.002778894761029412	0.632171630859375
bxt_lso	0.556494140625	0.24789864676339285	0.0941748046875	0.5377618197737069	0.0157470703125	0.632171630859375	0.002778894761029412	1.0	0.002778894761029412
bxt_lso__nrlmf	0.0003662109375	0.002778894761029412	0.002778894761029412	0.0003662109375	0.0010986328125	0.006360505756578947	0.632171630859375	0.002778894761029412	1.0
