	bxt_gmo	bxt_gmosa	bxt_gso	bxt_gso_1k	bxt_gso__nrlmf	bxt_lmo	bxt_lmo__nrlmf	bxt_lso	bxt_lso__nrlmf
bxt_gmo	1.0	0.0010437011718749999	0.17351740056818182	0.0033436650815217395	0.0001373291015625	0.009052734375	0.0001690204326923077	0.022654566271551723	0.0001373291015625
bxt_gmosa	0.0010437011718749999	1.0	0.0001373291015625	0.0062713623046875	0.0001373291015625	0.01812744140625	0.0001373291015625	0.022654566271551723	0.0001373291015625
bxt_gso	0.17351740056818182	0.0001373291015625	1.0	0.03894830519153226	0.0005782277960526315	0.0013078962053571428	0.0005782277960526315	0.0021473277698863635	0.0005782277960526315
bxt_gso_1k	0.0033436650815217395	0.0062713623046875	0.03894830519153226	1.0	0.0001690204326923077	0.06488800048828125	0.0001373291015625	0.20415182674632354	0.0001690204326923077
bxt_gso__nrlmf	0.0001373291015625	0.0001373291015625	0.0005782277960526315	0.0001690204326923077	1.0	0.0001690204326923077	0.029956054687499997	0.0005126953125	0.022654566271551723
bxt_lmo	0.009052734375	0.01812744140625	0.0013078962053571428	0.06488800048828125	0.0001690204326923077	1.0	0.0001373291015625	0.415283203125	0.0001690204326923077
bxt_lmo__nrlmf	0.0001690204326923077	0.0001373291015625	0.0005782277960526315	0.0001373291015625	0.029956054687499997	0.0001373291015625	1.0	0.00039236886160714287	0.5618896484375
bxt_lso	0.022654566271551723	0.022654566271551723	0.0021473277698863635	0.20415182674632354	0.0005126953125	0.415283203125	0.00039236886160714287	1.0	0.0005782277960526315
bxt_lso__nrlmf	0.0001373291015625	0.0001373291015625	0.0005782277960526315	0.0001690204326923077	0.022654566271551723	0.0001690204326923077	0.5618896484375	0.0005782277960526315	1.0
