	bxt_gmo	bxt_gmo__nrlmf	bxt_gmosa	bxt_gmosa__nrlmf	bxt_gso	bxt_gso__nrlmf	bxt_lmo	bxt_lmo__nrlmf
bxt_gmo	1.0	0.0001220703125	0.1541234066611842	0.00469970703125	0.025634765625	0.20140380859374998	0.15390912224264708	0.0005340576171875
bxt_gmo__nrlmf	0.0001220703125	1.0	0.0001220703125	0.0001220703125	0.0001220703125	0.0001220703125	0.0001220703125	0.0001220703125
bxt_gmosa	0.1541234066611842	0.0001220703125	1.0	0.3762613932291667	0.3762613932291667	0.1293487548828125	0.1293487548828125	0.743560791015625
bxt_gmosa__nrlmf	0.00469970703125	0.0001220703125	0.3762613932291667	1.0	0.42051269531249996	0.013128107244318182	0.3762613932291667	0.101318359375
bxt_gso	0.025634765625	0.0001220703125	0.3762613932291667	0.42051269531249996	1.0	0.03339092548076923	0.44924135561342593	0.44924135561342593
bxt_gso__nrlmf	0.20140380859374998	0.0001220703125	0.1293487548828125	0.013128107244318182	0.03339092548076923	1.0	0.1541234066611842	0.0006646050347222221
bxt_lmo	0.15390912224264708	0.0001220703125	0.1293487548828125	0.3762613932291667	0.44924135561342593	0.1541234066611842	1.0	0.3363037109375
bxt_lmo__nrlmf	0.0005340576171875	0.0001220703125	0.743560791015625	0.101318359375	0.44924135561342593	0.0006646050347222221	0.3363037109375	1.0
