	bxt_gmo	bxt_gmosa	bxt_gso	bxt_gso_1k	bxt_gso__nrlmf	bxt_lmo	bxt_lmo__nrlmf	bxt_lso	bxt_lso__nrlmf
bxt_gmo	1.0	0.20916748046875	0.05650111607142857	0.082122802734375	0.5573501586914062	0.20916748046875	0.0025634765625	0.20916748046875	0.0025634765625
bxt_gmosa	0.20916748046875	1.0	0.4300130208333333	0.48273141043526785	0.12644264914772727	0.2046837439903846	0.743560791015625	0.196197509765625	0.5012038658405172
bxt_gso	0.05650111607142857	0.4300130208333333	1.0	0.20916748046875	0.005218505859375	0.5030675088205645	0.5030675088205645	0.743560791015625	0.3952001953125
bxt_gso_1k	0.082122802734375	0.48273141043526785	0.20916748046875	1.0	0.0120849609375	0.38056640625	0.3952001953125	0.20916748046875	0.5761829723011364
bxt_gso__nrlmf	0.5573501586914062	0.12644264914772727	0.005218505859375	0.0120849609375	1.0	0.0855712890625	0.0010986328125	0.12644264914772727	0.01611328125
bxt_lmo	0.20916748046875	0.2046837439903846	0.5030675088205645	0.38056640625	0.0855712890625	1.0	0.3952001953125	0.743560791015625	0.3952001953125
bxt_lmo__nrlmf	0.0025634765625	0.743560791015625	0.5030675088205645	0.3952001953125	0.0010986328125	0.3952001953125	1.0	0.4300130208333333	0.3952001953125
bxt_lso	0.20916748046875	0.196197509765625	0.743560791015625	0.20916748046875	0.12644264914772727	0.743560791015625	0.4300130208333333	1.0	0.3322496916118421
bxt_lso__nrlmf	0.0025634765625	0.5012038658405172	0.3952001953125	0.5761829723011364	0.01611328125	0.3952001953125	0.3952001953125	0.3322496916118421	1.0
