	bxt_gmo	bxt_gmosa	bxt_gso	bxt_gso_1k	bxt_gso__nrlmf	bxt_lmo	bxt_lmo__nrlmf	bxt_lso	bxt_lso__nrlmf
bxt_gmo	1.0	4.225510817307692e-05	4.225510817307692e-05	4.225510817307692e-05	0.29058837890625	4.225510817307692e-05	0.003333782327586207	4.225510817307692e-05	0.11765670776367188
bxt_gmosa	4.225510817307692e-05	1.0	4.225510817307692e-05	0.00020345052083333334	4.225510817307692e-05	4.225510817307692e-05	4.225510817307692e-05	0.01102294921875	4.225510817307692e-05
bxt_gso	4.225510817307692e-05	4.225510817307692e-05	1.0	0.668548583984375	4.225510817307692e-05	4.225510817307692e-05	4.225510817307692e-05	0.018003402217741934	4.225510817307692e-05
bxt_gso_1k	4.225510817307692e-05	0.00020345052083333334	0.668548583984375	1.0	4.225510817307692e-05	4.225510817307692e-05	4.225510817307692e-05	0.19129527698863638	4.225510817307692e-05
bxt_gso__nrlmf	0.29058837890625	4.225510817307692e-05	4.225510817307692e-05	4.225510817307692e-05	1.0	4.225510817307692e-05	4.225510817307692e-05	4.225510817307692e-05	0.6502336774553572
bxt_lmo	4.225510817307692e-05	4.225510817307692e-05	4.225510817307692e-05	4.225510817307692e-05	4.225510817307692e-05	1.0	4.225510817307692e-05	4.225510817307692e-05	4.225510817307692e-05
bxt_lmo__nrlmf	0.003333782327586207	4.225510817307692e-05	4.225510817307692e-05	4.225510817307692e-05	4.225510817307692e-05	4.225510817307692e-05	1.0	4.225510817307692e-05	0.0012948172433035715
bxt_lso	4.225510817307692e-05	0.01102294921875	0.018003402217741934	0.19129527698863638	4.225510817307692e-05	4.225510817307692e-05	4.225510817307692e-05	1.0	4.225510817307692e-05
bxt_lso__nrlmf	0.11765670776367188	4.225510817307692e-05	4.225510817307692e-05	4.225510817307692e-05	0.6502336774553572	4.225510817307692e-05	0.0012948172433035715	4.225510817307692e-05	1.0
