	bxt_gmo	bxt_gmosa	bxt_gso	bxt_gso_1k	bxt_gso__nrlmf	bxt_lmo	bxt_lmo__nrlmf	bxt_lso	bxt_lso__nrlmf
bxt_gmo	1.0	4.0690104166666664e-05	4.0690104166666664e-05	4.0690104166666664e-05	0.2822858537946429	4.0690104166666664e-05	0.01571044921875	4.0690104166666664e-05	0.15693803267045456
bxt_gmosa	4.0690104166666664e-05	1.0	4.0690104166666664e-05	4.0690104166666664e-05	4.0690104166666664e-05	4.0690104166666664e-05	4.0690104166666664e-05	0.04486674647177419	4.0690104166666664e-05
bxt_gso	4.0690104166666664e-05	4.0690104166666664e-05	1.0	0.596588134765625	4.0690104166666664e-05	4.0690104166666664e-05	4.0690104166666664e-05	0.0051900929418103444	4.0690104166666664e-05
bxt_gso_1k	4.0690104166666664e-05	4.0690104166666664e-05	0.596588134765625	1.0	4.0690104166666664e-05	4.0690104166666664e-05	4.0690104166666664e-05	0.14594650268554688	4.0690104166666664e-05
bxt_gso__nrlmf	0.2822858537946429	4.0690104166666664e-05	4.0690104166666664e-05	4.0690104166666664e-05	1.0	4.0690104166666664e-05	4.0690104166666664e-05	4.0690104166666664e-05	0.26706471162683826
bxt_lmo	4.0690104166666664e-05	4.0690104166666664e-05	4.0690104166666664e-05	4.0690104166666664e-05	4.0690104166666664e-05	1.0	4.0690104166666664e-05	4.0690104166666664e-05	4.0690104166666664e-05
bxt_lmo__nrlmf	0.01571044921875	4.0690104166666664e-05	4.0690104166666664e-05	4.0690104166666664e-05	4.0690104166666664e-05	4.0690104166666664e-05	1.0	4.0690104166666664e-05	0.00019618443080357144
bxt_lso	4.0690104166666664e-05	0.04486674647177419	0.0051900929418103444	0.14594650268554688	4.0690104166666664e-05	4.0690104166666664e-05	4.0690104166666664e-05	1.0	4.0690104166666664e-05
bxt_lso__nrlmf	0.15693803267045456	4.0690104166666664e-05	4.0690104166666664e-05	4.0690104166666664e-05	0.26706471162683826	4.0690104166666664e-05	0.00019618443080357144	4.0690104166666664e-05	1.0
