	bxt_gmo	bxt_gmosa	bxt_gso	bxt_gso_1k	bxt_gso__nrlmf	bxt_lmo	bxt_lmo__nrlmf	bxt_lso	bxt_lso__nrlmf
bxt_gmo	1.0	0.04053376850328947	0.057952880859375	0.4124098557692308	0.003021240234375	0.252509765625	0.8042933872767857	0.7872996610753676	0.7698752663352273
bxt_gmosa	0.04053376850328947	1.0	0.4645182291666667	0.034881591796875	0.7521171569824219	0.0010986328125	0.0010986328125	0.057952880859375	0.005915715144230769
bxt_gso	0.057952880859375	0.4645182291666667	1.0	0.001708984375	0.899932861328125	0.00054931640625	0.00128173828125	0.001708984375	0.002496892755681818
bxt_gso_1k	0.4124098557692308	0.034881591796875	0.001708984375	1.0	0.034881591796875	0.0020874023437499997	0.034881591796875	0.71590576171875	0.044934082031249996
bxt_gso__nrlmf	0.003021240234375	0.7521171569824219	0.899932861328125	0.034881591796875	1.0	0.00054931640625	0.0010986328125	0.057952880859375	0.0015694754464285715
bxt_lmo	0.252509765625	0.0010986328125	0.00054931640625	0.0020874023437499997	0.00054931640625	1.0	0.04053376850328947	0.038646024816176475	0.049700055803571425
bxt_lmo__nrlmf	0.8042933872767857	0.0010986328125	0.00128173828125	0.034881591796875	0.0010986328125	0.04053376850328947	1.0	0.5377618197737069	0.5377618197737069
bxt_lso	0.7872996610753676	0.057952880859375	0.001708984375	0.71590576171875	0.057952880859375	0.038646024816176475	0.5377618197737069	1.0	0.7521171569824219
bxt_lso__nrlmf	0.7698752663352273	0.005915715144230769	0.002496892755681818	0.044934082031249996	0.0015694754464285715	0.049700055803571425	0.5377618197737069	0.7521171569824219	1.0
