	bxt_gmo	bxt_gmosa	bxt_gso	bxt_gso_1k	bxt_gso__nrlmf	bxt_lmo	bxt_lmo__nrlmf	bxt_lso	bxt_lso__nrlmf
bxt_gmo	1.0	5.231584821428571e-05	5.231584821428571e-05	5.231584821428571e-05	5.231584821428571e-05	5.231584821428571e-05	5.231584821428571e-05	5.231584821428571e-05	5.231584821428571e-05
bxt_gmosa	5.231584821428571e-05	1.0	0.5245648552389706	0.0966796875	5.231584821428571e-05	0.0013427734375	5.231584821428571e-05	0.000640869140625	5.231584821428571e-05
bxt_gso	5.231584821428571e-05	0.5245648552389706	1.0	0.3800603693181818	5.231584821428571e-05	0.009470972521551723	5.231584821428571e-05	0.0010986328125	5.231584821428571e-05
bxt_gso_1k	5.231584821428571e-05	0.0966796875	0.3800603693181818	1.0	5.231584821428571e-05	0.0463623046875	5.231584821428571e-05	9.987571022727272e-05	5.231584821428571e-05
bxt_gso__nrlmf	5.231584821428571e-05	5.231584821428571e-05	5.231584821428571e-05	5.231584821428571e-05	1.0	5.231584821428571e-05	0.6502336774553572	5.231584821428571e-05	0.3350830078125
bxt_lmo	5.231584821428571e-05	0.0013427734375	0.009470972521551723	0.0463623046875	5.231584821428571e-05	1.0	0.005375453404017857	0.00023883322010869568	0.0013427734375
bxt_lmo__nrlmf	5.231584821428571e-05	5.231584821428571e-05	5.231584821428571e-05	5.231584821428571e-05	0.6502336774553572	0.005375453404017857	1.0	5.231584821428571e-05	0.743560791015625
bxt_lso	5.231584821428571e-05	0.000640869140625	0.0010986328125	9.987571022727272e-05	5.231584821428571e-05	0.00023883322010869568	5.231584821428571e-05	1.0	5.231584821428571e-05
bxt_lso__nrlmf	5.231584821428571e-05	5.231584821428571e-05	5.231584821428571e-05	5.231584821428571e-05	0.3350830078125	0.0013427734375	0.743560791015625	5.231584821428571e-05	1.0
