	bxt_gmo	bxt_gmosa	bxt_gso	bxt_gso_1k	bxt_gso__nrlmf	bxt_lmo	bxt_lmo__nrlmf	bxt_lso	bxt_lso__nrlmf
bxt_gmo	1.0	0.0010986328125	0.00015694754464285713	0.00015694754464285713	0.00015694754464285713	0.0008544921875	0.00015694754464285713	0.00015694754464285713	0.00015694754464285713
bxt_gmosa	0.0010986328125	1.0	0.0008544921875	0.029862837357954544	0.003021240234375	0.5245648552389706	0.005126953125	0.00015694754464285713	0.0036339393028846155
bxt_gso	0.00015694754464285713	0.0008544921875	1.0	0.0152587890625	0.09855143229166667	0.041748046875	0.01740465666118421	0.12014334542410714	0.190869140625
bxt_gso_1k	0.00015694754464285713	0.029862837357954544	0.0152587890625	1.0	0.0018976384943181818	0.27515758167613635	0.005126953125	0.705718994140625	0.018833705357142856
bxt_gso__nrlmf	0.00015694754464285713	0.003021240234375	0.09855143229166667	0.0018976384943181818	1.0	0.0141448974609375	0.27515758167613635	0.033484417459239135	0.6502336774553572
bxt_lmo	0.0008544921875	0.5245648552389706	0.041748046875	0.27515758167613635	0.0141448974609375	1.0	0.0152587890625	0.16104441675646552	0.041748046875
bxt_lmo__nrlmf	0.00015694754464285713	0.005126953125	0.01740465666118421	0.005126953125	0.27515758167613635	0.0152587890625	1.0	0.018833705357142856	0.22390845514112903
bxt_lso	0.00015694754464285713	0.00015694754464285713	0.12014334542410714	0.705718994140625	0.033484417459239135	0.16104441675646552	0.018833705357142856	1.0	0.061354417067307696
bxt_lso__nrlmf	0.00015694754464285713	0.0036339393028846155	0.190869140625	0.018833705357142856	0.6502336774553572	0.041748046875	0.22390845514112903	0.061354417067307696	1.0
