	bxt_gmo	bxt_gmosa	bxt_gso	bxt_gso_1k	bxt_gso__nrlmf	bxt_lmo	bxt_lmo__nrlmf	bxt_lso	bxt_lso__nrlmf
bxt_gmo	1.0	9.987571022727272e-05	9.987571022727272e-05	9.987571022727272e-05	0.4873466491699219	9.987571022727272e-05	0.979949951171875	9.987571022727272e-05	0.24789864676339285
bxt_gmosa	9.987571022727272e-05	1.0	0.979949951171875	0.4688681325604838	0.00015694754464285713	0.15555826822916666	9.987571022727272e-05	0.037445068359375	0.00030517578125
bxt_gso	9.987571022727272e-05	0.979949951171875	1.0	0.32933349609375	9.987571022727272e-05	0.2624595905172414	0.00015694754464285713	0.020491890285326088	0.00030517578125
bxt_gso_1k	9.987571022727272e-05	0.4688681325604838	0.32933349609375	1.0	9.987571022727272e-05	0.5059037642045455	9.987571022727272e-05	0.0008095189144736842	0.00020599365234375
bxt_gso__nrlmf	0.4873466491699219	0.00015694754464285713	9.987571022727272e-05	9.987571022727272e-05	1.0	0.0010437011718749999	0.15555826822916666	9.987571022727272e-05	0.979949951171875
bxt_lmo	9.987571022727272e-05	0.15555826822916666	0.2624595905172414	0.5059037642045455	0.0010437011718749999	1.0	0.00020599365234375	0.0021473277698863635	0.0021473277698863635
bxt_lmo__nrlmf	0.979949951171875	9.987571022727272e-05	0.00015694754464285713	9.987571022727272e-05	0.15555826822916666	0.00020599365234375	1.0	9.987571022727272e-05	0.083056640625
bxt_lso	9.987571022727272e-05	0.037445068359375	0.020491890285326088	0.0008095189144736842	9.987571022727272e-05	0.0021473277698863635	9.987571022727272e-05	1.0	0.00015694754464285713
bxt_lso__nrlmf	0.24789864676339285	0.00030517578125	0.00030517578125	0.00020599365234375	0.979949951171875	0.0021473277698863635	0.083056640625	0.00015694754464285713	1.0
