	brf_gmo	brf_gmo__nrlmf	brf_gso__nrlmf	brf_lmo	bxt_gmo	bxt_gmo__nrlmf	bxt_gmosa__nrlmf	bxt_gso__nrlmf
brf_gmo	1.0	4.2724609375e-05	0.0005437677556818182	4.2724609375e-05	4.2724609375e-05	8.138020833333333e-05	4.2724609375e-05	4.2724609375e-05
brf_gmo__nrlmf	4.2724609375e-05	1.0	4.2724609375e-05	4.2724609375e-05	4.2724609375e-05	4.2724609375e-05	4.2724609375e-05	4.2724609375e-05
brf_gso__nrlmf	0.0005437677556818182	4.2724609375e-05	1.0	4.2724609375e-05	4.2724609375e-05	0.375457763671875	4.2724609375e-05	4.2724609375e-05
brf_lmo	4.2724609375e-05	4.2724609375e-05	4.2724609375e-05	1.0	4.2724609375e-05	4.2724609375e-05	0.0011749267578125	0.0011749267578125
bxt_gmo	4.2724609375e-05	4.2724609375e-05	4.2724609375e-05	4.2724609375e-05	1.0	4.2724609375e-05	0.1171337890625	0.2846091941550926
bxt_gmo__nrlmf	8.138020833333333e-05	4.2724609375e-05	0.375457763671875	4.2724609375e-05	4.2724609375e-05	1.0	4.2724609375e-05	4.2724609375e-05
bxt_gmosa__nrlmf	4.2724609375e-05	4.2724609375e-05	4.2724609375e-05	0.0011749267578125	0.1171337890625	4.2724609375e-05	1.0	0.2076416015625
bxt_gso__nrlmf	4.2724609375e-05	4.2724609375e-05	4.2724609375e-05	0.0011749267578125	0.2846091941550926	4.2724609375e-05	0.2076416015625	1.0
