	brf_gmo	brf_gmo__nrlmf	brf_gso__nrlmf	brf_lmo	bxt_gmo	bxt_gmo__nrlmf	bxt_gmosa__nrlmf	bxt_gso__nrlmf
brf_gmo	1.0	0.24666341145833334	0.024332682291666668	0.32076322115384615	7.768110795454545e-05	7.768110795454545e-05	7.768110795454545e-05	7.768110795454545e-05
brf_gmo__nrlmf	0.24666341145833334	1.0	0.08323530717329546	0.33445457175925924	7.768110795454545e-05	7.768110795454545e-05	7.768110795454545e-05	7.768110795454545e-05
brf_gso__nrlmf	0.024332682291666668	0.08323530717329546	1.0	0.013536955180921052	7.768110795454545e-05	7.768110795454545e-05	7.768110795454545e-05	0.000213623046875
brf_lmo	0.32076322115384615	0.33445457175925924	0.013536955180921052	1.0	0.0008544921875	0.0014241536458333335	0.002161362591911765	0.00176239013671875
bxt_gmo	7.768110795454545e-05	7.768110795454545e-05	7.768110795454545e-05	0.0008544921875	1.0	0.3073779296875	0.005221896701388888	0.93988037109375
bxt_gmo__nrlmf	7.768110795454545e-05	7.768110795454545e-05	7.768110795454545e-05	0.0014241536458333335	0.3073779296875	1.0	0.0006573016826923076	0.19363536005434784
bxt_gmosa__nrlmf	7.768110795454545e-05	7.768110795454545e-05	7.768110795454545e-05	0.002161362591911765	0.005221896701388888	0.0006573016826923076	1.0	0.018328857421875
bxt_gso__nrlmf	7.768110795454545e-05	7.768110795454545e-05	0.000213623046875	0.00176239013671875	0.93988037109375	0.19363536005434784	0.018328857421875	1.0
