	brf_gmo	brf_gmo__nrlmf	brf_gso__nrlmf	brf_lmo	bxt_gmo	bxt_gmo__nrlmf	bxt_gmosa__nrlmf	bxt_gso__nrlmf
brf_gmo	1.0	0.45707901664402173	0.471038818359375	0.2942560369318182	0.001068115234375	0.0709228515625	0.03327772352430555	0.003615159254807692
brf_gmo__nrlmf	0.45707901664402173	1.0	0.5548730468749999	0.979949951171875	0.000213623046875	0.000213623046875	0.0011962890624999999	0.000213623046875
brf_gso__nrlmf	0.471038818359375	0.5548730468749999	1.0	0.926433856670673	0.000213623046875	0.003061930338541667	0.0011962890624999999	0.000341796875
brf_lmo	0.2942560369318182	0.979949951171875	0.926433856670673	1.0	0.003061930338541667	0.04942562705592105	0.03005801930147059	0.003987630208333333
bxt_gmo	0.001068115234375	0.000213623046875	0.000213623046875	0.003061930338541667	1.0	0.0058746337890625	0.00042724609375	0.0006103515625
bxt_gmo__nrlmf	0.0709228515625	0.000213623046875	0.003061930338541667	0.04942562705592105	0.0058746337890625	1.0	0.9332637080439815	0.2942560369318182
bxt_gmosa__nrlmf	0.03327772352430555	0.0011962890624999999	0.0011962890624999999	0.03005801930147059	0.00042724609375	0.9332637080439815	1.0	0.003987630208333333
bxt_gso__nrlmf	0.003615159254807692	0.000213623046875	0.000341796875	0.003987630208333333	0.0006103515625	0.2942560369318182	0.003987630208333333	1.0
