	brf_gmo	brf_gmo__nrlmf	brf_gso__nrlmf	brf_lmo	bxt_gmo	bxt_gmo__nrlmf	bxt_gmosa__nrlmf	bxt_gso__nrlmf
brf_gmo	1.0	0.7199753981370192	0.93988037109375	0.027227228338068184	0.0001068115234375	0.0001068115234375	0.007220458984375	0.00229644775390625
brf_gmo__nrlmf	0.7199753981370192	1.0	0.9332637080439815	0.07629903157552084	0.0001068115234375	0.0001068115234375	0.0013529459635416667	0.0001068115234375
brf_gso__nrlmf	0.93988037109375	0.9332637080439815	1.0	0.027227228338068184	0.0001068115234375	0.0001068115234375	0.007220458984375	0.0018798828125
brf_lmo	0.027227228338068184	0.07629903157552084	0.027227228338068184	1.0	0.0018798828125	0.0018798828125	0.005221896701388888	0.002764533547794118
bxt_gmo	0.0001068115234375	0.0001068115234375	0.0001068115234375	0.0018798828125	1.0	0.51939453125	0.0001068115234375	0.0010875355113636365
bxt_gmo__nrlmf	0.0001068115234375	0.0001068115234375	0.0001068115234375	0.0018798828125	0.51939453125	1.0	0.00018988715277777775	0.00042724609375
bxt_gmosa__nrlmf	0.007220458984375	0.0013529459635416667	0.007220458984375	0.005221896701388888	0.0001068115234375	0.00018988715277777775	1.0	0.04082986582880435
bxt_gso__nrlmf	0.00229644775390625	0.0001068115234375	0.0018798828125	0.002764533547794118	0.0010875355113636365	0.00042724609375	0.04082986582880435	1.0
