	brf_gmo	brf_gmo__nrlmf	brf_gso__nrlmf	brf_lmo	bxt_gmo	bxt_gmo__nrlmf	bxt_gmosa__nrlmf	bxt_gso__nrlmf
brf_gmo	1.0	0.11100260416666667	0.11100260416666667	0.0341796875	0.08271484375	0.24666341145833334	0.2347252887228261	0.088653564453125
brf_gmo__nrlmf	0.11100260416666667	1.0	0.11892977627840909	0.06244365985576923	0.018798828125	0.01068115234375	0.08271484375	0.05445445667613637
brf_gso__nrlmf	0.11100260416666667	0.11892977627840909	1.0	0.10892526726973684	0.018798828125	0.01068115234375	0.025146484375	0.03665771484375
brf_lmo	0.0341796875	0.06244365985576923	0.10892526726973684	1.0	0.0321502685546875	0.019510904947916668	0.06244365985576923	0.018798828125
bxt_gmo	0.08271484375	0.018798828125	0.018798828125	0.0321502685546875	1.0	0.51939453125	0.09499942555147059	0.93988037109375
bxt_gmo__nrlmf	0.24666341145833334	0.01068115234375	0.01068115234375	0.019510904947916668	0.51939453125	1.0	0.7711000795717593	0.5335317758413461
bxt_gmosa__nrlmf	0.2347252887228261	0.08271484375	0.025146484375	0.06244365985576923	0.09499942555147059	0.7711000795717593	1.0	0.10173204210069443
bxt_gso__nrlmf	0.088653564453125	0.05445445667613637	0.03665771484375	0.018798828125	0.93988037109375	0.5335317758413461	0.10173204210069443	1.0
