	brf_gmo	brf_gmo__nrlmf	brf_gso__nrlmf	brf_lmo	bxt_gmo	bxt_gmo__nrlmf	bxt_gmosa__nrlmf	bxt_gso__nrlmf
brf_gmo	1.0	0.528167724609375	0.49941781850961536	0.01186794704861111	0.0031331380208333335	0.002826397235576923	0.01186794704861111	0.0018039279513888888
brf_gmo__nrlmf	0.528167724609375	1.0	0.10465820312499999	0.04058837890625	0.000341796875	0.000213623046875	0.001495361328125	0.000213623046875
brf_gso__nrlmf	0.49941781850961536	0.10465820312499999	1.0	0.09407182173295454	0.00042724609375	0.0025634765625	0.000213623046875	0.000213623046875
brf_lmo	0.01186794704861111	0.04058837890625	0.09407182173295454	1.0	0.0025634765625	0.00731658935546875	0.002826397235576923	0.001220703125
bxt_gmo	0.0031331380208333335	0.000341796875	0.00042724609375	0.0025634765625	1.0	0.528167724609375	0.0031331380208333335	0.031526264391447366
bxt_gmo__nrlmf	0.002826397235576923	0.000213623046875	0.0025634765625	0.00731658935546875	0.528167724609375	1.0	0.05908203125	0.10135020380434782
bxt_gmosa__nrlmf	0.01186794704861111	0.001495361328125	0.000213623046875	0.002826397235576923	0.0031331380208333335	0.05908203125	1.0	0.10465820312499999
bxt_gso__nrlmf	0.0018039279513888888	0.000213623046875	0.000213623046875	0.001220703125	0.031526264391447366	0.10135020380434782	0.10465820312499999	1.0
