	bxt_gmo	bxt_gmo__nrlmf	bxt_gmosa	bxt_gmosa__nrlmf	bxt_gso	bxt_gso__nrlmf	bxt_lmo	bxt_lmo__nrlmf
bxt_gmo	1.0	4.497327302631579e-05	4.497327302631579e-05	0.5645592730978262	4.497327302631579e-05	1.0	4.497327302631579e-05	0.44340376420454547
bxt_gmo__nrlmf	4.497327302631579e-05	1.0	4.497327302631579e-05	4.497327302631579e-05	4.497327302631579e-05	4.497327302631579e-05	4.497327302631579e-05	4.497327302631579e-05
bxt_gmosa	4.497327302631579e-05	4.497327302631579e-05	1.0	4.497327302631579e-05	1.0	4.497327302631579e-05	1.0	4.497327302631579e-05
bxt_gmosa__nrlmf	0.5645592730978262	4.497327302631579e-05	4.497327302631579e-05	1.0	4.497327302631579e-05	0.19181315104166666	4.497327302631579e-05	1.0
bxt_gso	4.497327302631579e-05	4.497327302631579e-05	1.0	4.497327302631579e-05	1.0	4.497327302631579e-05	1.0	4.497327302631579e-05
bxt_gso__nrlmf	1.0	4.497327302631579e-05	4.497327302631579e-05	0.19181315104166666	4.497327302631579e-05	1.0	4.497327302631579e-05	0.003759765625
bxt_lmo	4.497327302631579e-05	4.497327302631579e-05	1.0	4.497327302631579e-05	1.0	4.497327302631579e-05	1.0	4.497327302631579e-05
bxt_lmo__nrlmf	0.44340376420454547	4.497327302631579e-05	4.497327302631579e-05	1.0	4.497327302631579e-05	0.003759765625	4.497327302631579e-05	1.0
