	bxt_gmo	bxt_gmo__nrlmf	bxt_gmosa	bxt_gmosa__nrlmf	bxt_gso	bxt_gso__nrlmf	bxt_lmo	bxt_lmo__nrlmf
bxt_gmo	1.0	4.497327302631579e-05	4.497327302631579e-05	0.3626019021739131	4.497327302631579e-05	0.07340864701704546	4.497327302631579e-05	1.0
bxt_gmo__nrlmf	4.497327302631579e-05	1.0	4.497327302631579e-05	4.497327302631579e-05	4.497327302631579e-05	4.497327302631579e-05	4.497327302631579e-05	4.497327302631579e-05
bxt_gmosa	4.497327302631579e-05	4.497327302631579e-05	1.0	4.497327302631579e-05	1.0	4.497327302631579e-05	1.0	4.497327302631579e-05
bxt_gmosa__nrlmf	0.3626019021739131	4.497327302631579e-05	4.497327302631579e-05	1.0	4.497327302631579e-05	0.8674875895182292	4.497327302631579e-05	0.06754557291666667
bxt_gso	4.497327302631579e-05	4.497327302631579e-05	1.0	4.497327302631579e-05	1.0	4.497327302631579e-05	1.0	4.497327302631579e-05
bxt_gso__nrlmf	0.07340864701704546	4.497327302631579e-05	4.497327302631579e-05	0.8674875895182292	4.497327302631579e-05	1.0	4.497327302631579e-05	0.007220458984375
bxt_lmo	4.497327302631579e-05	4.497327302631579e-05	1.0	4.497327302631579e-05	1.0	4.497327302631579e-05	1.0	4.497327302631579e-05
bxt_lmo__nrlmf	1.0	4.497327302631579e-05	4.497327302631579e-05	0.06754557291666667	4.497327302631579e-05	0.007220458984375	4.497327302631579e-05	1.0
