	bxt_gmo	bxt_gmo__nrlmf	bxt_gmosa	bxt_gmosa__nrlmf	bxt_gso	bxt_gso__nrlmf	bxt_lmo	bxt_lmo__nrlmf
bxt_gmo	1.0	0.002349853515625	0.0014759410511363637	0.03406575520833333	0.0007120768229166667	0.0507354736328125	0.743560791015625	0.42051269531249996
bxt_gmo__nrlmf	0.002349853515625	1.0	0.18309437144886365	0.08499948601973684	0.03406575520833333	0.0729836856617647	0.0014759410511363637	0.08499948601973684
bxt_gmosa	0.0014759410511363637	0.18309437144886365	1.0	0.0014759410511363637	0.023662860576923076	0.0014759410511363637	0.0007120768229166667	0.0014759410511363637
bxt_gmosa__nrlmf	0.03406575520833333	0.08499948601973684	0.0014759410511363637	1.0	0.00042724609375	0.5335317758413461	0.10347900390624999	0.2347252887228261
bxt_gso	0.0007120768229166667	0.03406575520833333	0.023662860576923076	0.00042724609375	1.0	0.00042724609375	0.00042724609375	0.00042724609375
bxt_gso__nrlmf	0.0507354736328125	0.0729836856617647	0.0014759410511363637	0.5335317758413461	0.00042724609375	1.0	0.2942657470703125	0.6186839916087963
bxt_lmo	0.743560791015625	0.0014759410511363637	0.0007120768229166667	0.10347900390624999	0.00042724609375	0.2942657470703125	1.0	0.18309437144886365
bxt_lmo__nrlmf	0.42051269531249996	0.08499948601973684	0.0014759410511363637	0.2347252887228261	0.00042724609375	0.6186839916087963	0.18309437144886365	1.0
