	bxt_gmo	bxt_gmo__nrlmf	bxt_gmosa	bxt_gmosa__nrlmf	bxt_gso	bxt_gso__nrlmf	bxt_lmo	bxt_lmo__nrlmf
bxt_gmo	1.0	3.884055397727273e-05	3.884055397727273e-05	0.04006618923611111	3.884055397727273e-05	0.065399169921875	3.884055397727273e-05	0.0004984537760416667
bxt_gmo__nrlmf	3.884055397727273e-05	1.0	3.884055397727273e-05	3.884055397727273e-05	3.884055397727273e-05	3.884055397727273e-05	3.884055397727273e-05	3.884055397727273e-05
bxt_gmosa	3.884055397727273e-05	3.884055397727273e-05	1.0	3.884055397727273e-05	3.884055397727273e-05	3.884055397727273e-05	3.884055397727273e-05	3.884055397727273e-05
bxt_gmosa__nrlmf	0.04006618923611111	3.884055397727273e-05	3.884055397727273e-05	1.0	3.884055397727273e-05	0.036118727463942304	7.430366847826087e-05	0.0006494140624999999
bxt_gso	3.884055397727273e-05	3.884055397727273e-05	3.884055397727273e-05	3.884055397727273e-05	1.0	3.884055397727273e-05	3.884055397727273e-05	3.884055397727273e-05
bxt_gso__nrlmf	0.065399169921875	3.884055397727273e-05	3.884055397727273e-05	0.036118727463942304	3.884055397727273e-05	1.0	3.884055397727273e-05	3.884055397727273e-05
bxt_lmo	3.884055397727273e-05	3.884055397727273e-05	3.884055397727273e-05	7.430366847826087e-05	3.884055397727273e-05	3.884055397727273e-05	1.0	3.884055397727273e-05
bxt_lmo__nrlmf	0.0004984537760416667	3.884055397727273e-05	3.884055397727273e-05	0.0006494140624999999	3.884055397727273e-05	3.884055397727273e-05	3.884055397727273e-05	1.0
