	bxt_gmo	bxt_gmo__nrlmf	bxt_gmosa	bxt_gmosa__nrlmf	bxt_gso	bxt_gso__nrlmf	bxt_lmo	bxt_lmo__nrlmf
bxt_gmo	1.0	0.471038818359375	5.340576171875e-05	0.471038818359375	5.340576171875e-05	0.471038818359375	5.340576171875e-05	0.860260009765625
bxt_gmo__nrlmf	0.471038818359375	1.0	5.340576171875e-05	0.10173204210069443	5.340576171875e-05	0.12268708881578946	5.340576171875e-05	0.8109130859375
bxt_gmosa	5.340576171875e-05	5.340576171875e-05	1.0	5.340576171875e-05	5.340576171875e-05	5.340576171875e-05	5.340576171875e-05	5.340576171875e-05
bxt_gmosa__nrlmf	0.471038818359375	0.10173204210069443	5.340576171875e-05	1.0	5.340576171875e-05	0.3082682291666667	5.340576171875e-05	0.146417236328125
bxt_gso	5.340576171875e-05	5.340576171875e-05	5.340576171875e-05	5.340576171875e-05	1.0	5.340576171875e-05	0.8007577749399039	0.00010052849264705883
bxt_gso__nrlmf	0.471038818359375	0.12268708881578946	5.340576171875e-05	0.3082682291666667	5.340576171875e-05	1.0	5.340576171875e-05	0.4851806640625
bxt_lmo	5.340576171875e-05	5.340576171875e-05	5.340576171875e-05	5.340576171875e-05	0.8007577749399039	5.340576171875e-05	1.0	5.340576171875e-05
bxt_lmo__nrlmf	0.860260009765625	0.8109130859375	5.340576171875e-05	0.146417236328125	0.00010052849264705883	0.4851806640625	5.340576171875e-05	1.0
