	bxt_gmo	bxt_gmo__nrlmf	bxt_gmosa	bxt_gmosa__nrlmf	bxt_gso	bxt_gso__nrlmf	bxt_lmo	bxt_lmo__nrlmf
bxt_gmo	1.0	0.00128173828125	0.8791825143914473	0.3507080078125	0.8981878107244319	0.979949951171875	0.770657009548611	0.9746907552083334
bxt_gmo__nrlmf	0.00128173828125	1.0	0.2119140625	0.0008544921875	0.1173858642578125	0.042724609375	0.06109619140625	0.042724609375
bxt_gmosa	0.8791825143914473	0.2119140625	1.0	0.042724609375	0.141845703125	0.099853515625	0.141845703125	0.3507080078125
bxt_gmosa__nrlmf	0.3507080078125	0.0008544921875	0.042724609375	1.0	0.48027801513671875	0.4708251953125	0.885040283203125	0.3507080078125
bxt_gso	0.8981878107244319	0.1173858642578125	0.141845703125	0.48027801513671875	1.0	0.969158466045673	0.9052044412364131	0.9122772216796875
bxt_gso__nrlmf	0.979949951171875	0.042724609375	0.099853515625	0.4708251953125	0.969158466045673	1.0	0.7135009765625001	0.969158466045673
bxt_lmo	0.770657009548611	0.06109619140625	0.141845703125	0.885040283203125	0.9052044412364131	0.7135009765625001	1.0	0.8981878107244319
bxt_lmo__nrlmf	0.9746907552083334	0.042724609375	0.3507080078125	0.3507080078125	0.9122772216796875	0.969158466045673	0.8981878107244319	1.0
