	bxt_gmo	bxt_gmo__nrlmf	bxt_gmosa	bxt_gmosa__nrlmf	bxt_gso	bxt_gso__nrlmf	bxt_lmo	bxt_lmo__nrlmf
bxt_gmo	1.0	9.494357638888888e-05	0.0110015869140625	0.00023304332386363637	0.0004601111778846154	9.494357638888888e-05	0.0024495442708333333	9.494357638888888e-05
bxt_gmo__nrlmf	9.494357638888888e-05	1.0	9.494357638888888e-05	9.494357638888888e-05	9.494357638888888e-05	9.494357638888888e-05	9.494357638888888e-05	9.494357638888888e-05
bxt_gmosa	0.0110015869140625	9.494357638888888e-05	1.0	0.10347900390624999	0.0001708984375	0.0006103515625	0.06530119243421052	0.0004601111778846154
bxt_gmosa__nrlmf	0.00023304332386363637	9.494357638888888e-05	0.10347900390624999	1.0	0.7711000795717593	0.05217149522569444	0.899932861328125	0.16511119495738635
bxt_gso	0.0004601111778846154	9.494357638888888e-05	0.0001708984375	0.7711000795717593	1.0	0.15555826822916666	0.3073779296875	0.224945068359375
bxt_gso__nrlmf	9.494357638888888e-05	9.494357638888888e-05	0.0006103515625	0.05217149522569444	0.15555826822916666	1.0	0.19363536005434784	0.6424795297475961
bxt_lmo	0.0024495442708333333	9.494357638888888e-05	0.06530119243421052	0.899932861328125	0.3073779296875	0.19363536005434784	1.0	0.03523523667279412
bxt_lmo__nrlmf	9.494357638888888e-05	9.494357638888888e-05	0.0004601111778846154	0.16511119495738635	0.224945068359375	0.6424795297475961	0.03523523667279412	1.0
