	bxt_gmo	bxt_gmo__nrlmf	bxt_gmosa	bxt_gmosa__nrlmf	bxt_gso	bxt_gso__nrlmf	bxt_lmo	bxt_lmo__nrlmf
bxt_gmo	1.0	0.054556039663461536	5.0264246323529416e-05	0.0002848307291666667	5.0264246323529416e-05	0.000128173828125	0.322509765625	5.0264246323529416e-05
bxt_gmo__nrlmf	0.054556039663461536	1.0	5.0264246323529416e-05	5.0264246323529416e-05	5.0264246323529416e-05	5.0264246323529416e-05	0.032470703125	5.0264246323529416e-05
bxt_gmosa	5.0264246323529416e-05	5.0264246323529416e-05	1.0	5.0264246323529416e-05	0.0007379705255681819	5.0264246323529416e-05	5.0264246323529416e-05	5.0264246323529416e-05
bxt_gmosa__nrlmf	0.0002848307291666667	5.0264246323529416e-05	5.0264246323529416e-05	1.0	5.0264246323529416e-05	0.23976417824074073	0.000128173828125	0.0015975288722826087
bxt_gso	5.0264246323529416e-05	5.0264246323529416e-05	0.0007379705255681819	5.0264246323529416e-05	1.0	5.0264246323529416e-05	5.0264246323529416e-05	5.0264246323529416e-05
bxt_gso__nrlmf	0.000128173828125	5.0264246323529416e-05	5.0264246323529416e-05	0.23976417824074073	5.0264246323529416e-05	1.0	0.000128173828125	0.0019582112630208335
bxt_lmo	0.322509765625	0.032470703125	5.0264246323529416e-05	0.000128173828125	5.0264246323529416e-05	0.000128173828125	1.0	5.0264246323529416e-05
bxt_lmo__nrlmf	5.0264246323529416e-05	5.0264246323529416e-05	5.0264246323529416e-05	0.0015975288722826087	5.0264246323529416e-05	0.0019582112630208335	5.0264246323529416e-05	1.0
