	bxt_gmo	bxt_gmo__nrlmf	bxt_gmosa	bxt_gmosa__nrlmf	bxt_gso	bxt_gso__nrlmf	bxt_lmo	bxt_lmo__nrlmf
bxt_gmo	1.0	0.2573879076086957	0.00014241536458333334	0.8512957537615741	0.0003884055397727273	0.041116153492647065	0.003615159254807692	0.93988037109375
bxt_gmo__nrlmf	0.2573879076086957	1.0	0.00014241536458333334	0.3901953125	0.00025634765625	0.007804361979166667	0.002349853515625	0.21207682291666666
bxt_gmosa	0.00014241536458333334	0.00014241536458333334	1.0	0.00018988715277777775	0.0133514404296875	0.00018988715277777775	0.00014241536458333334	0.00014241536458333334
bxt_gmosa__nrlmf	0.8512957537615741	0.3901953125	0.00018988715277777775	1.0	0.00014241536458333334	0.3762613932291667	0.10892526726973684	0.7600050706129807
bxt_gso	0.0003884055397727273	0.00025634765625	0.0133514404296875	0.00014241536458333334	1.0	0.00014241536458333334	0.0042724609375	0.00018988715277777775
bxt_gso__nrlmf	0.041116153492647065	0.007804361979166667	0.00018988715277777775	0.3762613932291667	0.00014241536458333334	1.0	0.2231778231534091	0.163336181640625
bxt_lmo	0.003615159254807692	0.002349853515625	0.00014241536458333334	0.10892526726973684	0.0042724609375	0.2231778231534091	1.0	0.05217149522569444
bxt_lmo__nrlmf	0.93988037109375	0.21207682291666666	0.00014241536458333334	0.7600050706129807	0.00018988715277777775	0.163336181640625	0.05217149522569444	1.0
