	brf_gmo__precomputed	brf_gmo__softmax	brf_gmo__square	brf_gmo__uniform	brf_gmo_full	brf_gmosa
brf_gmo__precomputed	1.0	0.4431023319909091	0.35496946630300247	0.1259765625	0.0048828125	0.069580078125
brf_gmo__softmax	0.4431023319909091	1.0	0.35496946630300247	0.25012832976643573	0.0048828125	0.08138020833333334
brf_gmo__square	0.35496946630300247	0.35496946630300247	1.0	0.0048828125	0.0048828125	0.34423828125
brf_gmo__uniform	0.1259765625	0.25012832976643573	0.0048828125	1.0	0.0048828125	0.04185267857142857
brf_gmo_full	0.0048828125	0.0048828125	0.0048828125	0.0048828125	1.0	0.0048828125
brf_gmosa	0.069580078125	0.08138020833333334	0.34423828125	0.04185267857142857	0.0048828125	1.0
