	brf_gmo__precomputed	brf_gmo__softmax	brf_gmo__square	brf_gmo__uniform	brf_gmo_full	brf_gmosa
brf_gmo__precomputed	1.0	0.002663352272727273	0.002663352272727273	0.002663352272727273	0.002663352272727273	0.083984375
brf_gmo__softmax	0.002663352272727273	1.0	0.002663352272727273	0.002663352272727273	0.002663352272727273	0.007973572855170922
brf_gmo__square	0.002663352272727273	0.002663352272727273	1.0	0.002663352272727273	0.002663352272727273	0.039760044642857144
brf_gmo__uniform	0.002663352272727273	0.002663352272727273	0.002663352272727273	1.0	0.002663352272727273	0.007973572855170922
brf_gmo_full	0.002663352272727273	0.002663352272727273	0.002663352272727273	0.002663352272727273	1.0	0.002663352272727273
brf_gmosa	0.083984375	0.007973572855170922	0.039760044642857144	0.007973572855170922	0.002663352272727273	1.0
