	brf_gmo__precomputed	brf_gmo__softmax	brf_gmo__square	brf_gmo__uniform	brf_gmo_full	brf_gmosa
brf_gmo__precomputed	1.0	0.001953125	0.001953125	0.001953125	0.001953125	0.001953125
brf_gmo__softmax	0.001953125	1.0	0.001953125	0.001953125	0.001953125	0.001953125
brf_gmo__square	0.001953125	0.001953125	1.0	0.001953125	0.001953125	0.001953125
brf_gmo__uniform	0.001953125	0.001953125	0.001953125	1.0	0.001953125	0.001953125
brf_gmo_full	0.001953125	0.001953125	0.001953125	0.001953125	1.0	0.001953125
brf_gmosa	0.001953125	0.001953125	0.001953125	0.001953125	0.001953125	1.0
