	brf_gmo__precomputed	brf_gmo__softmax	brf_gmo__square	brf_gmo__uniform	brf_gmo_full	brf_gmosa
brf_gmo__precomputed	1.0	0.00244140625	0.00244140625	0.006760817307692307	0.00244140625	0.00244140625
brf_gmo__softmax	0.00244140625	1.0	0.00244140625	0.00244140625	0.00244140625	0.00244140625
brf_gmo__square	0.00244140625	0.00244140625	1.0	0.13889992157439635	0.00244140625	0.00244140625
brf_gmo__uniform	0.006760817307692307	0.00244140625	0.13889992157439635	1.0	0.00244140625	0.00244140625
brf_gmo_full	0.00244140625	0.00244140625	0.00244140625	0.00244140625	1.0	0.006868069068306744
brf_gmosa	0.00244140625	0.00244140625	0.00244140625	0.00244140625	0.006868069068306744	1.0
