	brf_gmo__precomputed	brf_gmo__softmax	brf_gmo__square	brf_gmo__uniform	brf_gmo_full	brf_gmosa
brf_gmo__precomputed	1.0	0.004185267857142857	0.004185267857142857	0.013316761363636364	0.013316761363636364	0.006510416666666667
brf_gmo__softmax	0.004185267857142857	1.0	0.004185267857142857	0.004185267857142857	0.05634014423076923	0.04638671875
brf_gmo__square	0.004185267857142857	0.004185267857142857	1.0	0.322265625	0.006510416666666667	0.004185267857142857
brf_gmo__uniform	0.013316761363636364	0.004185267857142857	0.322265625	1.0	0.004185267857142857	0.004185267857142857
brf_gmo_full	0.013316761363636364	0.05634014423076923	0.006510416666666667	0.004185267857142857	1.0	0.20717075892857142
brf_gmosa	0.006510416666666667	0.04638671875	0.004185267857142857	0.004185267857142857	0.20717075892857142	1.0
