	brf_gmo__precomputed	brf_gmo__softmax	brf_gmo__square	brf_gmo__uniform	brf_gmo_full	brf_gmosa
brf_gmo__precomputed	1.0	0.00244140625	0.00244140625	0.006760817307692307	0.00244140625	0.00244140625
brf_gmo__softmax	0.00244140625	1.0	0.00244140625	0.00244140625	0.00244140625	0.00244140625
brf_gmo__square	0.00244140625	0.00244140625	1.0	0.18400045888575167	0.00244140625	0.00244140625
brf_gmo__uniform	0.006760817307692307	0.00244140625	0.18400045888575167	1.0	0.00244140625	0.00244140625
brf_gmo_full	0.00244140625	0.00244140625	0.00244140625	0.00244140625	1.0	0.025514245969594423
brf_gmosa	0.00244140625	0.00244140625	0.00244140625	0.00244140625	0.025514245969594423	1.0
