	brf_gmo__precomputed	brf_gmo__softmax	brf_gmo__square	brf_gmo__uniform	brf_gmo_full	brf_gmosa
brf_gmo__precomputed	1.0	0.0029296875	0.0029296875	0.029296875	0.0029296875	0.0029296875
brf_gmo__softmax	0.0029296875	1.0	0.0029296875	0.0029296875	0.022536057692307692	0.022536057692307692
brf_gmo__square	0.0029296875	0.0029296875	1.0	0.005326704545454546	0.0029296875	0.0029296875
brf_gmo__uniform	0.029296875	0.0029296875	0.005326704545454546	1.0	0.0029296875	0.0029296875
brf_gmo_full	0.0029296875	0.022536057692307692	0.0029296875	0.0029296875	1.0	0.10269401160864534
brf_gmosa	0.0029296875	0.022536057692307692	0.0029296875	0.0029296875	0.10269401160864534	1.0
