	brf_gmo__precomputed	brf_gmo__softmax	brf_gmo__square	brf_gmo__uniform	brf_gmo_full	brf_gmosa
brf_gmo__precomputed	1.0	0.003662109375	0.003662109375	0.003662109375	0.08056640625	0.003662109375
brf_gmo__softmax	0.003662109375	1.0	0.003662109375	0.003662109375	0.013316761363636364	0.0103656447117222
brf_gmo__square	0.003662109375	0.003662109375	1.0	0.9061104910714286	0.9061104910714286	0.003662109375
brf_gmo__uniform	0.003662109375	0.003662109375	0.9061104910714286	1.0	0.9182285349237764	0.003662109375
brf_gmo_full	0.08056640625	0.013316761363636364	0.9061104910714286	0.9182285349237764	1.0	0.0103656447117222
brf_gmosa	0.003662109375	0.0103656447117222	0.003662109375	0.003662109375	0.0103656447117222	1.0
