	brf_gmo__precomputed	brf_gmo__softmax	brf_gmo__square	brf_gmo__uniform	brf_gmo_full	brf_gmosa
brf_gmo__precomputed	1.0	0.004185267857142857	0.004185267857142857	0.042818509615384616	0.921875	0.004185267857142857
brf_gmo__softmax	0.004185267857142857	1.0	0.004185267857142857	0.005859375	0.0341796875	0.005859375
brf_gmo__square	0.004185267857142857	0.004185267857142857	1.0	0.52734375	0.005859375	0.004185267857142857
brf_gmo__uniform	0.042818509615384616	0.005859375	0.52734375	1.0	0.01698837544612363	0.004185267857142857
brf_gmo_full	0.921875	0.0341796875	0.005859375	0.01698837544612363	1.0	0.004185267857142857
brf_gmosa	0.004185267857142857	0.005859375	0.004185267857142857	0.004185267857142857	0.004185267857142857	1.0
