	brf_gmo__precomputed	brf_gmo__softmax	brf_gmo__square	brf_gmo__uniform	brf_gmo_full	brf_gmosa
brf_gmo__precomputed	1.0	0.003662109375	0.003662109375	0.003662109375	0.01864346590909091	0.003662109375
brf_gmo__softmax	0.003662109375	1.0	0.003662109375	0.0146484375	0.04638671875	0.07436899038461538
brf_gmo__square	0.003662109375	0.003662109375	1.0	0.003662109375	0.006510416666666667	0.003662109375
brf_gmo__uniform	0.003662109375	0.0146484375	0.003662109375	1.0	0.16015625	0.003662109375
brf_gmo_full	0.01864346590909091	0.04638671875	0.006510416666666667	0.16015625	1.0	0.08998325892857142
brf_gmosa	0.003662109375	0.07436899038461538	0.003662109375	0.003662109375	0.08998325892857142	1.0
