	brf_gmo__precomputed	brf_gmo__softmax	brf_gmo__square	brf_gmo__uniform	brf_gmo_full	brf_gmosa
brf_gmo__precomputed	1.0	0.002253605769230769	0.002253605769230769	0.002253605769230769	0.002253605769230769	0.002253605769230769
brf_gmo__softmax	0.002253605769230769	1.0	0.002253605769230769	0.009765625	0.002253605769230769	0.002253605769230769
brf_gmo__square	0.002253605769230769	0.002253605769230769	1.0	0.002253605769230769	0.002253605769230769	0.002253605769230769
brf_gmo__uniform	0.002253605769230769	0.009765625	0.002253605769230769	1.0	0.002253605769230769	0.002253605769230769
brf_gmo_full	0.002253605769230769	0.002253605769230769	0.002253605769230769	0.002253605769230769	1.0	0.009765625
brf_gmosa	0.002253605769230769	0.002253605769230769	0.002253605769230769	0.002253605769230769	0.009765625	1.0
