	brf_gmo__precomputed	brf_gmo__softmax	brf_gmo__square	brf_gmo__uniform	brf_gmo_full	brf_gmosa
brf_gmo__precomputed	1.0	0.01145672636226118	0.008370535714285714	0.00732421875	0.431640625	0.10498046875
brf_gmo__softmax	0.01145672636226118	1.0	0.00732421875	0.00732421875	0.2681790865384615	0.008370535714285714
brf_gmo__square	0.008370535714285714	0.00732421875	1.0	0.00732421875	0.06658380681818182	0.2950613839285714
brf_gmo__uniform	0.00732421875	0.00732421875	0.00732421875	1.0	0.010986328125	0.008370535714285714
brf_gmo_full	0.431640625	0.2681790865384615	0.06658380681818182	0.010986328125	1.0	0.0146484375
brf_gmosa	0.10498046875	0.008370535714285714	0.2950613839285714	0.008370535714285714	0.0146484375	1.0
