	brf_gmo__precomputed	brf_gmo__softmax	brf_gmo__square	brf_gmo__uniform	brf_gmo_full	brf_gmosa
brf_gmo__precomputed	1.0	0.015775240384615384	0.005326704545454546	0.0029296875	0.01220703125	0.0029296875
brf_gmo__softmax	0.015775240384615384	1.0	0.0029296875	0.0029296875	0.0029296875	0.0029296875
brf_gmo__square	0.005326704545454546	0.0029296875	1.0	0.0029296875	0.039760044642857144	0.0029296875
brf_gmo__uniform	0.0029296875	0.0029296875	0.0029296875	1.0	0.0029296875	0.0029296875
brf_gmo_full	0.01220703125	0.0029296875	0.039760044642857144	0.0029296875	1.0	0.2020347464503962
brf_gmosa	0.0029296875	0.0029296875	0.0029296875	0.0029296875	0.2020347464503962	1.0
