	bxt_gmo	bxt_gmo__nrlmf	bxt_gmosa	bxt_gmosa__nrlmf	bxt_gso	bxt_gso__nrlmf	bxt_lmo	bxt_lmo__nrlmf
bxt_gmo	1.0	4.497327302631579e-05	4.497327302631579e-05	0.067291259765625	4.497327302631579e-05	0.008382161458333334	4.497327302631579e-05	0.011691006747159092
bxt_gmo__nrlmf	4.497327302631579e-05	1.0	4.497327302631579e-05	4.497327302631579e-05	4.497327302631579e-05	4.497327302631579e-05	4.497327302631579e-05	4.497327302631579e-05
bxt_gmosa	4.497327302631579e-05	4.497327302631579e-05	1.0	4.497327302631579e-05	1.0	4.497327302631579e-05	1.0	4.497327302631579e-05
bxt_gmosa__nrlmf	0.067291259765625	4.497327302631579e-05	4.497327302631579e-05	1.0	4.497327302631579e-05	0.2824951171875	4.497327302631579e-05	0.000128173828125
bxt_gso	4.497327302631579e-05	4.497327302631579e-05	1.0	4.497327302631579e-05	1.0	4.497327302631579e-05	1.0	4.497327302631579e-05
bxt_gso__nrlmf	0.008382161458333334	4.497327302631579e-05	4.497327302631579e-05	0.2824951171875	4.497327302631579e-05	1.0	4.497327302631579e-05	0.03529424252717391
bxt_lmo	4.497327302631579e-05	4.497327302631579e-05	1.0	4.497327302631579e-05	1.0	4.497327302631579e-05	1.0	4.497327302631579e-05
bxt_lmo__nrlmf	0.011691006747159092	4.497327302631579e-05	4.497327302631579e-05	0.000128173828125	4.497327302631579e-05	0.03529424252717391	4.497327302631579e-05	1.0
