	bxt_gmo	bxt_gmosa	bxt_gso	bxt_gso_1k	bxt_gso__nrlmf	bxt_lmo	bxt_lmo__nrlmf	bxt_lso	bxt_lso__nrlmf
bxt_gmo	1.0	4.0690104166666664e-05	4.0690104166666664e-05	4.0690104166666664e-05	0.0014315518465909092	4.0690104166666664e-05	0.002843520220588235	4.0690104166666664e-05	0.001132965087890625
bxt_gmosa	4.0690104166666664e-05	1.0	0.00018941945043103448	0.49542236328125	4.0690104166666664e-05	4.0690104166666664e-05	4.0690104166666664e-05	4.0690104166666664e-05	4.0690104166666664e-05
bxt_gso	4.0690104166666664e-05	0.00018941945043103448	1.0	0.006466238839285715	4.0690104166666664e-05	4.0690104166666664e-05	4.0690104166666664e-05	4.0690104166666664e-05	4.0690104166666664e-05
bxt_gso_1k	4.0690104166666664e-05	0.49542236328125	0.006466238839285715	1.0	4.0690104166666664e-05	4.0690104166666664e-05	4.0690104166666664e-05	0.0004961567540322581	4.0690104166666664e-05
bxt_gso__nrlmf	0.0014315518465909092	4.0690104166666664e-05	4.0690104166666664e-05	4.0690104166666664e-05	1.0	4.0690104166666664e-05	7.847377232142856e-05	4.0690104166666664e-05	0.0004961567540322581
bxt_lmo	4.0690104166666664e-05	4.0690104166666664e-05	4.0690104166666664e-05	4.0690104166666664e-05	4.0690104166666664e-05	1.0	4.0690104166666664e-05	4.0690104166666664e-05	4.0690104166666664e-05
bxt_lmo__nrlmf	0.002843520220588235	4.0690104166666664e-05	4.0690104166666664e-05	4.0690104166666664e-05	7.847377232142856e-05	4.0690104166666664e-05	1.0	4.0690104166666664e-05	4.0690104166666664e-05
bxt_lso	4.0690104166666664e-05	4.0690104166666664e-05	4.0690104166666664e-05	0.0004961567540322581	4.0690104166666664e-05	4.0690104166666664e-05	4.0690104166666664e-05	1.0	4.0690104166666664e-05
bxt_lso__nrlmf	0.001132965087890625	4.0690104166666664e-05	4.0690104166666664e-05	4.0690104166666664e-05	0.0004961567540322581	4.0690104166666664e-05	4.0690104166666664e-05	4.0690104166666664e-05	1.0
