	bxt_gmo	bxt_gmosa	bxt_gso	bxt_gso_1k	bxt_gso__nrlmf	bxt_lmo	bxt_lmo__nrlmf	bxt_lso	bxt_lso__nrlmf
bxt_gmo	1.0	7.32421875e-05	7.32421875e-05	7.32421875e-05	7.32421875e-05	7.32421875e-05	7.32421875e-05	7.32421875e-05	7.32421875e-05
bxt_gmosa	7.32421875e-05	1.0	0.21691131591796875	0.00012925091911764706	0.0966796875	0.00016479492187499998	0.25221946022727276	7.32421875e-05	0.03098902209051724
bxt_gso	7.32421875e-05	0.21691131591796875	1.0	7.32421875e-05	0.002324030949519231	0.000457763671875	0.3688821231617647	0.000457763671875	0.0146484375
bxt_gso_1k	7.32421875e-05	0.00012925091911764706	7.32421875e-05	1.0	0.000615234375	7.32421875e-05	7.32421875e-05	7.32421875e-05	0.000457763671875
bxt_gso__nrlmf	7.32421875e-05	0.0966796875	0.002324030949519231	0.000615234375	1.0	0.00012925091911764706	0.053173828124999996	0.00016479492187499998	0.4769949776785714
bxt_lmo	7.32421875e-05	0.00016479492187499998	0.000457763671875	7.32421875e-05	0.00012925091911764706	1.0	0.000457763671875	0.899932861328125	0.00016479492187499998
bxt_lmo__nrlmf	7.32421875e-05	0.25221946022727276	0.3688821231617647	7.32421875e-05	0.053173828124999996	0.000457763671875	1.0	7.32421875e-05	0.023463657924107144
bxt_lso	7.32421875e-05	7.32421875e-05	0.000457763671875	7.32421875e-05	0.00016479492187499998	0.899932861328125	7.32421875e-05	1.0	7.32421875e-05
bxt_lso__nrlmf	7.32421875e-05	0.03098902209051724	0.0146484375	0.000457763671875	0.4769949776785714	0.00016479492187499998	0.023463657924107144	7.32421875e-05	1.0
