	bxt_gmo	bxt_gmosa	bxt_gso	bxt_gso_1k	bxt_gso__nrlmf	bxt_lmo	bxt_lmo__nrlmf	bxt_lso	bxt_lso__nrlmf
bxt_gmo	1.0	0.00054931640625	0.0010986328125	0.0025634765625	0.039276123046875	0.000732421875	0.008544921875	0.0010986328125	0.0226318359375
bxt_gmosa	0.00054931640625	1.0	0.33682789522058826	0.7472318761488971	0.7472318761488971	0.26250457763671875	0.7472318761488971	0.899932861328125	0.7472318761488971
bxt_gso	0.0010986328125	0.33682789522058826	1.0	0.6238037109375	0.6238037109375	0.0029820033482142855	0.2510009765625	0.3856201171875	0.7472318761488971
bxt_gso_1k	0.0025634765625	0.7472318761488971	0.6238037109375	1.0	0.6975181842672413	0.008544921875	0.5277432528409091	0.5277432528409091	0.6975181842672413
bxt_gso__nrlmf	0.039276123046875	0.7472318761488971	0.6238037109375	0.6975181842672413	1.0	0.02496892755681818	0.6238037109375	0.642108623798077	0.899932861328125
bxt_lmo	0.000732421875	0.26250457763671875	0.0029820033482142855	0.008544921875	0.02496892755681818	1.0	0.00054931640625	0.11394391741071429	0.04293118990384615
bxt_lmo__nrlmf	0.008544921875	0.7472318761488971	0.2510009765625	0.5277432528409091	0.6238037109375	0.00054931640625	1.0	0.6975181842672413	0.454010009765625
bxt_lso	0.0010986328125	0.899932861328125	0.3856201171875	0.5277432528409091	0.642108623798077	0.11394391741071429	0.6975181842672413	1.0	0.4380653782894737
bxt_lso__nrlmf	0.0226318359375	0.7472318761488971	0.7472318761488971	0.6975181842672413	0.899932861328125	0.04293118990384615	0.454010009765625	0.4380653782894737	1.0
