	bxt_gmo	bxt_gmosa	bxt_gso	bxt_gso_1k	bxt_gso__nrlmf	bxt_lmo	bxt_lmo__nrlmf	bxt_lso	bxt_lso__nrlmf
bxt_gmo	1.0	0.0011444091796875	0.003076171875	6.103515625e-05	0.004648061899038462	0.006876627604166667	0.0002496892755681818	0.00010986328124999999	0.016832624162946428
bxt_gmosa	0.0011444091796875	1.0	0.3583426339285714	0.11765670776367188	6.103515625e-05	6.103515625e-05	6.103515625e-05	6.103515625e-05	6.103515625e-05
bxt_gso	0.003076171875	0.3583426339285714	1.0	0.060791015625	6.103515625e-05	6.103515625e-05	6.103515625e-05	0.00010986328124999999	6.103515625e-05
bxt_gso_1k	6.103515625e-05	0.11765670776367188	0.060791015625	1.0	6.103515625e-05	6.103515625e-05	6.103515625e-05	0.0002496892755681818	6.103515625e-05
bxt_gso__nrlmf	0.004648061899038462	6.103515625e-05	6.103515625e-05	6.103515625e-05	1.0	0.21033824573863638	0.29058837890625	6.103515625e-05	0.10851657006048386
bxt_lmo	0.006876627604166667	6.103515625e-05	6.103515625e-05	6.103515625e-05	0.21033824573863638	1.0	0.0006687330163043479	6.103515625e-05	0.743560791015625
bxt_lmo__nrlmf	0.0002496892755681818	6.103515625e-05	6.103515625e-05	6.103515625e-05	0.29058837890625	0.0006687330163043479	1.0	6.103515625e-05	0.022654566271551723
bxt_lso	0.00010986328124999999	6.103515625e-05	0.00010986328124999999	0.0002496892755681818	6.103515625e-05	6.103515625e-05	6.103515625e-05	1.0	6.103515625e-05
bxt_lso__nrlmf	0.016832624162946428	6.103515625e-05	6.103515625e-05	6.103515625e-05	0.10851657006048386	0.743560791015625	0.022654566271551723	6.103515625e-05	1.0
