	bxt_gmo	bxt_gmosa	bxt_gso	bxt_gso_1k	bxt_gso__nrlmf	bxt_lmo	bxt_lmo__nrlmf	bxt_lso	bxt_lso__nrlmf
bxt_gmo	1.0	4.39453125e-05	4.39453125e-05	4.39453125e-05	0.001056377704326923	4.39453125e-05	0.01102294921875	4.39453125e-05	0.004475911458333333
bxt_gmosa	4.39453125e-05	1.0	4.39453125e-05	0.01102294921875	4.39453125e-05	4.39453125e-05	4.39453125e-05	4.39453125e-05	4.39453125e-05
bxt_gso	4.39453125e-05	4.39453125e-05	1.0	0.012758316532258064	4.39453125e-05	0.231201171875	4.39453125e-05	0.231201171875	4.39453125e-05
bxt_gso_1k	4.39453125e-05	0.01102294921875	0.012758316532258064	1.0	4.39453125e-05	4.39453125e-05	4.39453125e-05	4.39453125e-05	4.39453125e-05
bxt_gso__nrlmf	0.001056377704326923	4.39453125e-05	4.39453125e-05	4.39453125e-05	1.0	4.39453125e-05	0.006631033761160714	4.39453125e-05	0.19129527698863638
bxt_lmo	4.39453125e-05	4.39453125e-05	0.231201171875	4.39453125e-05	4.39453125e-05	1.0	4.39453125e-05	0.231201171875	4.39453125e-05
bxt_lmo__nrlmf	0.01102294921875	4.39453125e-05	4.39453125e-05	4.39453125e-05	0.006631033761160714	4.39453125e-05	1.0	4.39453125e-05	0.04346466064453125
bxt_lso	4.39453125e-05	4.39453125e-05	0.231201171875	4.39453125e-05	4.39453125e-05	0.231201171875	4.39453125e-05	1.0	4.39453125e-05
bxt_lso__nrlmf	0.004475911458333333	4.39453125e-05	4.39453125e-05	4.39453125e-05	0.19129527698863638	4.39453125e-05	0.04346466064453125	4.39453125e-05	1.0
