	bxt_gmo	bxt_gmosa	bxt_gso	bxt_gso_1k	bxt_gso__nrlmf	bxt_lmo	bxt_lmo__nrlmf	bxt_lso	bxt_lso__nrlmf
bxt_gmo	1.0	0.0001373291015625	0.0001373291015625	0.000244140625	0.0001373291015625	0.0001373291015625	0.0001373291015625	0.0001373291015625	0.0001373291015625
bxt_gmosa	0.0001373291015625	1.0	0.1909124200994318	0.7341347971270161	0.17928641183035712	0.0001373291015625	0.17928641183035712	0.025437575120192308	0.13849235983455882
bxt_gso	0.0001373291015625	0.1909124200994318	1.0	0.5775960286458334	0.7521171569824219	0.0009987571022727273	0.71590576171875	0.5775960286458334	0.9667340959821429
bxt_gso_1k	0.000244140625	0.7341347971270161	0.5775960286458334	1.0	0.17928641183035712	0.00032958984374999997	0.39479131283967395	0.5775960286458334	0.5775960286458334
bxt_gso__nrlmf	0.0001373291015625	0.17928641183035712	0.7521171569824219	0.17928641183035712	1.0	0.07455008370535714	1.0	0.9667340959821429	0.6556564857219828
bxt_lmo	0.0001373291015625	0.0001373291015625	0.0009987571022727273	0.00032958984374999997	0.07455008370535714	1.0	0.113983154296875	0.0804931640625	0.015472412109375
bxt_lmo__nrlmf	0.0001373291015625	0.17928641183035712	0.71590576171875	0.39479131283967395	1.0	0.113983154296875	1.0	0.6556564857219828	0.8955189098011364
bxt_lso	0.0001373291015625	0.025437575120192308	0.5775960286458334	0.5775960286458334	0.9667340959821429	0.0804931640625	0.6556564857219828	1.0	0.17928641183035712
bxt_lso__nrlmf	0.0001373291015625	0.13849235983455882	0.9667340959821429	0.5775960286458334	0.6556564857219828	0.015472412109375	0.8955189098011364	0.17928641183035712	1.0
