	bxt_gmo	bxt_gmosa	bxt_gso	bxt_gso_1k	bxt_gso__nrlmf	bxt_lmo	bxt_lmo__nrlmf	bxt_lso	bxt_lso__nrlmf
bxt_gmo	1.0	4.776664402173913e-05	4.776664402173913e-05	4.776664402173913e-05	4.776664402173913e-05	4.776664402173913e-05	4.776664402173913e-05	4.776664402173913e-05	4.776664402173913e-05
bxt_gmosa	4.776664402173913e-05	1.0	0.07847900390625	9.1552734375e-05	4.776664402173913e-05	0.0013944185697115385	4.776664402173913e-05	0.8042933872767857	4.776664402173913e-05
bxt_gso	4.776664402173913e-05	0.07847900390625	1.0	4.776664402173913e-05	4.776664402173913e-05	0.0001318359375	4.776664402173913e-05	0.06288725754310345	4.776664402173913e-05
bxt_gso_1k	4.776664402173913e-05	9.1552734375e-05	4.776664402173913e-05	1.0	0.6693581973805147	4.776664402173913e-05	0.899932861328125	4.776664402173913e-05	0.5761829723011364
bxt_gso__nrlmf	4.776664402173913e-05	4.776664402173913e-05	4.776664402173913e-05	0.6693581973805147	1.0	4.776664402173913e-05	0.2455267137096774	4.776664402173913e-05	0.4223899841308594
bxt_lmo	4.776664402173913e-05	0.0013944185697115385	0.0001318359375	4.776664402173913e-05	4.776664402173913e-05	1.0	4.776664402173913e-05	0.010172526041666666	4.776664402173913e-05
bxt_lmo__nrlmf	4.776664402173913e-05	4.776664402173913e-05	4.776664402173913e-05	0.899932861328125	0.2455267137096774	4.776664402173913e-05	1.0	4.776664402173913e-05	0.019932338169642856
bxt_lso	4.776664402173913e-05	0.8042933872767857	0.06288725754310345	4.776664402173913e-05	4.776664402173913e-05	0.010172526041666666	4.776664402173913e-05	1.0	4.776664402173913e-05
bxt_lso__nrlmf	4.776664402173913e-05	4.776664402173913e-05	4.776664402173913e-05	0.5761829723011364	0.4223899841308594	4.776664402173913e-05	0.019932338169642856	4.776664402173913e-05	1.0
