	bxt_gmo	bxt_gmosa	bxt_gso	bxt_gso_1k	bxt_gso__nrlmf	bxt_lmo	bxt_lmo__nrlmf	bxt_lso	bxt_lso__nrlmf
bxt_gmo	1.0	3.923688616071428e-05	3.923688616071428e-05	3.923688616071428e-05	3.923688616071428e-05	3.923688616071428e-05	3.923688616071428e-05	3.923688616071428e-05	3.923688616071428e-05
bxt_gmosa	3.923688616071428e-05	1.0	0.705718994140625	0.006858132102272728	3.923688616071428e-05	3.923688616071428e-05	3.923688616071428e-05	3.923688616071428e-05	3.923688616071428e-05
bxt_gso	3.923688616071428e-05	0.705718994140625	1.0	0.00807818244485294	3.923688616071428e-05	3.923688616071428e-05	3.923688616071428e-05	3.923688616071428e-05	3.923688616071428e-05
bxt_gso_1k	3.923688616071428e-05	0.006858132102272728	0.00807818244485294	1.0	3.923688616071428e-05	3.923688616071428e-05	3.923688616071428e-05	0.00017719884072580643	3.923688616071428e-05
bxt_gso__nrlmf	3.923688616071428e-05	3.923688616071428e-05	3.923688616071428e-05	3.923688616071428e-05	1.0	7.57677801724138e-05	0.00017719884072580643	3.923688616071428e-05	0.06726771763392857
bxt_lmo	3.923688616071428e-05	3.923688616071428e-05	3.923688616071428e-05	3.923688616071428e-05	7.57677801724138e-05	1.0	3.923688616071428e-05	3.923688616071428e-05	3.923688616071428e-05
bxt_lmo__nrlmf	3.923688616071428e-05	3.923688616071428e-05	3.923688616071428e-05	3.923688616071428e-05	0.00017719884072580643	3.923688616071428e-05	1.0	3.923688616071428e-05	0.000240325927734375
bxt_lso	3.923688616071428e-05	3.923688616071428e-05	3.923688616071428e-05	0.00017719884072580643	3.923688616071428e-05	3.923688616071428e-05	3.923688616071428e-05	1.0	3.923688616071428e-05
bxt_lso__nrlmf	3.923688616071428e-05	3.923688616071428e-05	3.923688616071428e-05	3.923688616071428e-05	0.06726771763392857	3.923688616071428e-05	0.000240325927734375	3.923688616071428e-05	1.0
