	bxt_gmo	bxt_gmosa	bxt_gso	bxt_gso_1k	bxt_gso__nrlmf	bxt_lmo	bxt_lmo__nrlmf	bxt_lso	bxt_lso__nrlmf
bxt_gmo	1.0	8.451021634615384e-05	8.451021634615384e-05	8.451021634615384e-05	8.451021634615384e-05	8.451021634615384e-05	8.451021634615384e-05	0.00021972656249999998	0.0006462545955882353
bxt_gmosa	8.451021634615384e-05	1.0	0.979949951171875	0.5949419806985294	0.00152587890625	0.011444091796875	0.006544030230978261	0.006544030230978261	0.00034332275390625
bxt_gso	8.451021634615384e-05	0.979949951171875	1.0	0.4360154674899193	8.451021634615384e-05	0.0132275390625	0.006544030230978261	0.044718424479166664	8.451021634615384e-05
bxt_gso_1k	8.451021634615384e-05	0.5949419806985294	0.4360154674899193	1.0	8.451021634615384e-05	0.14483011179956895	0.0031802528782894734	0.00384521484375	8.451021634615384e-05
bxt_gso__nrlmf	8.451021634615384e-05	0.00152587890625	8.451021634615384e-05	8.451021634615384e-05	1.0	8.451021634615384e-05	0.5949419806985294	0.2537109375	0.7648053850446429
bxt_lmo	8.451021634615384e-05	0.011444091796875	0.0132275390625	0.14483011179956895	8.451021634615384e-05	1.0	0.00015694754464285713	8.451021634615384e-05	8.451021634615384e-05
bxt_lmo__nrlmf	8.451021634615384e-05	0.006544030230978261	0.006544030230978261	0.0031802528782894734	0.5949419806985294	0.00015694754464285713	1.0	0.5217132568359375	0.14483011179956895
bxt_lso	0.00021972656249999998	0.006544030230978261	0.044718424479166664	0.00384521484375	0.2537109375	8.451021634615384e-05	0.5217132568359375	1.0	0.015211838942307692
bxt_lso__nrlmf	0.0006462545955882353	0.00034332275390625	8.451021634615384e-05	8.451021634615384e-05	0.7648053850446429	8.451021634615384e-05	0.14483011179956895	0.015211838942307692	1.0
