	bxt_gmo	bxt_gmosa	bxt_gso	bxt_gso_1k	bxt_gso__nrlmf	bxt_lmo	bxt_lmo__nrlmf	bxt_lso	bxt_lso__nrlmf
bxt_gmo	1.0	0.6150070716594828	0.84686279296875	0.0120849609375	0.2354070490056818	0.03720703125	0.0579833984375	0.3201246995192308	0.027557373046875
bxt_gmosa	0.6150070716594828	1.0	0.9528700884650736	0.001373291015625	0.30178965692934784	0.06954345703124999	0.030423677884615384	0.3363037109375	0.001373291015625
bxt_gso	0.84686279296875	0.9528700884650736	1.0	0.0010986328125	0.03720703125	0.0579833984375	0.01687899502840909	0.317138671875	0.0579833984375
bxt_gso_1k	0.0120849609375	0.001373291015625	0.0010986328125	1.0	0.01687899502840909	0.0120849609375	0.00457763671875	0.001373291015625	0.0041748046874999995
bxt_gso__nrlmf	0.2354070490056818	0.30178965692934784	0.03720703125	0.01687899502840909	1.0	0.9384654651988636	0.9384654651988636	0.4479282924107143	0.979949951171875
bxt_lmo	0.03720703125	0.06954345703124999	0.0579833984375	0.0120849609375	0.9384654651988636	1.0	0.9384654651988636	0.11211286272321427	0.3201246995192308
bxt_lmo__nrlmf	0.0579833984375	0.030423677884615384	0.01687899502840909	0.00457763671875	0.9384654651988636	0.9384654651988636	1.0	0.06954345703124999	0.9667340959821429
bxt_lso	0.3201246995192308	0.3363037109375	0.317138671875	0.001373291015625	0.4479282924107143	0.11211286272321427	0.06954345703124999	1.0	0.013427734375
bxt_lso__nrlmf	0.027557373046875	0.001373291015625	0.0579833984375	0.0041748046874999995	0.979949951171875	0.3201246995192308	0.9667340959821429	0.013427734375	1.0
