	bxt_gmo	bxt_gmosa	bxt_gso	bxt_gso_1k	bxt_gso__nrlmf	bxt_lmo	bxt_lmo__nrlmf	bxt_lso	bxt_lso__nrlmf
bxt_gmo	1.0	0.000274658203125	0.0007847377232142857	0.0007847377232142857	0.000274658203125	0.0006591796874999999	0.001373291015625	0.000274658203125	0.000274658203125
bxt_gmosa	0.000274658203125	1.0	0.7939338684082031	0.1663055419921875	0.93988037109375	0.35285731724330355	0.3459694602272727	0.23333740234375	0.08624267578125
bxt_gso	0.0007847377232142857	0.7939338684082031	1.0	0.6975181842672413	0.7763790007560484	0.2725765830592105	0.35285731724330355	0.19788315716911764	0.3305315290178571
bxt_gso_1k	0.0007847377232142857	0.1663055419921875	0.6975181842672413	1.0	0.35285731724330355	0.03006258877840909	0.71590576171875	0.03006258877840909	0.8530384410511364
bxt_gso__nrlmf	0.000274658203125	0.93988037109375	0.7763790007560484	0.35285731724330355	1.0	0.35285731724330355	0.2863037109375	0.3468017578125	0.3468017578125
bxt_lmo	0.0006591796874999999	0.35285731724330355	0.2725765830592105	0.03006258877840909	0.35285731724330355	1.0	0.0362548828125	0.93988037109375	0.0362548828125
bxt_lmo__nrlmf	0.001373291015625	0.3459694602272727	0.35285731724330355	0.71590576171875	0.2863037109375	0.0362548828125	1.0	0.1569580078125	0.93988037109375
bxt_lso	0.000274658203125	0.23333740234375	0.19788315716911764	0.03006258877840909	0.3468017578125	0.93988037109375	0.1569580078125	1.0	0.0052490234375
bxt_lso__nrlmf	0.000274658203125	0.08624267578125	0.3305315290178571	0.8530384410511364	0.3468017578125	0.0362548828125	0.93988037109375	0.0052490234375	1.0
