	brf_gmo__precomputed	brf_gmo__softmax	brf_gmo__square	brf_gmo__uniform	brf_gmo_full	brf_gmosa
brf_gmo__precomputed	1.0	4.161487926136364e-05	4.161487926136364e-05	0.0006212506975446429	4.161487926136364e-05	4.161487926136364e-05
brf_gmo__softmax	4.161487926136364e-05	1.0	4.161487926136364e-05	4.161487926136364e-05	4.161487926136364e-05	4.161487926136364e-05
brf_gmo__square	4.161487926136364e-05	4.161487926136364e-05	1.0	0.083251953125	4.161487926136364e-05	0.0001056377704326923
brf_gmo__uniform	0.0006212506975446429	4.161487926136364e-05	0.083251953125	1.0	4.161487926136364e-05	7.62939453125e-05
brf_gmo_full	4.161487926136364e-05	4.161487926136364e-05	4.161487926136364e-05	4.161487926136364e-05	1.0	4.161487926136364e-05
brf_gmosa	4.161487926136364e-05	4.161487926136364e-05	0.0001056377704326923	7.62939453125e-05	4.161487926136364e-05	1.0
