	brf_gmo__precomputed	brf_gmo__softmax	brf_gmo__square	brf_gmo__uniform	brf_gmo_full	brf_gmosa
brf_gmo__precomputed	1.0	0.001040371981534091	0.001040371981534091	0.1704188755580357	6.539481026785714e-05	0.00010172526041666667
brf_gmo__softmax	0.001040371981534091	1.0	0.00010172526041666667	0.0038733849158653845	6.539481026785714e-05	0.00209808349609375
brf_gmo__square	0.001040371981534091	0.00010172526041666667	1.0	0.348388671875	6.539481026785714e-05	6.539481026785714e-05
brf_gmo__uniform	0.1704188755580357	0.0038733849158653845	0.348388671875	1.0	6.539481026785714e-05	6.539481026785714e-05
brf_gmo_full	6.539481026785714e-05	6.539481026785714e-05	6.539481026785714e-05	6.539481026785714e-05	1.0	6.539481026785714e-05
brf_gmosa	0.00010172526041666667	0.00209808349609375	6.539481026785714e-05	6.539481026785714e-05	6.539481026785714e-05	1.0
