	brf_gmo__precomputed	brf_gmo__softmax	brf_gmo__square	brf_gmo__uniform	brf_gmo_full	brf_gmosa
brf_gmo__precomputed	1.0	3.814697265625e-05	3.814697265625e-05	0.0003269740513392857	3.814697265625e-05	3.814697265625e-05
brf_gmo__softmax	3.814697265625e-05	1.0	3.814697265625e-05	7.042518028846153e-05	3.814697265625e-05	3.814697265625e-05
brf_gmo__square	3.814697265625e-05	3.814697265625e-05	1.0	0.0155029296875	3.814697265625e-05	3.814697265625e-05
brf_gmo__uniform	0.0003269740513392857	7.042518028846153e-05	0.0155029296875	1.0	3.814697265625e-05	3.814697265625e-05
brf_gmo_full	3.814697265625e-05	3.814697265625e-05	3.814697265625e-05	3.814697265625e-05	1.0	3.814697265625e-05
brf_gmosa	3.814697265625e-05	3.814697265625e-05	3.814697265625e-05	3.814697265625e-05	3.814697265625e-05	1.0
