	brf_gmo__precomputed	brf_gmo__softmax	brf_gmo__square	brf_gmo__uniform	brf_gmo_full	brf_gmosa
brf_gmo__precomputed	1.0	6.539481026785714e-05	6.539481026785714e-05	0.00209808349609375	6.539481026785714e-05	0.2978515625
brf_gmo__softmax	6.539481026785714e-05	1.0	6.539481026785714e-05	6.539481026785714e-05	0.00035603841145833337	0.00209808349609375
brf_gmo__square	6.539481026785714e-05	6.539481026785714e-05	1.0	0.12500217982700892	6.539481026785714e-05	0.0008697509765625
brf_gmo__uniform	0.00209808349609375	6.539481026785714e-05	0.12500217982700892	1.0	6.539481026785714e-05	0.06655179537259615
brf_gmo_full	6.539481026785714e-05	0.00035603841145833337	6.539481026785714e-05	6.539481026785714e-05	1.0	0.000171661376953125
brf_gmosa	0.2978515625	0.00209808349609375	0.0008697509765625	0.06655179537259615	0.000171661376953125	1.0
