	brf_gmo__precomputed	brf_gmo__softmax	brf_gmo__square	brf_gmo__uniform	brf_gmo_full	brf_gmosa
brf_gmo__precomputed	1.0	6.539481026785714e-05	0.000457763671875	0.0095367431640625	6.539481026785714e-05	0.31912667410714285
brf_gmo__softmax	6.539481026785714e-05	1.0	6.539481026785714e-05	0.781951904296875	6.539481026785714e-05	0.00457763671875
brf_gmo__square	0.000457763671875	6.539481026785714e-05	1.0	0.00011444091796875	6.539481026785714e-05	0.00035603841145833337
brf_gmo__uniform	0.0095367431640625	0.781951904296875	0.00011444091796875	1.0	6.539481026785714e-05	0.028803898737980768
brf_gmo_full	6.539481026785714e-05	6.539481026785714e-05	6.539481026785714e-05	6.539481026785714e-05	1.0	6.539481026785714e-05
brf_gmosa	0.31912667410714285	0.00457763671875	0.00035603841145833337	0.028803898737980768	6.539481026785714e-05	1.0
