	brf_gmo__precomputed	brf_gmo__softmax	brf_gmo__square	brf_gmo__uniform	brf_gmo_full	brf_gmosa
brf_gmo__precomputed	1.0	5.0862630208333336e-05	0.0006212506975446429	0.00011444091796875	5.0862630208333336e-05	0.00011444091796875
brf_gmo__softmax	5.0862630208333336e-05	1.0	5.0862630208333336e-05	0.0155029296875	5.0862630208333336e-05	5.0862630208333336e-05
brf_gmo__square	0.0006212506975446429	5.0862630208333336e-05	1.0	5.0862630208333336e-05	5.0862630208333336e-05	0.0002464881310096154
brf_gmo__uniform	0.00011444091796875	0.0155029296875	5.0862630208333336e-05	1.0	5.0862630208333336e-05	9.1552734375e-05
brf_gmo_full	5.0862630208333336e-05	5.0862630208333336e-05	5.0862630208333336e-05	5.0862630208333336e-05	1.0	5.0862630208333336e-05
brf_gmosa	0.00011444091796875	5.0862630208333336e-05	0.0002464881310096154	9.1552734375e-05	5.0862630208333336e-05	1.0
