	brf_gmo__precomputed	brf_gmo__softmax	brf_gmo__square	brf_gmo__uniform	brf_gmo_full	brf_gmosa
brf_gmo__precomputed	1.0	0.000762939453125	0.16216278076171875	0.005035400390625	0.979949951171875	0.000152587890625
brf_gmo__softmax	0.000762939453125	1.0	0.0012425013950892857	0.3721266526442308	0.06042480468750001	0.000152587890625
brf_gmo__square	0.16216278076171875	0.0012425013950892857	1.0	0.0002288818359375	0.9217071533203125	0.000152587890625
brf_gmo__uniform	0.005035400390625	0.3721266526442308	0.0002288818359375	1.0	0.0137786865234375	0.005594889322916667
brf_gmo_full	0.979949951171875	0.06042480468750001	0.9217071533203125	0.0137786865234375	1.0	0.000457763671875
brf_gmosa	0.000152587890625	0.000152587890625	0.000152587890625	0.005594889322916667	0.000457763671875	1.0
