	brf_gmo__precomputed	brf_gmo__softmax	brf_gmo__square	brf_gmo__uniform	brf_gmo_full	brf_gmosa
brf_gmo__precomputed	1.0	0.0005679644278865518	7.62939453125e-05	0.00017606295072115384	4.161487926136364e-05	4.161487926136364e-05
brf_gmo__softmax	0.0005679644278865518	1.0	4.161487926136364e-05	0.2548931298915946	4.161487926136364e-05	4.161487926136364e-05
brf_gmo__square	7.62939453125e-05	4.161487926136364e-05	1.0	4.161487926136364e-05	4.161487926136364e-05	4.161487926136364e-05
brf_gmo__uniform	0.00017606295072115384	0.2548931298915946	4.161487926136364e-05	1.0	4.161487926136364e-05	4.161487926136364e-05
brf_gmo_full	4.161487926136364e-05	4.161487926136364e-05	4.161487926136364e-05	4.161487926136364e-05	1.0	4.161487926136364e-05
brf_gmosa	4.161487926136364e-05	4.161487926136364e-05	4.161487926136364e-05	4.161487926136364e-05	4.161487926136364e-05	1.0
