	brf_gmo__precomputed	brf_gmo__softmax	brf_gmo__square	brf_gmo__uniform	brf_gmo_full	brf_gmosa
brf_gmo__precomputed	1.0	4.161487926136364e-05	0.0003269740513392857	4.161487926136364e-05	4.161487926136364e-05	4.161487926136364e-05
brf_gmo__softmax	4.161487926136364e-05	1.0	7.042518028846153e-05	0.17031284817959225	4.161487926136364e-05	4.161487926136364e-05
brf_gmo__square	0.0003269740513392857	7.042518028846153e-05	1.0	7.042518028846153e-05	4.161487926136364e-05	4.161487926136364e-05
brf_gmo__uniform	4.161487926136364e-05	0.17031284817959225	7.042518028846153e-05	1.0	4.161487926136364e-05	4.161487926136364e-05
brf_gmo_full	4.161487926136364e-05	4.161487926136364e-05	4.161487926136364e-05	4.161487926136364e-05	1.0	4.161487926136364e-05
brf_gmosa	4.161487926136364e-05	4.161487926136364e-05	4.161487926136364e-05	4.161487926136364e-05	4.161487926136364e-05	1.0
