	brf_gmo__precomputed	brf_gmo__softmax	brf_gmo__square	brf_gmo__uniform	brf_gmo_full	brf_gmosa
brf_gmo__precomputed	1.0	0.0015318804592322377	0.0038733849158653845	0.0015106201171875	0.000457763671875	0.00080108642578125
brf_gmo__softmax	0.0015318804592322377	1.0	0.00011444091796875	0.33843991740184065	0.000152587890625	0.00011444091796875
brf_gmo__square	0.0038733849158653845	0.00011444091796875	1.0	0.00011444091796875	0.0009663899739583334	0.004479544503348214
brf_gmo__uniform	0.0015106201171875	0.33843991740184065	0.00011444091796875	1.0	0.000152587890625	0.00011444091796875
brf_gmo_full	0.000457763671875	0.000152587890625	0.0009663899739583334	0.000152587890625	1.0	0.00164031982421875
brf_gmosa	0.00080108642578125	0.00011444091796875	0.004479544503348214	0.00011444091796875	0.00164031982421875	1.0
