	brf_gmo__precomputed	brf_gmo__softmax	brf_gmo__square	brf_gmo__uniform	brf_gmo_full	brf_gmosa
brf_gmo__precomputed	1.0	0.004369889380403529	0.026746477399553572	0.024684025691105768	0.000152587890625	0.001430511474609375
brf_gmo__softmax	0.004369889380403529	1.0	0.001430511474609375	0.23424278076207183	0.000152587890625	0.001678466796875
brf_gmo__square	0.026746477399553572	0.001430511474609375	1.0	0.00522613525390625	0.000152587890625	0.0003814697265625
brf_gmo__uniform	0.024684025691105768	0.23424278076207183	0.00522613525390625	1.0	0.00018310546875	0.003204345703125
brf_gmo_full	0.000152587890625	0.000152587890625	0.000152587890625	0.00018310546875	1.0	0.00018310546875
brf_gmosa	0.001430511474609375	0.001678466796875	0.0003814697265625	0.003204345703125	0.00018310546875	1.0
