	brf_gmo	brf_gmo__nrlmf	brf_gmosa	brf_gmosa__nrlmf	brf_gso	brf_gso__nrlmf	brf_lmo	brf_lmo__nrlmf
brf_gmo	1.0	3.884055397727273e-05	3.884055397727273e-05	3.884055397727273e-05	3.884055397727273e-05	3.884055397727273e-05	3.884055397727273e-05	3.884055397727273e-05
brf_gmo__nrlmf	3.884055397727273e-05	1.0	3.884055397727273e-05	3.884055397727273e-05	3.884055397727273e-05	3.884055397727273e-05	3.884055397727273e-05	3.884055397727273e-05
brf_gmosa	3.884055397727273e-05	3.884055397727273e-05	1.0	3.884055397727273e-05	0.08731246570752539	3.884055397727273e-05	0.12467965494986784	3.884055397727273e-05
brf_gmosa__nrlmf	3.884055397727273e-05	3.884055397727273e-05	3.884055397727273e-05	1.0	3.884055397727273e-05	0.93988037109375	3.884055397727273e-05	0.6186839916087963
brf_gso	3.884055397727273e-05	3.884055397727273e-05	0.08731246570752539	3.884055397727273e-05	1.0	3.884055397727273e-05	0.33399616224722406	3.884055397727273e-05
brf_gso__nrlmf	3.884055397727273e-05	3.884055397727273e-05	3.884055397727273e-05	0.93988037109375	3.884055397727273e-05	1.0	3.884055397727273e-05	0.46651986929086536
brf_lmo	3.884055397727273e-05	3.884055397727273e-05	0.12467965494986784	3.884055397727273e-05	0.33399616224722406	3.884055397727273e-05	1.0	3.884055397727273e-05
brf_lmo__nrlmf	3.884055397727273e-05	3.884055397727273e-05	3.884055397727273e-05	0.6186839916087963	3.884055397727273e-05	0.46651986929086536	3.884055397727273e-05	1.0
