	brf_gmosa	brf_gso	brf_gso__nrlmf	brf_lmo	brf_lmo__nrlmf	brf_lso
brf_gmosa	1.0	0.10758143096105807	5.7220458984375e-05	0.14572946682452084	5.7220458984375e-05	0.05260922887651557
brf_gso	0.10758143096105807	1.0	5.7220458984375e-05	0.3604721833502989	5.7220458984375e-05	0.3604721833502989
brf_gso__nrlmf	5.7220458984375e-05	5.7220458984375e-05	1.0	5.7220458984375e-05	0.433197021484375	5.7220458984375e-05
brf_lmo	0.14572946682452084	0.3604721833502989	5.7220458984375e-05	1.0	5.7220458984375e-05	0.3904199881217889
brf_lmo__nrlmf	5.7220458984375e-05	5.7220458984375e-05	0.433197021484375	5.7220458984375e-05	1.0	5.7220458984375e-05
brf_lso	0.05260922887651557	0.3604721833502989	5.7220458984375e-05	0.3904199881217889	5.7220458984375e-05	1.0
