	brf_gmosa	brf_gso	brf_gso__nrlmf	brf_lmo	brf_lmo__nrlmf	brf_lso
brf_gmosa	1.0	3.814697265625e-05	3.814697265625e-05	3.814697265625e-05	3.814697265625e-05	3.814697265625e-05
brf_gso	3.814697265625e-05	1.0	3.814697265625e-05	7.042518028846153e-05	3.814697265625e-05	3.814697265625e-05
brf_gso__nrlmf	3.814697265625e-05	3.814697265625e-05	1.0	3.814697265625e-05	0.022894784183124583	3.814697265625e-05
brf_lmo	3.814697265625e-05	7.042518028846153e-05	3.814697265625e-05	1.0	3.814697265625e-05	0.004479544503348214
brf_lmo__nrlmf	3.814697265625e-05	3.814697265625e-05	0.022894784183124583	3.814697265625e-05	1.0	3.814697265625e-05
brf_lso	3.814697265625e-05	3.814697265625e-05	3.814697265625e-05	0.004479544503348214	3.814697265625e-05	1.0
