	brf_gmosa	brf_gso	brf_gso__nrlmf	brf_lmo	brf_lmo__nrlmf	brf_lso
brf_gmosa	1.0	0.05047559025963797	5.7220458984375e-05	0.09780130087368916	5.7220458984375e-05	0.1392064357307283
brf_gso	0.05047559025963797	1.0	5.7220458984375e-05	0.733158684614851	5.7220458984375e-05	0.37408337018147575
brf_gso__nrlmf	5.7220458984375e-05	5.7220458984375e-05	1.0	5.7220458984375e-05	0.04831949869791667	5.7220458984375e-05
brf_lmo	0.09780130087368916	0.733158684614851	5.7220458984375e-05	1.0	5.7220458984375e-05	0.19220347982403188
brf_lmo__nrlmf	5.7220458984375e-05	5.7220458984375e-05	0.04831949869791667	5.7220458984375e-05	1.0	5.7220458984375e-05
brf_lso	0.1392064357307283	0.37408337018147575	5.7220458984375e-05	0.19220347982403188	5.7220458984375e-05	1.0
