	brf_gmosa	brf_gso	brf_gso__nrlmf	brf_lmo	brf_lmo__nrlmf	brf_lso
brf_gmosa	1.0	4.161487926136364e-05	4.161487926136364e-05	4.161487926136364e-05	4.161487926136364e-05	4.161487926136364e-05
brf_gso	4.161487926136364e-05	1.0	4.161487926136364e-05	0.00011444091796875	4.161487926136364e-05	0.348388671875
brf_gso__nrlmf	4.161487926136364e-05	4.161487926136364e-05	1.0	4.161487926136364e-05	0.2065822056361607	4.161487926136364e-05
brf_lmo	4.161487926136364e-05	0.00011444091796875	4.161487926136364e-05	1.0	4.161487926136364e-05	0.0011620154747596153
brf_lmo__nrlmf	4.161487926136364e-05	4.161487926136364e-05	0.2065822056361607	4.161487926136364e-05	1.0	4.161487926136364e-05
brf_lso	4.161487926136364e-05	0.348388671875	4.161487926136364e-05	0.0011620154747596153	4.161487926136364e-05	1.0
