	brf_gmosa	brf_gso	brf_gso__nrlmf	brf_lmo	brf_lmo__nrlmf	brf_lso
brf_gmosa	1.0	0.0004929762620192308	5.7220458984375e-05	8.322975852272728e-05	5.7220458984375e-05	8.322975852272728e-05
brf_gso	0.0004929762620192308	1.0	5.7220458984375e-05	8.322975852272728e-05	5.7220458984375e-05	0.10011945452008929
brf_gso__nrlmf	5.7220458984375e-05	5.7220458984375e-05	1.0	5.7220458984375e-05	0.40804420568711997	5.7220458984375e-05
brf_lmo	8.322975852272728e-05	8.322975852272728e-05	5.7220458984375e-05	1.0	5.7220458984375e-05	0.00019073486328125
brf_lmo__nrlmf	5.7220458984375e-05	5.7220458984375e-05	0.40804420568711997	5.7220458984375e-05	1.0	5.7220458984375e-05
brf_lso	8.322975852272728e-05	0.10011945452008929	5.7220458984375e-05	0.00019073486328125	5.7220458984375e-05	1.0
