	brf_gmosa	brf_gso	brf_gso__nrlmf	brf_lmo	brf_lmo__nrlmf	brf_lso
brf_gmosa	1.0	0.5658939906529018	0.2910320575420673	0.2910320575420673	0.144195556640625	0.2910320575420673
brf_gso	0.5658939906529018	1.0	0.2910320575420673	0.047149658203125	0.144195556640625	0.047149658203125
brf_gso__nrlmf	0.2910320575420673	0.2910320575420673	1.0	0.2910320575420673	0.8767217432348915	0.2910320575420673
brf_lmo	0.2910320575420673	0.047149658203125	0.2910320575420673	1.0	0.144195556640625	0.2910320575420673
brf_lmo__nrlmf	0.144195556640625	0.144195556640625	0.8767217432348915	0.144195556640625	1.0	0.144195556640625
brf_lso	0.2910320575420673	0.047149658203125	0.2910320575420673	0.2910320575420673	0.144195556640625	1.0
