	brf_gmosa	brf_gso	brf_gso__nrlmf	brf_lmo	brf_lmo__nrlmf	brf_lso
brf_gmosa	1.0	0.026746477399553572	5.7220458984375e-05	0.026746477399553572	5.7220458984375e-05	0.528167724609375
brf_gso	0.026746477399553572	1.0	5.7220458984375e-05	0.0077362060546875	5.7220458984375e-05	0.017852783203125
brf_gso__nrlmf	5.7220458984375e-05	5.7220458984375e-05	1.0	5.7220458984375e-05	0.007425587259119568	5.7220458984375e-05
brf_lmo	0.026746477399553572	0.0077362060546875	5.7220458984375e-05	1.0	5.7220458984375e-05	0.026746477399553572
brf_lmo__nrlmf	5.7220458984375e-05	5.7220458984375e-05	0.007425587259119568	5.7220458984375e-05	1.0	5.7220458984375e-05
brf_lso	0.528167724609375	0.017852783203125	5.7220458984375e-05	0.026746477399553572	5.7220458984375e-05	1.0
