	brf_gmosa	brf_gso	brf_gso__nrlmf	brf_lmo	brf_lmo__nrlmf	brf_lso
brf_gmosa	1.0	0.820892333984375	0.00011444091796875	0.00057220458984375	0.00011444091796875	0.00011444091796875
brf_gso	0.820892333984375	1.0	0.00011444091796875	0.08919852120535714	0.0011444091796875	0.000152587890625
brf_gso__nrlmf	0.00011444091796875	0.00011444091796875	1.0	0.00057220458984375	0.0007120768229166667	0.0362396240234375
brf_lmo	0.00057220458984375	0.08919852120535714	0.00057220458984375	1.0	0.021140358664772728	0.000152587890625
brf_lmo__nrlmf	0.00011444091796875	0.0011444091796875	0.0007120768229166667	0.021140358664772728	1.0	0.04457913912259615
brf_lso	0.00011444091796875	0.000152587890625	0.0362396240234375	0.000152587890625	0.04457913912259615	1.0
