	brf_gmosa	brf_gso	brf_gso__nrlmf	brf_lmo	brf_lmo__nrlmf	brf_lso
brf_gmosa	1.0	0.054277692522321425	5.7220458984375e-05	0.0001373291015625	5.7220458984375e-05	0.0026702880859375
brf_gso	0.054277692522321425	1.0	5.7220458984375e-05	0.0004161487926136364	5.7220458984375e-05	0.065399169921875
brf_gso__nrlmf	5.7220458984375e-05	5.7220458984375e-05	1.0	5.7220458984375e-05	0.03446901232987965	5.7220458984375e-05
brf_lmo	0.0001373291015625	0.0004161487926136364	5.7220458984375e-05	1.0	5.7220458984375e-05	0.0001373291015625
brf_lmo__nrlmf	5.7220458984375e-05	5.7220458984375e-05	0.03446901232987965	5.7220458984375e-05	1.0	5.7220458984375e-05
brf_lso	0.0026702880859375	0.065399169921875	5.7220458984375e-05	0.0001373291015625	5.7220458984375e-05	1.0
