	brf_gmosa	brf_gso	brf_gso__nrlmf	brf_lmo	brf_lmo__nrlmf	brf_lso
brf_gmosa	1.0	0.0002080743963068182	4.57763671875e-05	4.57763671875e-05	4.57763671875e-05	4.57763671875e-05
brf_gso	0.0002080743963068182	1.0	4.57763671875e-05	0.00026702880859375	4.57763671875e-05	0.322509765625
brf_gso__nrlmf	4.57763671875e-05	4.57763671875e-05	1.0	4.57763671875e-05	0.024684025691105768	4.57763671875e-05
brf_lmo	4.57763671875e-05	0.00026702880859375	4.57763671875e-05	1.0	4.57763671875e-05	0.10011945452008929
brf_lmo__nrlmf	4.57763671875e-05	4.57763671875e-05	0.024684025691105768	4.57763671875e-05	1.0	4.57763671875e-05
brf_lso	4.57763671875e-05	0.322509765625	4.57763671875e-05	0.10011945452008929	4.57763671875e-05	1.0
