	brf_gmosa	brf_gso	brf_gso__nrlmf	brf_lmo	brf_lmo__nrlmf	brf_lso
brf_gmosa	1.0	0.14328202806912657	5.7220458984375e-05	0.012526078657670456	5.7220458984375e-05	0.0025177001953125
brf_gso	0.14328202806912657	1.0	5.7220458984375e-05	0.14328202806912657	5.7220458984375e-05	0.001678466796875
brf_gso__nrlmf	5.7220458984375e-05	5.7220458984375e-05	1.0	5.7220458984375e-05	0.01631094772900575	5.7220458984375e-05
brf_lmo	0.012526078657670456	0.14328202806912657	5.7220458984375e-05	1.0	5.7220458984375e-05	0.348388671875
brf_lmo__nrlmf	5.7220458984375e-05	5.7220458984375e-05	0.01631094772900575	5.7220458984375e-05	1.0	5.7220458984375e-05
brf_lso	0.0025177001953125	0.001678466796875	5.7220458984375e-05	0.348388671875	5.7220458984375e-05	1.0
