	brf_gmo	brf_gmo__nrlmf	brf_gmosa	brf_gmosa__nrlmf	brf_gso	brf_gso__nrlmf	brf_lmo	brf_lmo__nrlmf
brf_gmo	1.0	0.42051269531249996	0.1273193359375	0.0110015869140625	0.051513671875	0.00042724609375	0.007804361979166667	0.051513671875
brf_gmo__nrlmf	0.42051269531249996	1.0	0.07340864701704546	0.0042724609375	0.01708984375	0.0002848307291666667	0.036788137335526314	0.0018039279513888888
brf_gmosa	0.1273193359375	0.07340864701704546	1.0	0.001708984375	0.979949951171875	0.0002848307291666667	0.0014241536458333335	0.0019420276988636365
brf_gmosa__nrlmf	0.0110015869140625	0.0042724609375	0.001708984375	1.0	0.0042724609375	0.0005126953125	0.9516179487806017	0.8840378981370192
brf_gso	0.051513671875	0.01708984375	0.979949951171875	0.0042724609375	1.0	0.0002848307291666667	0.0018039279513888888	0.002349853515625
brf_gso__nrlmf	0.00042724609375	0.0002848307291666667	0.0002848307291666667	0.0005126953125	0.0002848307291666667	1.0	0.012566061580882354	0.0019420276988636365
brf_lmo	0.007804361979166667	0.036788137335526314	0.0014241536458333335	0.9516179487806017	0.0018039279513888888	0.012566061580882354	1.0	0.18556722005208334
brf_lmo__nrlmf	0.051513671875	0.0018039279513888888	0.0019420276988636365	0.8840378981370192	0.002349853515625	0.0019420276988636365	0.18556722005208334	1.0
