	brf_gmo	brf_gmo__nrlmf	brf_gmosa	brf_gmosa__nrlmf	brf_gso	brf_gso__nrlmf	brf_lmo	brf_lmo__nrlmf
brf_gmo	1.0	0.000213623046875	0.0004747178819444444	0.00201416015625	0.0007768110795454546	0.0007768110795454546	0.000213623046875	0.00688620174632353
brf_gmo__nrlmf	0.000213623046875	1.0	0.000213623046875	0.000213623046875	0.000213623046875	0.000213623046875	0.000213623046875	0.000213623046875
brf_gmosa	0.0004747178819444444	0.000213623046875	1.0	0.5410359700520834	0.6933096426504629	0.04942562705592105	0.00201416015625	0.6933096426504629
brf_gmosa__nrlmf	0.00201416015625	0.000213623046875	0.5410359700520834	1.0	0.44340376420454547	0.028388129340277776	0.005013020833333334	0.820892333984375
brf_gso	0.0007768110795454546	0.000213623046875	0.6933096426504629	0.44340376420454547	1.0	0.6933096426504629	0.0620361328125	0.4915187669836957
brf_gso__nrlmf	0.0007768110795454546	0.000213623046875	0.04942562705592105	0.028388129340277776	0.6933096426504629	1.0	0.09855143229166667	0.0058746337890625
brf_lmo	0.000213623046875	0.000213623046875	0.00201416015625	0.005013020833333334	0.0620361328125	0.09855143229166667	1.0	0.0013529459635416667
brf_lmo__nrlmf	0.00688620174632353	0.000213623046875	0.6933096426504629	0.820892333984375	0.4915187669836957	0.0058746337890625	0.0013529459635416667	1.0
