	brf_gmosa	brf_gso	brf_gso__nrlmf	brf_lmo	brf_lmo__nrlmf	brf_lso
brf_gmosa	1.0	0.3721266526442308	0.00057220458984375	0.00018310546875	0.00011444091796875	0.49686976841517855
brf_gso	0.3721266526442308	1.0	0.0003814697265625	0.00057220458984375	0.00011444091796875	0.979949951171875
brf_gso__nrlmf	0.00057220458984375	0.0003814697265625	1.0	0.0923919677734375	0.040736105480766865	0.00011444091796875
brf_lmo	0.00018310546875	0.00057220458984375	0.0923919677734375	1.0	0.0164794921875	0.001678466796875
brf_lmo__nrlmf	0.00011444091796875	0.00011444091796875	0.040736105480766865	0.0164794921875	1.0	0.00011444091796875
brf_lso	0.49686976841517855	0.979949951171875	0.00011444091796875	0.001678466796875	0.00011444091796875	1.0
