	brf_gmosa	brf_gso	brf_gso__nrlmf	brf_lmo	brf_lmo__nrlmf	brf_lso
brf_gmosa	1.0	4.161487926136364e-05	4.161487926136364e-05	4.161487926136364e-05	4.161487926136364e-05	4.161487926136364e-05
brf_gso	4.161487926136364e-05	1.0	4.161487926136364e-05	0.10406494140625	4.161487926136364e-05	0.21003582254960482
brf_gso__nrlmf	4.161487926136364e-05	4.161487926136364e-05	1.0	4.161487926136364e-05	0.18352801983173075	4.161487926136364e-05
brf_lmo	4.161487926136364e-05	0.10406494140625	4.161487926136364e-05	1.0	4.161487926136364e-05	0.5013759517643173
brf_lmo__nrlmf	4.161487926136364e-05	4.161487926136364e-05	0.18352801983173075	4.161487926136364e-05	1.0	4.161487926136364e-05
brf_lso	4.161487926136364e-05	0.21003582254960482	4.161487926136364e-05	0.5013759517643173	4.161487926136364e-05	1.0
