	brf_gmosa	brf_gso	brf_gso__nrlmf	brf_lmo	brf_lmo__nrlmf	brf_lso
brf_gmosa	1.0	0.00629425048828125	0.030415852864583336	0.000457763671875	0.01885986328125	0.019073486328125
brf_gso	0.00629425048828125	1.0	0.0482940673828125	0.0006866455078125	0.024547576904296875	0.899932861328125
brf_gso__nrlmf	0.030415852864583336	0.0482940673828125	1.0	0.49686976841517855	0.04180694860965025	0.0482940673828125
brf_lmo	0.000457763671875	0.0006866455078125	0.49686976841517855	1.0	0.2667705829326923	0.000762939453125
brf_lmo__nrlmf	0.01885986328125	0.024547576904296875	0.04180694860965025	0.2667705829326923	1.0	0.023542131696428572
brf_lso	0.019073486328125	0.899932861328125	0.0482940673828125	0.000762939453125	0.023542131696428572	1.0
