	brf_gmo	brf_gmo__nrlmf	brf_gmosa	brf_gmosa__nrlmf	brf_gso	brf_gso__nrlmf	brf_lmo	brf_lmo__nrlmf
brf_gmo	1.0	0.26474570909589706	0.018328857421875	0.002848307291666667	0.018328857421875	0.009627278645833334	0.26474570909589706	0.009627278645833334
brf_gmo__nrlmf	0.26474570909589706	1.0	0.26474570909589706	0.009627278645833334	0.26474570909589706	0.009627278645833334	0.26474570909589706	0.009627278645833334
brf_gmosa	0.018328857421875	0.26474570909589706	1.0	0.0133514404296875	0.4637451171875	0.009627278645833334	0.00213623046875	0.009627278645833334
brf_gmosa__nrlmf	0.002848307291666667	0.009627278645833334	0.0133514404296875	1.0	0.014289008246527776	0.014289008246527776	0.004058837890625	0.26474570909589706
brf_gso	0.018328857421875	0.26474570909589706	0.4637451171875	0.014289008246527776	1.0	0.009627278645833334	0.001708984375	0.009627278645833334
brf_gso__nrlmf	0.009627278645833334	0.009627278645833334	0.009627278645833334	0.014289008246527776	0.009627278645833334	1.0	0.009627278645833334	0.26474570909589706
brf_lmo	0.26474570909589706	0.26474570909589706	0.00213623046875	0.004058837890625	0.001708984375	0.009627278645833334	1.0	0.009627278645833334
brf_lmo__nrlmf	0.009627278645833334	0.009627278645833334	0.009627278645833334	0.26474570909589706	0.009627278645833334	0.26474570909589706	0.009627278645833334	1.0
