	brf_gmo	brf_gmo__nrlmf	brf_gmosa	brf_gmosa__nrlmf	brf_gso	brf_gso__nrlmf	brf_lmo	brf_lmo__nrlmf
brf_gmo	1.0	0.0008544921875	0.0003204345703125	0.26973470052083337	0.0001708984375	0.26973470052083337	0.060099283854166664	0.9332637080439815
brf_gmo__nrlmf	0.0008544921875	1.0	0.0001708984375	0.004984537760416667	0.0001708984375	0.0001708984375	0.0006646050347222221	0.0002848307291666667
brf_gmosa	0.0003204345703125	0.0001708984375	1.0	0.08499948601973684	0.0042724609375	0.03406575520833333	0.0001708984375	0.013540414663461538
brf_gmosa__nrlmf	0.26973470052083337	0.004984537760416667	0.08499948601973684	1.0	0.146417236328125	0.93988037109375	0.2824951171875	0.23380533854166666
brf_gso	0.0001708984375	0.0001708984375	0.0042724609375	0.146417236328125	1.0	0.060099283854166664	0.0003204345703125	0.02618408203125
brf_gso__nrlmf	0.26973470052083337	0.0001708984375	0.03406575520833333	0.93988037109375	0.060099283854166664	1.0	0.49941781850961536	0.04877477337792529
brf_lmo	0.060099283854166664	0.0006646050347222221	0.0001708984375	0.2824951171875	0.0003204345703125	0.49941781850961536	1.0	0.26973470052083337
brf_lmo__nrlmf	0.9332637080439815	0.0002848307291666667	0.013540414663461538	0.23380533854166666	0.02618408203125	0.04877477337792529	0.26973470052083337	1.0
