	brf_gmo	brf_gmo__nrlmf	brf_gmosa	brf_gmosa__nrlmf	brf_gso	brf_gso__nrlmf	brf_lmo	brf_lmo__nrlmf
brf_gmo	1.0	0.0031331380208333335	0.0031331380208333335	0.11892977627840909	0.002349853515625	0.0620361328125	0.820892333984375	0.0058746337890625
brf_gmo__nrlmf	0.0031331380208333335	1.0	0.0003204345703125	0.0001708984375	0.0003204345703125	0.006231229449131781	0.0031331380208333335	0.11929132503572552
brf_gmosa	0.0031331380208333335	0.0003204345703125	1.0	0.4043391301081731	0.3612109375	0.0007768110795454546	0.0002848307291666667	0.0001708984375
brf_gmosa__nrlmf	0.11892977627840909	0.0001708984375	0.4043391301081731	1.0	0.418701171875	0.0001708984375	0.16783650716145834	0.0001708984375
brf_gso	0.002349853515625	0.0003204345703125	0.3612109375	0.418701171875	1.0	0.0004747178819444444	0.0007768110795454546	0.0001708984375
brf_gso__nrlmf	0.0620361328125	0.006231229449131781	0.0007768110795454546	0.0001708984375	0.0004747178819444444	1.0	0.09855143229166667	0.04402358065991647
brf_lmo	0.820892333984375	0.0031331380208333335	0.0002848307291666667	0.16783650716145834	0.0007768110795454546	0.09855143229166667	1.0	0.01708984375
brf_lmo__nrlmf	0.0058746337890625	0.11929132503572552	0.0001708984375	0.0001708984375	0.0001708984375	0.04402358065991647	0.01708984375	1.0
