	brf_gmo	brf_gmo__nrlmf	brf_gmosa	brf_gmosa__nrlmf	brf_gso	brf_gso__nrlmf	brf_lmo	brf_lmo__nrlmf
brf_gmo	1.0	4.0690104166666664e-05	4.0690104166666664e-05	4.0690104166666664e-05	7.768110795454545e-05	4.0690104166666664e-05	4.0690104166666664e-05	4.0690104166666664e-05
brf_gmo__nrlmf	4.0690104166666664e-05	1.0	4.0690104166666664e-05	4.0690104166666664e-05	4.0690104166666664e-05	0.017365732878596173	4.0690104166666664e-05	0.015656156163517662
brf_gmosa	4.0690104166666664e-05	4.0690104166666664e-05	1.0	4.0690104166666664e-05	0.00508980129076087	4.0690104166666664e-05	0.0152740478515625	4.0690104166666664e-05
brf_gmosa__nrlmf	4.0690104166666664e-05	4.0690104166666664e-05	4.0690104166666664e-05	1.0	4.0690104166666664e-05	4.0690104166666664e-05	4.0690104166666664e-05	4.0690104166666664e-05
brf_gso	7.768110795454545e-05	4.0690104166666664e-05	0.00508980129076087	4.0690104166666664e-05	1.0	4.0690104166666664e-05	0.93988037109375	4.0690104166666664e-05
brf_gso__nrlmf	4.0690104166666664e-05	0.017365732878596173	4.0690104166666664e-05	4.0690104166666664e-05	4.0690104166666664e-05	1.0	4.0690104166666664e-05	0.6841832863330888
brf_lmo	4.0690104166666664e-05	4.0690104166666664e-05	0.0152740478515625	4.0690104166666664e-05	0.93988037109375	4.0690104166666664e-05	1.0	4.0690104166666664e-05
brf_lmo__nrlmf	4.0690104166666664e-05	0.015656156163517662	4.0690104166666664e-05	4.0690104166666664e-05	4.0690104166666664e-05	0.6841832863330888	4.0690104166666664e-05	1.0
