	brf_gmosa	brf_gso	brf_gso__nrlmf	brf_lmo	brf_lmo__nrlmf	brf_lso
brf_gmosa	1.0	4.161487926136364e-05	4.161487926136364e-05	4.161487926136364e-05	4.161487926136364e-05	4.161487926136364e-05
brf_gso	4.161487926136364e-05	1.0	4.161487926136364e-05	0.12067354642427884	4.161487926136364e-05	0.958753862767215
brf_gso__nrlmf	4.161487926136364e-05	4.161487926136364e-05	1.0	4.161487926136364e-05	0.03949259041354314	4.161487926136364e-05
brf_lmo	4.161487926136364e-05	0.12067354642427884	4.161487926136364e-05	1.0	4.161487926136364e-05	0.24771554129464285
brf_lmo__nrlmf	4.161487926136364e-05	4.161487926136364e-05	0.03949259041354314	4.161487926136364e-05	1.0	4.161487926136364e-05
brf_lso	4.161487926136364e-05	0.958753862767215	4.161487926136364e-05	0.24771554129464285	4.161487926136364e-05	1.0
