	brf_gmo	brf_gmo__nrlmf	brf_gmosa	brf_gmosa__nrlmf	brf_gso	brf_gso__nrlmf	brf_lmo	brf_lmo__nrlmf
brf_gmo	1.0	0.49585394620192746	0.11279296875	0.011962890625	0.2722269694010417	0.979949951171875	0.7375335693359375	0.40059018774489785
brf_gmo__nrlmf	0.49585394620192746	1.0	0.8034665950240397	0.0037186994792730594	0.9441618773298831	0.08097434512452743	0.6254842032472722	0.6110010678264887
brf_gmosa	0.11279296875	0.8034665950240397	1.0	0.0037186994792730594	0.32534663014389364	0.44139862060546875	0.05677625868055555	0.6305375532670454
brf_gmosa__nrlmf	0.011962890625	0.0037186994792730594	0.0037186994792730594	1.0	0.0206298828125	0.0037186994792730594	0.0458221435546875	0.0008544921875
brf_gso	0.2722269694010417	0.9441618773298831	0.32534663014389364	0.0206298828125	1.0	0.5016818576388888	0.30985201322115385	0.979949951171875
brf_gso__nrlmf	0.979949951171875	0.08097434512452743	0.44139862060546875	0.0037186994792730594	0.5016818576388888	1.0	0.5533061780427632	0.013529284906007572
brf_lmo	0.7375335693359375	0.6254842032472722	0.05677625868055555	0.0458221435546875	0.30985201322115385	0.5533061780427632	1.0	0.7366373261179278
brf_lmo__nrlmf	0.40059018774489785	0.6110010678264887	0.6305375532670454	0.0008544921875	0.979949951171875	0.013529284906007572	0.7366373261179278	1.0
