	brf_gmo	brf_gmo__nrlmf	brf_gmosa	brf_gmosa__nrlmf	brf_gso	brf_gso__nrlmf	brf_lmo	brf_lmo__nrlmf
brf_gmo	1.0	0.0001220703125	0.7318567346643519	0.001495361328125	0.899932861328125	0.13712086397058826	0.6051119290865384	0.039306640625
brf_gmo__nrlmf	0.0001220703125	1.0	0.0001220703125	0.0001220703125	0.0001220703125	0.004886688078050557	0.0001220703125	0.002630499404000556
brf_gmosa	0.7318567346643519	0.0001220703125	1.0	0.101318359375	0.5991162387150524	0.13712086397058826	0.2942560369318182	0.2226806640625
brf_gmosa__nrlmf	0.001495361328125	0.0001220703125	0.101318359375	1.0	0.008544921875	0.0001220703125	0.030548095703125	0.0001220703125
brf_gso	0.899932861328125	0.0001220703125	0.5991162387150524	0.008544921875	1.0	0.1814846462673611	0.4241253396739131	0.13712086397058826
brf_gso__nrlmf	0.13712086397058826	0.004886688078050557	0.13712086397058826	0.0001220703125	0.1814846462673611	1.0	0.257080078125	0.5286012469255744
brf_lmo	0.6051119290865384	0.0001220703125	0.2942560369318182	0.030548095703125	0.4241253396739131	0.257080078125	1.0	0.21760458714348407
brf_lmo__nrlmf	0.039306640625	0.002630499404000556	0.2226806640625	0.0001220703125	0.13712086397058826	0.5286012469255744	0.21760458714348407	1.0
