	brf_gmosa	brf_gso	brf_gso__nrlmf	brf_lmo	brf_lmo__nrlmf	brf_lso
brf_gmosa	1.0	4.161487926136364e-05	4.161487926136364e-05	4.161487926136364e-05	4.161487926136364e-05	4.161487926136364e-05
brf_gso	4.161487926136364e-05	1.0	4.161487926136364e-05	0.25063908169527016	4.161487926136364e-05	0.4848423816410665
brf_gso__nrlmf	4.161487926136364e-05	4.161487926136364e-05	1.0	4.161487926136364e-05	0.23589878286256852	4.161487926136364e-05
brf_lmo	4.161487926136364e-05	0.25063908169527016	4.161487926136364e-05	1.0	4.161487926136364e-05	0.198822021484375
brf_lmo__nrlmf	4.161487926136364e-05	4.161487926136364e-05	0.23589878286256852	4.161487926136364e-05	1.0	4.161487926136364e-05
brf_lso	4.161487926136364e-05	0.4848423816410665	4.161487926136364e-05	0.198822021484375	4.161487926136364e-05	1.0
