	brf_gmo	brf_gmo__nrlmf	brf_gmosa	brf_gmosa__nrlmf	brf_gso	brf_gso__nrlmf	brf_lmo	brf_lmo__nrlmf
brf_gmo	1.0	0.3808019301470589	0.043408203124999996	0.009969075520833334	0.017383394255213912	0.525640869140625	0.06354314630681818	0.09456380208333334
brf_gmo__nrlmf	0.3808019301470589	1.0	0.42691379123263884	0.0029749595834184473	1.0	0.07690680629309586	0.5513416637073864	0.714053009471151
brf_gmosa	0.043408203124999996	0.42691379123263884	1.0	0.0014241536458333335	0.5513416637073864	0.088623046875	0.1293487548828125	0.9441618773298831
brf_gmosa__nrlmf	0.009969075520833334	0.0029749595834184473	0.0014241536458333335	1.0	0.0029749595834184473	0.00042724609375	0.013427734375	0.00042724609375
brf_gso	0.017383394255213912	1.0	0.5513416637073864	0.0029749595834184473	1.0	0.7375335693359375	0.08321439302884615	0.8757861328125
brf_gso__nrlmf	0.525640869140625	0.07690680629309586	0.088623046875	0.00042724609375	0.7375335693359375	1.0	1.0	0.017383394255213912
brf_lmo	0.06354314630681818	0.5513416637073864	0.1293487548828125	0.013427734375	0.08321439302884615	1.0	1.0	0.4389391447368421
brf_lmo__nrlmf	0.09456380208333334	0.714053009471151	0.9441618773298831	0.00042724609375	0.8757861328125	0.017383394255213912	0.4389391447368421	1.0
