	bxt_gmo__precomputed	bxt_gmo__softmax	bxt_gmo__square	bxt_gmo__uniform	bxt_gmo_full	bxt_gmosa
bxt_gmo__precomputed	1.0	0.01636505126953125	0.02105712890625	0.10011945452008929	5.7220458984375e-05	5.7220458984375e-05
bxt_gmo__softmax	0.01636505126953125	1.0	0.0062713623046875	0.116668701171875	5.7220458984375e-05	5.7220458984375e-05
bxt_gmo__square	0.02105712890625	0.0062713623046875	1.0	0.01040371981534091	5.7220458984375e-05	5.7220458984375e-05
bxt_gmo__uniform	0.10011945452008929	0.116668701171875	0.01040371981534091	1.0	5.7220458984375e-05	5.7220458984375e-05
bxt_gmo_full	5.7220458984375e-05	5.7220458984375e-05	5.7220458984375e-05	5.7220458984375e-05	1.0	0.0002543131510416667
bxt_gmosa	5.7220458984375e-05	5.7220458984375e-05	5.7220458984375e-05	5.7220458984375e-05	0.0002543131510416667	1.0
