	bxt_gmo__precomputed	bxt_gmo__softmax	bxt_gmo__square	bxt_gmo__uniform	bxt_gmo_full	bxt_gmosa
bxt_gmo__precomputed	1.0	0.001514141376201923	0.002877371651785714	0.0001248446377840909	5.7220458984375e-05	5.7220458984375e-05
bxt_gmo__softmax	0.001514141376201923	1.0	0.0003814697265625	0.14385986328125	5.7220458984375e-05	5.7220458984375e-05
bxt_gmo__square	0.002877371651785714	0.0003814697265625	1.0	9.1552734375e-05	5.7220458984375e-05	5.7220458984375e-05
bxt_gmo__uniform	0.0001248446377840909	0.14385986328125	9.1552734375e-05	1.0	5.7220458984375e-05	9.1552734375e-05
bxt_gmo_full	5.7220458984375e-05	5.7220458984375e-05	5.7220458984375e-05	5.7220458984375e-05	1.0	5.7220458984375e-05
bxt_gmosa	5.7220458984375e-05	5.7220458984375e-05	5.7220458984375e-05	9.1552734375e-05	5.7220458984375e-05	1.0
