	bxt_gmo__precomputed	bxt_gmo__softmax	bxt_gmo__square	bxt_gmo__uniform	bxt_gmo_full	bxt_gmosa
bxt_gmo__precomputed	1.0	4.57763671875e-05	4.57763671875e-05	0.632171630859375	0.29404776436941965	4.57763671875e-05
bxt_gmo__softmax	4.57763671875e-05	1.0	4.57763671875e-05	4.57763671875e-05	8.322975852272728e-05	4.57763671875e-05
bxt_gmo__square	4.57763671875e-05	4.57763671875e-05	1.0	4.57763671875e-05	0.0005340576171875	4.57763671875e-05
bxt_gmo__uniform	0.632171630859375	4.57763671875e-05	4.57763671875e-05	1.0	0.2910320575420673	4.57763671875e-05
bxt_gmo_full	0.29404776436941965	8.322975852272728e-05	0.0005340576171875	0.2910320575420673	1.0	4.57763671875e-05
bxt_gmosa	4.57763671875e-05	4.57763671875e-05	4.57763671875e-05	4.57763671875e-05	4.57763671875e-05	1.0
