	bxt_gmo__precomputed	bxt_gmo__softmax	bxt_gmo__square	bxt_gmo__uniform	bxt_gmo_full	bxt_gmosa
bxt_gmo__precomputed	1.0	7.62939453125e-05	4.57763671875e-05	4.57763671875e-05	4.57763671875e-05	4.57763671875e-05
bxt_gmo__softmax	7.62939453125e-05	1.0	4.57763671875e-05	0.00017606295072115384	4.57763671875e-05	0.0003269740513392857
bxt_gmo__square	4.57763671875e-05	4.57763671875e-05	1.0	4.57763671875e-05	7.62939453125e-05	4.57763671875e-05
bxt_gmo__uniform	4.57763671875e-05	0.00017606295072115384	4.57763671875e-05	1.0	4.57763671875e-05	0.2978515625
bxt_gmo_full	4.57763671875e-05	4.57763671875e-05	7.62939453125e-05	4.57763671875e-05	1.0	4.57763671875e-05
bxt_gmosa	4.57763671875e-05	0.0003269740513392857	4.57763671875e-05	0.2978515625	4.57763671875e-05	1.0
