	bxt_gmo__precomputed	bxt_gmo__softmax	bxt_gmo__square	bxt_gmo__uniform	bxt_gmo_full	bxt_gmosa
bxt_gmo__precomputed	1.0	0.5618896484375	0.013471330915178572	0.13072967529296875	9.1552734375e-05	0.4998427170973557
bxt_gmo__softmax	0.5618896484375	1.0	0.020599365234375	0.04160563151041667	9.1552734375e-05	0.13072967529296875
bxt_gmo__square	0.013471330915178572	0.020599365234375	1.0	0.0032806396484375	9.1552734375e-05	0.5308096749441964
bxt_gmo__uniform	0.13072967529296875	0.04160563151041667	0.0032806396484375	1.0	9.1552734375e-05	0.0980987548828125
bxt_gmo_full	9.1552734375e-05	9.1552734375e-05	9.1552734375e-05	9.1552734375e-05	1.0	9.1552734375e-05
bxt_gmosa	0.4998427170973557	0.13072967529296875	0.5308096749441964	0.0980987548828125	9.1552734375e-05	1.0
