	brf_gmo__precomputed	brf_gmo__softmax	brf_gmo__square	brf_gmo__uniform	brf_gmo_full	brf_gmosa
brf_gmo__precomputed	1.0	0.274444580078125	3.814697265625e-05	3.814697265625e-05	3.814697265625e-05	0.00017606295072115384
brf_gmo__softmax	0.274444580078125	1.0	3.814697265625e-05	3.814697265625e-05	3.814697265625e-05	3.814697265625e-05
brf_gmo__square	3.814697265625e-05	3.814697265625e-05	1.0	3.814697265625e-05	3.814697265625e-05	0.0014059884207589285
brf_gmo__uniform	3.814697265625e-05	3.814697265625e-05	3.814697265625e-05	1.0	3.814697265625e-05	3.814697265625e-05
brf_gmo_full	3.814697265625e-05	3.814697265625e-05	3.814697265625e-05	3.814697265625e-05	1.0	3.814697265625e-05
brf_gmosa	0.00017606295072115384	3.814697265625e-05	0.0014059884207589285	3.814697265625e-05	3.814697265625e-05	1.0
