	brf_gmo__precomputed	brf_gmo__softmax	brf_gmo__square	brf_gmo__uniform	brf_gmo_full	brf_gmosa
brf_gmo__precomputed	1.0	0.705718994140625	0.6094242976262019	3.814697265625e-05	3.814697265625e-05	3.814697265625e-05
brf_gmo__softmax	0.705718994140625	1.0	0.6773267473493303	3.814697265625e-05	3.814697265625e-05	3.814697265625e-05
brf_gmo__square	0.6094242976262019	0.6773267473493303	1.0	3.814697265625e-05	3.814697265625e-05	3.814697265625e-05
brf_gmo__uniform	3.814697265625e-05	3.814697265625e-05	3.814697265625e-05	1.0	3.814697265625e-05	3.814697265625e-05
brf_gmo_full	3.814697265625e-05	3.814697265625e-05	3.814697265625e-05	3.814697265625e-05	1.0	3.814697265625e-05
brf_gmosa	3.814697265625e-05	3.814697265625e-05	3.814697265625e-05	3.814697265625e-05	3.814697265625e-05	1.0
