	brf_gmo__precomputed	brf_gmo__softmax	brf_gmo__square	brf_gmo__uniform	brf_gmo_full	brf_gmosa
brf_gmo__precomputed	1.0	0.6020246233258928	0.40198692908653844	0.0002080743963068182	5.0862630208333336e-05	5.0862630208333336e-05
brf_gmo__softmax	0.6020246233258928	1.0	0.743560791015625	9.1552734375e-05	5.0862630208333336e-05	5.0862630208333336e-05
brf_gmo__square	0.40198692908653844	0.743560791015625	1.0	0.00026702880859375	5.0862630208333336e-05	5.0862630208333336e-05
brf_gmo__uniform	0.0002080743963068182	9.1552734375e-05	0.00026702880859375	1.0	5.0862630208333336e-05	5.0862630208333336e-05
brf_gmo_full	5.0862630208333336e-05	5.0862630208333336e-05	5.0862630208333336e-05	5.0862630208333336e-05	1.0	5.0862630208333336e-05
brf_gmosa	5.0862630208333336e-05	5.0862630208333336e-05	5.0862630208333336e-05	5.0862630208333336e-05	5.0862630208333336e-05	1.0
