	brf_gmo__precomputed	brf_gmo__softmax	brf_gmo__square	brf_gmo__uniform	brf_gmo_full	brf_gmosa
brf_gmo__precomputed	1.0	0.5618896484375	0.27024405343191965	5.0862630208333336e-05	5.0862630208333336e-05	0.007032914595170455
brf_gmo__softmax	0.5618896484375	1.0	0.019378662109375	5.0862630208333336e-05	5.0862630208333336e-05	0.04457913912259615
brf_gmo__square	0.27024405343191965	0.019378662109375	1.0	5.0862630208333336e-05	5.0862630208333336e-05	0.003204345703125
brf_gmo__uniform	5.0862630208333336e-05	5.0862630208333336e-05	5.0862630208333336e-05	1.0	5.0862630208333336e-05	5.0862630208333336e-05
brf_gmo_full	5.0862630208333336e-05	5.0862630208333336e-05	5.0862630208333336e-05	5.0862630208333336e-05	1.0	5.0862630208333336e-05
brf_gmosa	0.007032914595170455	0.04457913912259615	0.003204345703125	5.0862630208333336e-05	5.0862630208333336e-05	1.0
