	brf_gmo__precomputed	brf_gmo__softmax	brf_gmo__square	brf_gmo__uniform	brf_gmo_full	brf_gmosa
brf_gmo__precomputed	1.0	0.40374755859375	0.04457913912259615	4.57763671875e-05	4.57763671875e-05	4.57763671875e-05
brf_gmo__softmax	0.40374755859375	1.0	0.15413556780133927	8.322975852272728e-05	4.57763671875e-05	4.57763671875e-05
brf_gmo__square	0.04457913912259615	0.15413556780133927	1.0	0.0026702880859375	4.57763671875e-05	4.57763671875e-05
brf_gmo__uniform	4.57763671875e-05	8.322975852272728e-05	0.0026702880859375	1.0	4.57763671875e-05	4.57763671875e-05
brf_gmo_full	4.57763671875e-05	4.57763671875e-05	4.57763671875e-05	4.57763671875e-05	1.0	4.57763671875e-05
brf_gmosa	4.57763671875e-05	4.57763671875e-05	4.57763671875e-05	4.57763671875e-05	4.57763671875e-05	1.0
