	brf_gmo__precomputed	brf_gmo__softmax	brf_gmo__square	brf_gmo__uniform	brf_gmo_full	brf_gmosa
brf_gmo__precomputed	1.0	0.979949951171875	0.027374267578125	0.1168060302734375	0.00080108642578125	0.00080108642578125
brf_gmo__softmax	0.979949951171875	1.0	0.0025177001953125	0.06908069957386365	0.001739501953125	0.009670257568359375
brf_gmo__square	0.027374267578125	0.0025177001953125	1.0	0.005754743303571428	0.00080108642578125	0.000457763671875
brf_gmo__uniform	0.1168060302734375	0.06908069957386365	0.005754743303571428	1.0	0.13461773212139422	0.7561274937220982
brf_gmo_full	0.00080108642578125	0.001739501953125	0.00080108642578125	0.13461773212139422	1.0	0.018310546875
brf_gmosa	0.00080108642578125	0.009670257568359375	0.000457763671875	0.7561274937220982	0.018310546875	1.0
