	brf_gmo__precomputed	brf_gmo__softmax	brf_gmo__square	brf_gmo__uniform	brf_gmo_full	brf_gmosa
brf_gmo__precomputed	1.0	0.5308096749441964	0.31527432528409094	0.743560791015625	0.000457763671875	0.000457763671875
brf_gmo__softmax	0.5308096749441964	1.0	0.46932220458984375	0.5308096749441964	0.00057220458984375	0.011051722935267856
brf_gmo__square	0.31527432528409094	0.46932220458984375	1.0	0.215789794921875	0.000457763671875	0.021820068359375
brf_gmo__uniform	0.743560791015625	0.5308096749441964	0.215789794921875	1.0	0.0025177001953125	0.01430511474609375
brf_gmo_full	0.000457763671875	0.00057220458984375	0.000457763671875	0.0025177001953125	1.0	0.000640869140625
brf_gmosa	0.000457763671875	0.011051722935267856	0.021820068359375	0.01430511474609375	0.000640869140625	1.0
