	brf_gmo__precomputed	brf_gmo__softmax	brf_gmo__square	brf_gmo__uniform	brf_gmo_full	brf_gmosa
brf_gmo__precomputed	1.0	0.6773267473493303	0.00400543212890625	0.1248779296875	0.00011444091796875	0.1426141912286932
brf_gmo__softmax	0.6773267473493303	1.0	0.012715657552083334	0.1798248291015625	0.00011444091796875	0.3436748798076923
brf_gmo__square	0.00400543212890625	0.012715657552083334	1.0	0.0003814697265625	0.000274658203125	0.0021580287388392855
brf_gmo__uniform	0.1248779296875	0.1798248291015625	0.0003814697265625	1.0	0.00011444091796875	0.781951904296875
brf_gmo_full	0.00011444091796875	0.00011444091796875	0.000274658203125	0.00011444091796875	1.0	0.00011444091796875
brf_gmosa	0.1426141912286932	0.3436748798076923	0.0021580287388392855	0.781951904296875	0.00011444091796875	1.0
