	brf_gmo__precomputed	brf_gmo__softmax	brf_gmo__square	brf_gmo__uniform	brf_gmo_full	brf_gmosa
brf_gmo__precomputed	1.0	0.860260009765625	0.10406494140625	5.0862630208333336e-05	0.5658939906529018	5.0862630208333336e-05
brf_gmo__softmax	0.860260009765625	1.0	0.005701238458806819	5.0862630208333336e-05	0.2910320575420673	5.0862630208333336e-05
brf_gmo__square	0.10406494140625	0.005701238458806819	1.0	5.0862630208333336e-05	5.0862630208333336e-05	0.0001373291015625
brf_gmo__uniform	5.0862630208333336e-05	5.0862630208333336e-05	5.0862630208333336e-05	1.0	5.0862630208333336e-05	5.0862630208333336e-05
brf_gmo_full	0.5658939906529018	0.2910320575420673	5.0862630208333336e-05	5.0862630208333336e-05	1.0	5.0862630208333336e-05
brf_gmosa	5.0862630208333336e-05	5.0862630208333336e-05	0.0001373291015625	5.0862630208333336e-05	5.0862630208333336e-05	1.0
