	brf_gmo__precomputed	brf_gmo__softmax	brf_gmo__square	brf_gmo__uniform	brf_gmo_full	brf_gmosa
brf_gmo__precomputed	1.0	0.632171630859375	0.0006690392127403846	3.814697265625e-05	3.814697265625e-05	3.814697265625e-05
brf_gmo__softmax	0.632171630859375	1.0	0.0017983572823660715	3.814697265625e-05	3.814697265625e-05	3.814697265625e-05
brf_gmo__square	0.0006690392127403846	0.0017983572823660715	1.0	3.814697265625e-05	3.814697265625e-05	3.814697265625e-05
brf_gmo__uniform	3.814697265625e-05	3.814697265625e-05	3.814697265625e-05	1.0	3.814697265625e-05	3.814697265625e-05
brf_gmo_full	3.814697265625e-05	3.814697265625e-05	3.814697265625e-05	3.814697265625e-05	1.0	3.814697265625e-05
brf_gmosa	3.814697265625e-05	3.814697265625e-05	3.814697265625e-05	3.814697265625e-05	3.814697265625e-05	1.0
