	brf_gmo__precomputed	brf_gmo__softmax	brf_gmo__square	brf_gmo__uniform	brf_gmo_full	brf_gmosa
brf_gmo__precomputed	1.0	0.93988037109375	0.7561274937220982	3.814697265625e-05	3.814697265625e-05	3.814697265625e-05
brf_gmo__softmax	0.93988037109375	1.0	0.6883709247295673	3.814697265625e-05	3.814697265625e-05	3.814697265625e-05
brf_gmo__square	0.7561274937220982	0.6883709247295673	1.0	3.814697265625e-05	3.814697265625e-05	3.814697265625e-05
brf_gmo__uniform	3.814697265625e-05	3.814697265625e-05	3.814697265625e-05	1.0	3.814697265625e-05	3.814697265625e-05
brf_gmo_full	3.814697265625e-05	3.814697265625e-05	3.814697265625e-05	3.814697265625e-05	1.0	3.814697265625e-05
brf_gmosa	3.814697265625e-05	3.814697265625e-05	3.814697265625e-05	3.814697265625e-05	3.814697265625e-05	1.0
