	brf_gmo__precomputed	brf_gmo__softmax	brf_gmo__square	brf_gmo__uniform	brf_gmo_full	brf_gmosa
brf_gmo__precomputed	1.0	0.860260009765625	0.149688720703125	4.161487926136364e-05	4.161487926136364e-05	4.161487926136364e-05
brf_gmo__softmax	0.860260009765625	1.0	0.02674102783203125	4.161487926136364e-05	4.161487926136364e-05	4.161487926136364e-05
brf_gmo__square	0.149688720703125	0.02674102783203125	1.0	4.161487926136364e-05	4.161487926136364e-05	4.161487926136364e-05
brf_gmo__uniform	4.161487926136364e-05	4.161487926136364e-05	4.161487926136364e-05	1.0	4.161487926136364e-05	0.37327357700892855
brf_gmo_full	4.161487926136364e-05	4.161487926136364e-05	4.161487926136364e-05	4.161487926136364e-05	1.0	4.161487926136364e-05
brf_gmosa	4.161487926136364e-05	4.161487926136364e-05	4.161487926136364e-05	0.37327357700892855	4.161487926136364e-05	1.0
