	brf_gmo__precomputed	brf_gmo__softmax	brf_gmo__square	brf_gmo__uniform	brf_gmo_full	brf_gmosa
brf_gmo__precomputed	1.0	0.7966722760881696	0.289215087890625	0.6883709247295673	5.0862630208333336e-05	5.0862630208333336e-05
brf_gmo__softmax	0.7966722760881696	1.0	0.5505648526278409	1.0	5.0862630208333336e-05	5.0862630208333336e-05
brf_gmo__square	0.289215087890625	0.5505648526278409	1.0	0.6883709247295673	5.0862630208333336e-05	5.0862630208333336e-05
brf_gmo__uniform	0.6883709247295673	1.0	0.6883709247295673	1.0	5.0862630208333336e-05	5.0862630208333336e-05
brf_gmo_full	5.0862630208333336e-05	5.0862630208333336e-05	5.0862630208333336e-05	5.0862630208333336e-05	1.0	5.0862630208333336e-05
brf_gmosa	5.0862630208333336e-05	5.0862630208333336e-05	5.0862630208333336e-05	5.0862630208333336e-05	5.0862630208333336e-05	1.0
