	brf_gmo__precomputed	brf_gmo__softmax	brf_gmo__square	brf_gmo__uniform	brf_gmo_full	brf_gmosa
brf_gmo__precomputed	1.0	0.7966722760881696	0.15574137369791669	0.979949951171875	9.1552734375e-05	0.03875732421875
brf_gmo__softmax	0.7966722760881696	1.0	0.12262344360351562	0.7966722760881696	9.1552734375e-05	0.12262344360351562
brf_gmo__square	0.15574137369791669	0.12262344360351562	1.0	0.1750030517578125	9.1552734375e-05	0.7457351684570312
brf_gmo__uniform	0.979949951171875	0.7966722760881696	0.1750030517578125	1.0	9.1552734375e-05	0.2168967507102273
brf_gmo_full	9.1552734375e-05	9.1552734375e-05	9.1552734375e-05	9.1552734375e-05	1.0	9.1552734375e-05
brf_gmosa	0.03875732421875	0.12262344360351562	0.7457351684570312	0.2168967507102273	9.1552734375e-05	1.0
