	brf_gmo__precomputed	brf_gmo__softmax	brf_gmo__square	brf_gmo__uniform	brf_gmo_full	brf_gmosa
brf_gmo__precomputed	1.0	0.979949951171875	0.317138671875	0.7457351684570312	5.0862630208333336e-05	5.0862630208333336e-05
brf_gmo__softmax	0.979949951171875	1.0	0.5907232111150569	0.8795275006975446	5.0862630208333336e-05	5.0862630208333336e-05
brf_gmo__square	0.317138671875	0.5907232111150569	1.0	0.8795275006975446	5.0862630208333336e-05	5.0862630208333336e-05
brf_gmo__uniform	0.7457351684570312	0.8795275006975446	0.8795275006975446	1.0	5.0862630208333336e-05	5.0862630208333336e-05
brf_gmo_full	5.0862630208333336e-05	5.0862630208333336e-05	5.0862630208333336e-05	5.0862630208333336e-05	1.0	5.0862630208333336e-05
brf_gmosa	5.0862630208333336e-05	5.0862630208333336e-05	5.0862630208333336e-05	5.0862630208333336e-05	5.0862630208333336e-05	1.0
