	brf_gmo__precomputed	brf_gmo__softmax	brf_gmo__square	brf_gmo__uniform	brf_gmo_full	brf_gmosa
brf_gmo__precomputed	1.0	0.979949951171875	0.702362060546875	0.7294288048377403	0.000457763671875	0.19444783528645834
brf_gmo__softmax	0.979949951171875	1.0	0.5505648526278409	0.8795275006975446	0.000152587890625	0.0290679931640625
brf_gmo__square	0.702362060546875	0.5505648526278409	1.0	0.44677734375	0.0002288818359375	0.007193429129464286
brf_gmo__uniform	0.7294288048377403	0.8795275006975446	0.44677734375	1.0	0.000152587890625	0.0067138671875
brf_gmo_full	0.000457763671875	0.000152587890625	0.0002288818359375	0.000152587890625	1.0	0.000152587890625
brf_gmosa	0.19444783528645834	0.0290679931640625	0.007193429129464286	0.0067138671875	0.000152587890625	1.0
