	brf_gmo__precomputed	brf_gmo__softmax	brf_gmo__square	brf_gmo__uniform	brf_gmo_full	brf_gmosa
brf_gmo__precomputed	1.0	0.979949951171875	0.23976643880208334	0.9217071533203125	0.00011444091796875	0.5225830078125
brf_gmo__softmax	0.979949951171875	1.0	0.19609451293945312	0.5716411884014423	0.00018310546875	0.5505648526278409
brf_gmo__square	0.23976643880208334	0.19609451293945312	1.0	0.19609451293945312	0.00011444091796875	0.19609451293945312
brf_gmo__uniform	0.9217071533203125	0.5716411884014423	0.19609451293945312	1.0	0.00011444091796875	0.5716411884014423
brf_gmo_full	0.00011444091796875	0.00018310546875	0.00011444091796875	0.00011444091796875	1.0	0.00011444091796875
brf_gmosa	0.5225830078125	0.5505648526278409	0.19609451293945312	0.5716411884014423	0.00011444091796875	1.0
