	brf_gmo	brf_gmo__nrlmf	brf_gso__nrlmf	brf_lmo	bxt_gmo	bxt_gmo__nrlmf	bxt_gmosa__nrlmf	bxt_gso__nrlmf
brf_gmo	1.0	4.2724609375e-05	4.2724609375e-05	4.2724609375e-05	4.2724609375e-05	4.2724609375e-05	0.00019420276988636365	4.2724609375e-05
brf_gmo__nrlmf	4.2724609375e-05	1.0	4.2724609375e-05	4.2724609375e-05	4.2724609375e-05	4.2724609375e-05	4.2724609375e-05	4.2724609375e-05
brf_gso__nrlmf	4.2724609375e-05	4.2724609375e-05	1.0	4.2724609375e-05	4.2724609375e-05	0.00026006283967391306	4.2724609375e-05	4.2724609375e-05
brf_lmo	4.2724609375e-05	4.2724609375e-05	4.2724609375e-05	1.0	0.00019420276988636365	4.2724609375e-05	0.0023925781249999997	0.0019582112630208335
bxt_gmo	4.2724609375e-05	4.2724609375e-05	4.2724609375e-05	0.00019420276988636365	1.0	4.2724609375e-05	0.030065465856481483	0.21142578125
bxt_gmo__nrlmf	4.2724609375e-05	4.2724609375e-05	0.00026006283967391306	4.2724609375e-05	4.2724609375e-05	1.0	4.2724609375e-05	4.2724609375e-05
bxt_gmosa__nrlmf	0.00019420276988636365	4.2724609375e-05	4.2724609375e-05	0.0023925781249999997	0.030065465856481483	4.2724609375e-05	1.0	0.016695462740384616
bxt_gso__nrlmf	4.2724609375e-05	4.2724609375e-05	4.2724609375e-05	0.0019582112630208335	0.21142578125	4.2724609375e-05	0.016695462740384616	1.0
