	brf_gmo	brf_gmo__nrlmf	brf_gso__nrlmf	brf_lmo	bxt_gmo	bxt_gmo__nrlmf	bxt_gmosa__nrlmf	bxt_gso__nrlmf
brf_gmo	1.0	4.2724609375e-05	4.2724609375e-05	4.2724609375e-05	4.2724609375e-05	4.2724609375e-05	0.0007058848505434783	4.2724609375e-05
brf_gmo__nrlmf	4.2724609375e-05	1.0	4.2724609375e-05	4.2724609375e-05	4.2724609375e-05	4.2724609375e-05	4.2724609375e-05	4.2724609375e-05
brf_gso__nrlmf	4.2724609375e-05	4.2724609375e-05	1.0	4.2724609375e-05	4.2724609375e-05	0.065399169921875	4.2724609375e-05	4.2724609375e-05
brf_lmo	4.2724609375e-05	4.2724609375e-05	4.2724609375e-05	1.0	0.0001220703125	4.2724609375e-05	0.008900960286458334	0.0007058848505434783
bxt_gmo	4.2724609375e-05	4.2724609375e-05	4.2724609375e-05	0.0001220703125	1.0	4.2724609375e-05	0.04160719651442307	0.059814453125
bxt_gmo__nrlmf	4.2724609375e-05	4.2724609375e-05	0.065399169921875	4.2724609375e-05	4.2724609375e-05	1.0	4.2724609375e-05	4.2724609375e-05
bxt_gmosa__nrlmf	0.0007058848505434783	4.2724609375e-05	4.2724609375e-05	0.008900960286458334	0.04160719651442307	4.2724609375e-05	1.0	0.020439453125
bxt_gso__nrlmf	4.2724609375e-05	4.2724609375e-05	4.2724609375e-05	0.0007058848505434783	0.059814453125	4.2724609375e-05	0.020439453125	1.0
