	brf_gmo	brf_gmo__nrlmf	brf_gso__nrlmf	brf_lmo	bxt_gmo	bxt_gmo__nrlmf	bxt_gmosa__nrlmf	bxt_gso__nrlmf
brf_gmo	1.0	4.2724609375e-05	4.2724609375e-05	4.2724609375e-05	4.2724609375e-05	4.2724609375e-05	0.0002718838778409091	4.2724609375e-05
brf_gmo__nrlmf	4.2724609375e-05	1.0	4.2724609375e-05	4.2724609375e-05	4.2724609375e-05	4.2724609375e-05	4.2724609375e-05	4.2724609375e-05
brf_gso__nrlmf	4.2724609375e-05	4.2724609375e-05	1.0	4.2724609375e-05	4.2724609375e-05	0.0015975288722826087	4.2724609375e-05	4.2724609375e-05
brf_lmo	4.2724609375e-05	4.2724609375e-05	4.2724609375e-05	1.0	0.0239599609375	4.2724609375e-05	0.018086751302083336	8.138020833333333e-05
bxt_gmo	4.2724609375e-05	4.2724609375e-05	4.2724609375e-05	0.0239599609375	1.0	4.2724609375e-05	0.199951171875	0.1888427734375
bxt_gmo__nrlmf	4.2724609375e-05	4.2724609375e-05	0.0015975288722826087	4.2724609375e-05	4.2724609375e-05	1.0	4.2724609375e-05	4.2724609375e-05
bxt_gmosa__nrlmf	0.0002718838778409091	4.2724609375e-05	4.2724609375e-05	0.018086751302083336	0.199951171875	4.2724609375e-05	1.0	0.820892333984375
bxt_gso__nrlmf	4.2724609375e-05	4.2724609375e-05	4.2724609375e-05	8.138020833333333e-05	0.1888427734375	4.2724609375e-05	0.820892333984375	1.0
