	brf_gmo	brf_gmo__nrlmf	brf_gso__nrlmf	brf_lmo	bxt_gmo	bxt_gmo__nrlmf	bxt_gmosa__nrlmf	bxt_gso__nrlmf
brf_gmo	1.0	4.497327302631579e-05	4.497327302631579e-05	4.497327302631579e-05	4.497327302631579e-05	4.497327302631579e-05	0.07629903157552084	0.00020345052083333334
brf_gmo__nrlmf	4.497327302631579e-05	1.0	4.497327302631579e-05	4.497327302631579e-05	4.497327302631579e-05	4.497327302631579e-05	4.497327302631579e-05	4.497327302631579e-05
brf_gso__nrlmf	4.497327302631579e-05	4.497327302631579e-05	1.0	4.497327302631579e-05	4.497327302631579e-05	0.00213623046875	4.497327302631579e-05	4.497327302631579e-05
brf_lmo	4.497327302631579e-05	4.497327302631579e-05	4.497327302631579e-05	1.0	8.544921875e-05	4.497327302631579e-05	0.46651986929086536	0.705718994140625
bxt_gmo	4.497327302631579e-05	4.497327302631579e-05	4.497327302631579e-05	8.544921875e-05	1.0	4.497327302631579e-05	0.215947265625	0.047034222146739135
bxt_gmo__nrlmf	4.497327302631579e-05	4.497327302631579e-05	0.00213623046875	4.497327302631579e-05	4.497327302631579e-05	1.0	4.497327302631579e-05	4.497327302631579e-05
bxt_gmosa__nrlmf	0.07629903157552084	4.497327302631579e-05	4.497327302631579e-05	0.46651986929086536	0.215947265625	4.497327302631579e-05	1.0	0.5477294921875
bxt_gso__nrlmf	0.00020345052083333334	4.497327302631579e-05	4.497327302631579e-05	0.705718994140625	0.047034222146739135	4.497327302631579e-05	0.5477294921875	1.0
