	brf_gmo	brf_gmo__nrlmf	brf_gso__nrlmf	brf_lmo	bxt_gmo	bxt_gmo__nrlmf	bxt_gmosa__nrlmf	bxt_gso__nrlmf
brf_gmo	1.0	0.043271484374999995	0.00469970703125	7.120768229166667e-05	7.120768229166667e-05	0.00015079273897058824	0.00011393229166666667	0.00011393229166666667
brf_gmo__nrlmf	0.043271484374999995	1.0	0.18184859664351852	7.120768229166667e-05	7.120768229166667e-05	0.013374660326086958	7.120768229166667e-05	7.120768229166667e-05
brf_gso__nrlmf	0.00469970703125	0.18184859664351852	1.0	7.120768229166667e-05	7.120768229166667e-05	0.024958292643229168	7.120768229166667e-05	7.120768229166667e-05
brf_lmo	7.120768229166667e-05	7.120768229166667e-05	7.120768229166667e-05	1.0	0.047720102163461536	7.120768229166667e-05	0.006876627604166667	0.009710138494318182
bxt_gmo	7.120768229166667e-05	7.120768229166667e-05	7.120768229166667e-05	0.047720102163461536	1.0	0.00011393229166666667	0.003957648026315789	0.0009019639756944444
bxt_gmo__nrlmf	0.00015079273897058824	0.013374660326086958	0.024958292643229168	7.120768229166667e-05	0.00011393229166666667	1.0	0.00015079273897058824	7.120768229166667e-05
bxt_gmosa__nrlmf	0.00011393229166666667	7.120768229166667e-05	7.120768229166667e-05	0.006876627604166667	0.003957648026315789	0.00015079273897058824	1.0	0.860260009765625
bxt_gso__nrlmf	0.00011393229166666667	7.120768229166667e-05	7.120768229166667e-05	0.009710138494318182	0.0009019639756944444	7.120768229166667e-05	0.860260009765625	1.0
