	brf_gmo	brf_gmo__nrlmf	brf_gso__nrlmf	brf_lmo	bxt_gmo	bxt_gmo__nrlmf	bxt_gmosa__nrlmf	bxt_gso__nrlmf
brf_gmo	1.0	0.1085205078125	0.17931189903846154	0.487744140625	0.12895063920454547	0.8109130859375	0.3482306985294118	0.19522298177083333
brf_gmo__nrlmf	0.1085205078125	1.0	0.1085205078125	0.115966796875	0.5902210582386364	0.13458251953125	0.3374176025390625	0.12895063920454547
brf_gso__nrlmf	0.17931189903846154	0.1085205078125	1.0	0.8109130859375	0.0299072265625	0.3596462673611111	0.6161956787109375	0.6161956787109375
brf_lmo	0.487744140625	0.115966796875	0.8109130859375	1.0	0.001708984375	0.7904052734375	0.93988037109375	0.4389391447368421
bxt_gmo	0.12895063920454547	0.5902210582386364	0.0299072265625	0.001708984375	1.0	0.12019856770833333	0.1173858642578125	0.115966796875
bxt_gmo__nrlmf	0.8109130859375	0.13458251953125	0.3596462673611111	0.7904052734375	0.12019856770833333	1.0	0.5006103515625	0.19522298177083333
bxt_gmosa__nrlmf	0.3482306985294118	0.3374176025390625	0.6161956787109375	0.93988037109375	0.1173858642578125	0.5006103515625	1.0	0.115966796875
bxt_gso__nrlmf	0.19522298177083333	0.12895063920454547	0.6161956787109375	0.4389391447368421	0.115966796875	0.19522298177083333	0.115966796875	1.0
