	brf_gmo	brf_gmo__nrlmf	brf_gso__nrlmf	brf_lmo	bxt_gmo	bxt_gmo__nrlmf	bxt_gmosa__nrlmf	bxt_gso__nrlmf
brf_gmo	1.0	0.000213623046875	0.7199753981370192	0.5775960286458334	0.979949951171875	0.03617350260416667	0.5775960286458334	0.9746907552083334
brf_gmo__nrlmf	0.000213623046875	1.0	0.000213623046875	0.000213623046875	0.000213623046875	0.027965198863636364	0.0040283203125	0.0009969075520833335
brf_gso__nrlmf	0.7199753981370192	0.000213623046875	1.0	0.6305375532670454	0.6429867951766305	0.007476806640625	0.6960194905598959	0.7080322265625
brf_lmo	0.5775960286458334	0.000213623046875	0.6305375532670454	1.0	0.5016818576388888	0.008355034722222222	0.18302154541015625	0.3482306985294118
bxt_gmo	0.979949951171875	0.000213623046875	0.6429867951766305	0.5016818576388888	1.0	0.0009969075520833335	0.15540364583333333	0.5775960286458334
bxt_gmo__nrlmf	0.03617350260416667	0.027965198863636364	0.007476806640625	0.008355034722222222	0.0009969075520833335	1.0	0.101318359375	0.0176025390625
bxt_gmosa__nrlmf	0.5775960286458334	0.0040283203125	0.6960194905598959	0.18302154541015625	0.15540364583333333	0.101318359375	1.0	0.08321439302884615
bxt_gso__nrlmf	0.9746907552083334	0.0009969075520833335	0.7080322265625	0.3482306985294118	0.5775960286458334	0.0176025390625	0.08321439302884615	1.0
