	brf_gmo	brf_gmo__nrlmf	brf_gso__nrlmf	brf_lmo	bxt_gmo	bxt_gmo__nrlmf	bxt_gmosa__nrlmf	bxt_gso__nrlmf
brf_gmo	1.0	0.14569091796875	0.00042724609375	0.13079833984375	0.7199753981370192	0.4645182291666667	0.7711000795717593	0.14569091796875
brf_gmo__nrlmf	0.14569091796875	1.0	0.00042724609375	0.0167236328125	0.3175695082720589	0.5273702870244565	0.7199753981370192	0.0341796875
brf_gso__nrlmf	0.00042724609375	0.00042724609375	1.0	0.0093994140625	0.007049560546875	0.001993815104166667	0.06764729817708334	0.10911207932692307
brf_lmo	0.13079833984375	0.0167236328125	0.0093994140625	1.0	0.06354314630681818	0.0341796875	0.5273702870244565	0.6960194905598959
bxt_gmo	0.7199753981370192	0.3175695082720589	0.007049560546875	0.06354314630681818	1.0	0.3288845486111111	0.820892333984375	0.06354314630681818
bxt_gmo__nrlmf	0.4645182291666667	0.5273702870244565	0.001993815104166667	0.0341796875	0.3288845486111111	1.0	0.4645182291666667	0.0167236328125
bxt_gmosa__nrlmf	0.7711000795717593	0.7199753981370192	0.06764729817708334	0.5273702870244565	0.820892333984375	0.4645182291666667	1.0	0.4645182291666667
bxt_gso__nrlmf	0.14569091796875	0.0341796875	0.10911207932692307	0.6960194905598959	0.06354314630681818	0.0167236328125	0.4645182291666667	1.0
