	brf_gmo	brf_gmosa	brf_gso	brf_lmo	brf_lso	brf_sgso_us
brf_gmo	1.0	0.055898030598958336	0.3436748798076923	0.979949951171875	0.0980987548828125	0.00011444091796875
brf_gmosa	0.055898030598958336	1.0	0.04680633544921875	0.019073486328125	0.31527432528409094	0.00011444091796875
brf_gso	0.3436748798076923	0.04680633544921875	1.0	0.34305572509765625	0.028054373604910712	0.00018310546875
brf_lmo	0.979949951171875	0.019073486328125	0.34305572509765625	1.0	0.8795275006975446	0.00011444091796875
brf_lso	0.0980987548828125	0.31527432528409094	0.028054373604910712	0.8795275006975446	1.0	0.00011444091796875
brf_sgso_us	0.00011444091796875	0.00011444091796875	0.00018310546875	0.00011444091796875	0.00011444091796875	1.0
