	brf_gmo	brf_gmosa	brf_gso	brf_lmo	brf_lso	brf_sgso_us
brf_gmo	1.0	4.161487926136364e-05	0.6773267473493303	4.161487926136364e-05	4.161487926136364e-05	4.161487926136364e-05
brf_gmosa	4.161487926136364e-05	1.0	4.161487926136364e-05	0.5716411884014423	0.00095367431640625	4.161487926136364e-05
brf_gso	0.6773267473493303	4.161487926136364e-05	1.0	4.161487926136364e-05	4.161487926136364e-05	4.161487926136364e-05
brf_lmo	4.161487926136364e-05	0.5716411884014423	4.161487926136364e-05	1.0	0.93988037109375	4.161487926136364e-05
brf_lso	4.161487926136364e-05	0.00095367431640625	4.161487926136364e-05	0.93988037109375	1.0	4.161487926136364e-05
brf_sgso_us	4.161487926136364e-05	4.161487926136364e-05	4.161487926136364e-05	4.161487926136364e-05	4.161487926136364e-05	1.0
