	brf_gmo	brf_gmosa	brf_gso	brf_lmo	brf_lso	brf_sgso_us
brf_gmo	1.0	5.0862630208333336e-05	0.979949951171875	5.0862630208333336e-05	0.0002288818359375	5.0862630208333336e-05
brf_gmosa	5.0862630208333336e-05	1.0	5.0862630208333336e-05	0.15413556780133927	0.0004161487926136364	5.0862630208333336e-05
brf_gso	0.979949951171875	5.0862630208333336e-05	1.0	5.0862630208333336e-05	0.0078582763671875	5.0862630208333336e-05
brf_lmo	5.0862630208333336e-05	0.15413556780133927	5.0862630208333336e-05	1.0	0.015106201171875	5.0862630208333336e-05
brf_lso	0.0002288818359375	0.0004161487926136364	0.0078582763671875	0.015106201171875	1.0	5.0862630208333336e-05
brf_sgso_us	5.0862630208333336e-05	5.0862630208333336e-05	5.0862630208333336e-05	5.0862630208333336e-05	5.0862630208333336e-05	1.0
