	brf_gmo	brf_gmosa	brf_gso	brf_lmo	brf_lso	brf_sgso_us
brf_gmo	1.0	0.00013078962053571428	0.0062713623046875	0.000286102294921875	7.62939453125e-05	7.62939453125e-05
brf_gmosa	0.00013078962053571428	1.0	0.024885697798295456	0.0027974446614583335	0.04192352294921875	7.62939453125e-05
brf_gso	0.0062713623046875	0.024885697798295456	1.0	1.0	0.4022761753627232	7.62939453125e-05
brf_lmo	0.000286102294921875	0.0027974446614583335	1.0	1.0	0.07546058067908654	7.62939453125e-05
brf_lso	7.62939453125e-05	0.04192352294921875	0.4022761753627232	0.07546058067908654	1.0	7.62939453125e-05
brf_sgso_us	7.62939453125e-05	7.62939453125e-05	7.62939453125e-05	7.62939453125e-05	7.62939453125e-05	1.0
