	brf_gmo	brf_gmosa	brf_gso	brf_lmo	brf_lso	brf_sgso_us
brf_gmo	1.0	6.539481026785714e-05	0.0002543131510416667	0.0007906827059659091	0.000457763671875	6.539481026785714e-05
brf_gmosa	6.539481026785714e-05	1.0	0.00011444091796875	6.539481026785714e-05	0.09344482421875	6.539481026785714e-05
brf_gso	0.0002543131510416667	0.00011444091796875	1.0	0.0359344482421875	0.0008803147536057692	6.539481026785714e-05
brf_lmo	0.0007906827059659091	6.539481026785714e-05	0.0359344482421875	1.0	0.0008803147536057692	6.539481026785714e-05
brf_lso	0.000457763671875	0.09344482421875	0.0008803147536057692	0.0008803147536057692	1.0	6.539481026785714e-05
brf_sgso_us	6.539481026785714e-05	6.539481026785714e-05	6.539481026785714e-05	6.539481026785714e-05	6.539481026785714e-05	1.0
