	brf_gmo__precomputed	brf_gmo__softmax	brf_gmo__square	brf_gmo__uniform	brf_gmo_full	brf_gmosa
brf_gmo__precomputed	1.0	0.07865212180397728	0.08174896240234375	0.000152587890625	0.000152587890625	0.6392015729631696
brf_gmo__softmax	0.07865212180397728	1.0	0.030415852864583336	0.000152587890625	0.000762939453125	0.06646728515625
brf_gmo__square	0.08174896240234375	0.030415852864583336	1.0	0.00091552734375	0.0002288818359375	0.4998427170973557
brf_gmo__uniform	0.000152587890625	0.000152587890625	0.00091552734375	1.0	0.781951904296875	0.000274658203125
brf_gmo_full	0.000152587890625	0.000762939453125	0.0002288818359375	0.781951904296875	1.0	0.003147125244140625
brf_gmosa	0.6392015729631696	0.06646728515625	0.4998427170973557	0.000274658203125	0.003147125244140625	1.0
