	brf_gmo__precomputed	brf_gmo__softmax	brf_gmo__square	brf_gmo__uniform	brf_gmo_full	brf_gmosa
brf_gmo__precomputed	1.0	0.002288818359375	0.0003521259014423077	3.814697265625e-05	3.814697265625e-05	3.814697265625e-05
brf_gmo__softmax	0.002288818359375	1.0	3.814697265625e-05	3.814697265625e-05	3.814697265625e-05	3.814697265625e-05
brf_gmo__square	0.0003521259014423077	3.814697265625e-05	1.0	3.814697265625e-05	3.814697265625e-05	3.814697265625e-05
brf_gmo__uniform	3.814697265625e-05	3.814697265625e-05	3.814697265625e-05	1.0	3.814697265625e-05	3.814697265625e-05
brf_gmo_full	3.814697265625e-05	3.814697265625e-05	3.814697265625e-05	3.814697265625e-05	1.0	0.00335693359375
brf_gmosa	3.814697265625e-05	3.814697265625e-05	3.814697265625e-05	3.814697265625e-05	0.00335693359375	1.0
