	brf_gmo__precomputed	brf_gmo__softmax	brf_gmo__square	brf_gmo__uniform	brf_gmo_full	brf_gmosa
brf_gmo__precomputed	1.0	0.0720977783203125	0.04573475230823864	0.2910320575420673	5.7220458984375e-05	5.7220458984375e-05
brf_gmo__softmax	0.0720977783203125	1.0	0.4022761753627232	0.04573475230823864	5.7220458984375e-05	5.7220458984375e-05
brf_gmo__square	0.04573475230823864	0.4022761753627232	1.0	0.632171630859375	5.7220458984375e-05	5.7220458984375e-05
brf_gmo__uniform	0.2910320575420673	0.04573475230823864	0.632171630859375	1.0	5.7220458984375e-05	5.7220458984375e-05
brf_gmo_full	5.7220458984375e-05	5.7220458984375e-05	5.7220458984375e-05	5.7220458984375e-05	1.0	0.0002543131510416667
brf_gmosa	5.7220458984375e-05	5.7220458984375e-05	5.7220458984375e-05	5.7220458984375e-05	0.0002543131510416667	1.0
