	brf_gmo__precomputed	brf_gmo__softmax	brf_gmo__square	brf_gmo__uniform	brf_gmo_full	brf_gmosa
brf_gmo__precomputed	1.0	0.579681396484375	0.4750754616477273	0.4750754616477273	0.001087188720703125	0.00018310546875
brf_gmo__softmax	0.579681396484375	1.0	0.7714022122896634	0.93988037109375	0.0012715657552083335	0.00011444091796875
brf_gmo__square	0.4750754616477273	0.7714022122896634	1.0	0.93988037109375	0.001087188720703125	0.0003814697265625
brf_gmo__uniform	0.4750754616477273	0.93988037109375	0.93988037109375	1.0	0.00011444091796875	0.00011444091796875
brf_gmo_full	0.001087188720703125	0.0012715657552083335	0.001087188720703125	0.00011444091796875	1.0	0.00011444091796875
brf_gmosa	0.00018310546875	0.00011444091796875	0.0003814697265625	0.00011444091796875	0.00011444091796875	1.0
