	brf_gmo__precomputed	brf_gmo__softmax	brf_gmo__square	brf_gmo__uniform	brf_gmo_full	brf_gmosa
brf_gmo__precomputed	1.0	0.5505648526278409	0.6392015729631696	0.6392015729631696	0.002288818359375	0.11077880859375
brf_gmo__softmax	0.5505648526278409	1.0	0.6392015729631696	0.5145835876464844	0.01885986328125	0.5505648526278409
brf_gmo__square	0.6392015729631696	0.6392015729631696	1.0	0.668548583984375	0.000457763671875	0.2779933384486607
brf_gmo__uniform	0.6392015729631696	0.5145835876464844	0.668548583984375	1.0	0.01567840576171875	0.5375162760416667
brf_gmo_full	0.002288818359375	0.01885986328125	0.000457763671875	0.01567840576171875	1.0	0.013427734375
brf_gmosa	0.11077880859375	0.5505648526278409	0.2779933384486607	0.5375162760416667	0.013427734375	1.0
