	brf_gmo__precomputed	brf_gmo__softmax	brf_gmo__square	brf_gmo__uniform	brf_gmo_full	brf_gmosa
brf_gmo__precomputed	1.0	0.93988037109375	0.4658625676081731	0.1945953369140625	0.000762939453125	0.007193429129464286
brf_gmo__softmax	0.93988037109375	1.0	0.34394697709517047	0.4658625676081731	0.001739501953125	0.017223358154296875
brf_gmo__square	0.4658625676081731	0.34394697709517047	1.0	0.93988037109375	0.0006866455078125	0.0011444091796875
brf_gmo__uniform	0.1945953369140625	0.4658625676081731	0.93988037109375	1.0	0.000457763671875	0.0041961669921875
brf_gmo_full	0.000762939453125	0.001739501953125	0.0006866455078125	0.000457763671875	1.0	0.06439208984375
brf_gmosa	0.007193429129464286	0.017223358154296875	0.0011444091796875	0.0041961669921875	0.06439208984375	1.0
