	brf_gmo__precomputed	brf_gmo__softmax	brf_gmo__square	brf_gmo__uniform	brf_gmo_full	brf_gmosa
brf_gmo__precomputed	1.0	7.62939453125e-05	0.000457763671875	4.161487926136364e-05	4.161487926136364e-05	0.0001056377704326923
brf_gmo__softmax	7.62939453125e-05	1.0	4.161487926136364e-05	4.161487926136364e-05	4.161487926136364e-05	4.161487926136364e-05
brf_gmo__square	0.000457763671875	4.161487926136364e-05	1.0	4.161487926136364e-05	4.161487926136364e-05	0.21142578125
brf_gmo__uniform	4.161487926136364e-05	4.161487926136364e-05	4.161487926136364e-05	1.0	4.161487926136364e-05	4.161487926136364e-05
brf_gmo_full	4.161487926136364e-05	4.161487926136364e-05	4.161487926136364e-05	4.161487926136364e-05	1.0	4.161487926136364e-05
brf_gmosa	0.0001056377704326923	4.161487926136364e-05	0.21142578125	4.161487926136364e-05	4.161487926136364e-05	1.0
