	brf_gmo__precomputed	brf_gmo__softmax	brf_gmo__square	brf_gmo__uniform	brf_gmo_full	brf_gmosa
brf_gmo__precomputed	1.0	7.042518028846153e-05	7.042518028846153e-05	4.57763671875e-05	4.57763671875e-05	0.322509765625
brf_gmo__softmax	7.042518028846153e-05	1.0	7.042518028846153e-05	4.57763671875e-05	4.57763671875e-05	4.57763671875e-05
brf_gmo__square	7.042518028846153e-05	7.042518028846153e-05	1.0	4.57763671875e-05	4.57763671875e-05	0.0014059884207589285
brf_gmo__uniform	4.57763671875e-05	4.57763671875e-05	4.57763671875e-05	1.0	4.57763671875e-05	4.57763671875e-05
brf_gmo_full	4.57763671875e-05	4.57763671875e-05	4.57763671875e-05	4.57763671875e-05	1.0	4.57763671875e-05
brf_gmosa	0.322509765625	4.57763671875e-05	0.0014059884207589285	4.57763671875e-05	4.57763671875e-05	1.0
