	brf_gmo__precomputed	brf_gmo__softmax	brf_gmo__square	brf_gmo__uniform	brf_gmo_full	brf_gmosa
brf_gmo__precomputed	1.0	0.40198692908653844	0.055898030598958336	0.0019073486328125	0.045841761997767856	0.00018310546875
brf_gmo__softmax	0.40198692908653844	1.0	0.40198692908653844	0.07598876953125	0.49542236328125	0.00011444091796875
brf_gmo__square	0.055898030598958336	0.40198692908653844	1.0	0.05435943603515625	0.49542236328125	0.00011444091796875
brf_gmo__uniform	0.0019073486328125	0.07598876953125	0.05435943603515625	1.0	0.40198692908653844	0.00011444091796875
brf_gmo_full	0.045841761997767856	0.49542236328125	0.49542236328125	0.40198692908653844	1.0	0.00011444091796875
brf_gmosa	0.00018310546875	0.00011444091796875	0.00011444091796875	0.00011444091796875	0.00011444091796875	1.0
