	brf_gmo__precomputed	brf_gmo__softmax	brf_gmo__square	brf_gmo__uniform	brf_gmo_full	brf_gmosa
brf_gmo__precomputed	1.0	0.29404776436941965	0.008595784505208334	0.0032806396484375	0.0362396240234375	9.1552734375e-05
brf_gmo__softmax	0.29404776436941965	1.0	0.4637451171875	0.0362396240234375	0.0362396240234375	9.1552734375e-05
brf_gmo__square	0.008595784505208334	0.4637451171875	1.0	0.05845289963942307	0.005754743303571428	9.1552734375e-05
brf_gmo__uniform	0.0032806396484375	0.0362396240234375	0.05845289963942307	1.0	0.00629425048828125	9.1552734375e-05
brf_gmo_full	0.0362396240234375	0.0362396240234375	0.005754743303571428	0.00629425048828125	1.0	9.1552734375e-05
brf_gmosa	9.1552734375e-05	9.1552734375e-05	9.1552734375e-05	9.1552734375e-05	9.1552734375e-05	1.0
