	brf_gmo__precomputed	brf_gmo__softmax	brf_gmo__square	brf_gmo__uniform	brf_gmo_full	brf_gmosa
brf_gmo__precomputed	1.0	0.001373291015625	0.0312042236328125	0.001373291015625	5.0862630208333336e-05	5.0862630208333336e-05
brf_gmo__softmax	0.001373291015625	1.0	0.34554617745535715	0.820892333984375	5.0862630208333336e-05	5.0862630208333336e-05
brf_gmo__square	0.0312042236328125	0.34554617745535715	1.0	0.20233154296875	5.0862630208333336e-05	5.0862630208333336e-05
brf_gmo__uniform	0.001373291015625	0.820892333984375	0.20233154296875	1.0	5.0862630208333336e-05	5.0862630208333336e-05
brf_gmo_full	5.0862630208333336e-05	5.0862630208333336e-05	5.0862630208333336e-05	5.0862630208333336e-05	1.0	5.0862630208333336e-05
brf_gmosa	5.0862630208333336e-05	5.0862630208333336e-05	5.0862630208333336e-05	5.0862630208333336e-05	5.0862630208333336e-05	1.0
