	brf_gmo__precomputed	brf_gmo__softmax	brf_gmo__square	brf_gmo__uniform	brf_gmo_full	brf_gmosa
brf_gmo__precomputed	1.0	0.5716411884014423	0.46932220458984375	0.002288818359375	0.0002288818359375	0.13858795166015625
brf_gmo__softmax	0.5716411884014423	1.0	0.820892333984375	0.028054373604910712	0.0002288818359375	0.6020246233258928
brf_gmo__square	0.46932220458984375	0.820892333984375	1.0	0.3468017578125	0.0002288818359375	0.43978604403409094
brf_gmo__uniform	0.002288818359375	0.028054373604910712	0.3468017578125	1.0	0.0025177001953125	0.3468017578125
brf_gmo_full	0.0002288818359375	0.0002288818359375	0.0002288818359375	0.0025177001953125	1.0	0.0002288818359375
brf_gmosa	0.13858795166015625	0.6020246233258928	0.43978604403409094	0.3468017578125	0.0002288818359375	1.0
