	bxt_gmo	bxt_gmo__nrlmf	bxt_gmosa	bxt_gmosa__nrlmf	bxt_gso	bxt_gso__nrlmf	bxt_lmo	bxt_lmo__nrlmf
bxt_gmo	1.0	6.573016826923077e-05	6.573016826923077e-05	6.573016826923077e-05	6.573016826923077e-05	6.573016826923077e-05	6.573016826923077e-05	6.573016826923077e-05
bxt_gmo__nrlmf	6.573016826923077e-05	1.0	6.573016826923077e-05	6.573016826923077e-05	6.573016826923077e-05	6.573016826923077e-05	6.573016826923077e-05	6.573016826923077e-05
bxt_gmosa	6.573016826923077e-05	6.573016826923077e-05	1.0	0.011993778892678284	1.0	0.011993778892678284	1.0	0.011993778892678284
bxt_gmosa__nrlmf	6.573016826923077e-05	6.573016826923077e-05	0.011993778892678284	1.0	0.011993778892678284	0.07770131002864898	0.011993778892678284	0.15908211965163438
bxt_gso	6.573016826923077e-05	6.573016826923077e-05	1.0	0.011993778892678284	1.0	0.011993778892678284	1.0	0.011993778892678284
bxt_gso__nrlmf	6.573016826923077e-05	6.573016826923077e-05	0.011993778892678284	0.07770131002864898	0.011993778892678284	1.0	0.011993778892678284	0.7256870279413504
bxt_lmo	6.573016826923077e-05	6.573016826923077e-05	1.0	0.011993778892678284	1.0	0.011993778892678284	1.0	0.011993778892678284
bxt_lmo__nrlmf	6.573016826923077e-05	6.573016826923077e-05	0.011993778892678284	0.15908211965163438	0.011993778892678284	0.7256870279413504	0.011993778892678284	1.0
