	bxt_gmo	bxt_gmosa	bxt_gso	bxt_gso_1k__nrlmf	bxt_gso__nrlmf	bxt_lmo	bxt_lmo__nrlmf	bxt_lso	bxt_lso__nrlmf
bxt_gmo	1.0	4.776664402173913e-05	4.776664402173913e-05	4.776664402173913e-05	9.1552734375e-05	4.776664402173913e-05	4.776664402173913e-05	4.776664402173913e-05	4.776664402173913e-05
bxt_gmosa	4.776664402173913e-05	1.0	1.0	4.776664402173913e-05	4.776664402173913e-05	1.0	4.776664402173913e-05	1.0	4.776664402173913e-05
bxt_gso	4.776664402173913e-05	1.0	1.0	4.776664402173913e-05	4.776664402173913e-05	1.0	4.776664402173913e-05	1.0	4.776664402173913e-05
bxt_gso_1k__nrlmf	4.776664402173913e-05	4.776664402173913e-05	4.776664402173913e-05	1.0	0.19181315104166666	4.776664402173913e-05	1.0	4.776664402173913e-05	1.0
bxt_gso__nrlmf	9.1552734375e-05	4.776664402173913e-05	4.776664402173913e-05	0.19181315104166666	1.0	4.776664402173913e-05	0.19181315104166666	4.776664402173913e-05	0.19181315104166666
bxt_lmo	4.776664402173913e-05	1.0	1.0	4.776664402173913e-05	4.776664402173913e-05	1.0	4.776664402173913e-05	1.0	4.776664402173913e-05
bxt_lmo__nrlmf	4.776664402173913e-05	4.776664402173913e-05	4.776664402173913e-05	1.0	0.19181315104166666	4.776664402173913e-05	1.0	4.776664402173913e-05	1.0
bxt_lso	4.776664402173913e-05	1.0	1.0	4.776664402173913e-05	4.776664402173913e-05	1.0	4.776664402173913e-05	1.0	4.776664402173913e-05
bxt_lso__nrlmf	4.776664402173913e-05	4.776664402173913e-05	4.776664402173913e-05	1.0	0.19181315104166666	4.776664402173913e-05	1.0	4.776664402173913e-05	1.0
