	bxt_gmo	bxt_gmosa	bxt_gso	bxt_gso_1k__nrlmf	bxt_gso__nrlmf	bxt_lmo	bxt_lmo__nrlmf	bxt_lso	bxt_lso__nrlmf
bxt_gmo	1.0	7.32421875e-05	7.32421875e-05	7.32421875e-05	7.32421875e-05	0.0005231584821428571	7.32421875e-05	0.00028911389802631577	7.32421875e-05
bxt_gmosa	7.32421875e-05	1.0	0.528167724609375	0.00012925091911764706	0.0010986328125	0.04796100484913793	0.0010986328125	0.0013944185697115385	0.0009488192471590909
bxt_gso	7.32421875e-05	0.528167724609375	1.0	7.32421875e-05	7.32421875e-05	0.415283203125	0.0017496744791666667	0.0010986328125	7.32421875e-05
bxt_gso_1k__nrlmf	7.32421875e-05	0.00012925091911764706	7.32421875e-05	1.0	0.11213378906249999	7.32421875e-05	0.008082798549107142	7.32421875e-05	0.000384521484375
bxt_gso__nrlmf	7.32421875e-05	0.0010986328125	7.32421875e-05	0.11213378906249999	1.0	0.00012925091911764706	0.14594650268554688	7.32421875e-05	0.1354862336189516
bxt_lmo	0.0005231584821428571	0.04796100484913793	0.415283203125	7.32421875e-05	0.00012925091911764706	1.0	0.00018310546875	0.23064630681818182	7.32421875e-05
bxt_lmo__nrlmf	7.32421875e-05	0.0010986328125	0.0017496744791666667	0.008082798549107142	0.14594650268554688	0.00018310546875	1.0	7.32421875e-05	0.24480124080882354
bxt_lso	0.00028911389802631577	0.0013944185697115385	0.0010986328125	7.32421875e-05	7.32421875e-05	0.23064630681818182	7.32421875e-05	1.0	7.32421875e-05
bxt_lso__nrlmf	7.32421875e-05	0.0009488192471590909	7.32421875e-05	0.000384521484375	0.1354862336189516	7.32421875e-05	0.24480124080882354	7.32421875e-05	1.0
