	bxt_gmo	bxt_gmo__nrlmf	bxt_gmosa	bxt_gmosa__nrlmf	bxt_gso	bxt_gso__nrlmf	bxt_lmo	bxt_lmo__nrlmf
bxt_gmo	1.0	0.0001220703125	0.6186839916087963	0.06363453584558824	0.45219726562499996	0.15555826822916666	0.3070599099864131	0.11497667100694443
bxt_gmo__nrlmf	0.0001220703125	1.0	0.0001220703125	0.0001220703125	0.0001220703125	0.0001220703125	0.0001220703125	0.0001220703125
bxt_gmosa	0.6186839916087963	0.0001220703125	1.0	0.00469970703125	0.2942560369318182	0.008544921875	0.6051119290865384	0.01031494140625
bxt_gmosa__nrlmf	0.06363453584558824	0.0001220703125	0.00469970703125	1.0	0.01031494140625	0.899932861328125	0.001495361328125	0.15555826822916666
bxt_gso	0.45219726562499996	0.0001220703125	0.2942560369318182	0.01031494140625	1.0	0.009755452473958334	0.027130126953125	0.13770816200657895
bxt_gso__nrlmf	0.15555826822916666	0.0001220703125	0.008544921875	0.899932861328125	0.009755452473958334	1.0	0.0018039279513888888	0.4380340576171875
bxt_lmo	0.3070599099864131	0.0001220703125	0.6051119290865384	0.001495361328125	0.027130126953125	0.0018039279513888888	1.0	0.011735026041666667
bxt_lmo__nrlmf	0.11497667100694443	0.0001220703125	0.01031494140625	0.15555826822916666	0.13770816200657895	0.4380340576171875	0.011735026041666667	1.0
