	bxt_gmo	bxt_gmosa	bxt_gso	bxt_gso_1k__nrlmf	bxt_gso__nrlmf	bxt_lmo	bxt_lmo__nrlmf	bxt_lso	bxt_lso__nrlmf
bxt_gmo	1.0	6.866455078125e-05	6.866455078125e-05	0.3082682291666667	0.4844970703125	6.866455078125e-05	0.5573501586914062	6.866455078125e-05	0.3406898235452586
bxt_gmosa	6.866455078125e-05	1.0	0.6129705255681819	0.00010986328124999999	0.00010986328124999999	0.6693581973805147	6.866455078125e-05	0.02325439453125	6.866455078125e-05
bxt_gso	6.866455078125e-05	0.6129705255681819	1.0	6.866455078125e-05	6.866455078125e-05	0.5573501586914062	6.866455078125e-05	0.055634765625	6.866455078125e-05
bxt_gso_1k__nrlmf	0.3082682291666667	0.00010986328124999999	6.866455078125e-05	1.0	0.00015694754464285713	6.866455078125e-05	0.3406898235452586	6.866455078125e-05	0.7258823939732143
bxt_gso__nrlmf	0.4844970703125	0.00010986328124999999	6.866455078125e-05	0.00015694754464285713	1.0	0.00010986328124999999	0.011941661005434784	0.00010986328124999999	0.00439453125
bxt_lmo	6.866455078125e-05	0.6693581973805147	0.5573501586914062	6.866455078125e-05	0.00010986328124999999	1.0	6.866455078125e-05	0.1023418719951923	6.866455078125e-05
bxt_lmo__nrlmf	0.5573501586914062	6.866455078125e-05	6.866455078125e-05	0.3406898235452586	0.011941661005434784	6.866455078125e-05	1.0	6.866455078125e-05	0.979949951171875
bxt_lso	6.866455078125e-05	0.02325439453125	0.055634765625	6.866455078125e-05	0.00010986328124999999	0.1023418719951923	6.866455078125e-05	1.0	6.866455078125e-05
bxt_lso__nrlmf	0.3406898235452586	6.866455078125e-05	6.866455078125e-05	0.7258823939732143	0.00439453125	6.866455078125e-05	0.979949951171875	6.866455078125e-05	1.0
