	bxt_gmo	bxt_gmosa	bxt_gso	bxt_gso_1k__nrlmf	bxt_gso__nrlmf	bxt_lmo	bxt_lmo__nrlmf	bxt_lso	bxt_lso__nrlmf
bxt_gmo	1.0	3.923688616071428e-05	3.923688616071428e-05	7.087953629032257e-05	3.923688616071428e-05	3.923688616071428e-05	7.087953629032257e-05	3.923688616071428e-05	3.923688616071428e-05
bxt_gmosa	3.923688616071428e-05	1.0	0.018770926339285714	3.923688616071428e-05	3.923688616071428e-05	3.923688616071428e-05	3.923688616071428e-05	3.923688616071428e-05	3.923688616071428e-05
bxt_gso	3.923688616071428e-05	0.018770926339285714	1.0	3.923688616071428e-05	3.923688616071428e-05	3.923688616071428e-05	3.923688616071428e-05	3.923688616071428e-05	3.923688616071428e-05
bxt_gso_1k__nrlmf	7.087953629032257e-05	3.923688616071428e-05	3.923688616071428e-05	1.0	0.016414866727941176	0.0008322975852272727	3.923688616071428e-05	3.923688616071428e-05	3.923688616071428e-05
bxt_gso__nrlmf	3.923688616071428e-05	3.923688616071428e-05	3.923688616071428e-05	0.016414866727941176	1.0	3.923688616071428e-05	0.000102996826171875	3.923688616071428e-05	7.087953629032257e-05
bxt_lmo	3.923688616071428e-05	3.923688616071428e-05	3.923688616071428e-05	0.0008322975852272727	3.923688616071428e-05	1.0	3.923688616071428e-05	3.923688616071428e-05	0.4637451171875
bxt_lmo__nrlmf	7.087953629032257e-05	3.923688616071428e-05	3.923688616071428e-05	3.923688616071428e-05	0.000102996826171875	3.923688616071428e-05	1.0	3.923688616071428e-05	3.923688616071428e-05
bxt_lso	3.923688616071428e-05	3.923688616071428e-05	3.923688616071428e-05	3.923688616071428e-05	3.923688616071428e-05	3.923688616071428e-05	3.923688616071428e-05	1.0	3.923688616071428e-05
bxt_lso__nrlmf	3.923688616071428e-05	3.923688616071428e-05	3.923688616071428e-05	3.923688616071428e-05	7.087953629032257e-05	0.4637451171875	3.923688616071428e-05	3.923688616071428e-05	1.0
