	bxt_gmo	bxt_gmosa	bxt_gso	bxt_gso_1k__nrlmf	bxt_gso__nrlmf	bxt_lmo	bxt_lmo__nrlmf	bxt_lso	bxt_lso__nrlmf
bxt_gmo	1.0	4.0690104166666664e-05	4.0690104166666664e-05	4.0690104166666664e-05	4.0690104166666664e-05	4.0690104166666664e-05	0.019245016163793104	4.0690104166666664e-05	4.0690104166666664e-05
bxt_gmosa	4.0690104166666664e-05	1.0	0.03894830519153226	4.0690104166666664e-05	4.0690104166666664e-05	4.0690104166666664e-05	4.0690104166666664e-05	4.0690104166666664e-05	4.0690104166666664e-05
bxt_gso	4.0690104166666664e-05	0.03894830519153226	1.0	4.0690104166666664e-05	4.0690104166666664e-05	4.0690104166666664e-05	4.0690104166666664e-05	0.006631033761160714	4.0690104166666664e-05
bxt_gso_1k__nrlmf	4.0690104166666664e-05	4.0690104166666664e-05	4.0690104166666664e-05	1.0	0.025671386718749998	0.093658447265625	4.0690104166666664e-05	4.0690104166666664e-05	0.5432582310267857
bxt_gso__nrlmf	4.0690104166666664e-05	4.0690104166666664e-05	4.0690104166666664e-05	0.025671386718749998	1.0	0.93988037109375	4.0690104166666664e-05	4.0690104166666664e-05	0.14152388139204547
bxt_lmo	4.0690104166666664e-05	4.0690104166666664e-05	4.0690104166666664e-05	0.093658447265625	0.93988037109375	1.0	4.0690104166666664e-05	4.0690104166666664e-05	0.22386259191176472
bxt_lmo__nrlmf	0.019245016163793104	4.0690104166666664e-05	4.0690104166666664e-05	4.0690104166666664e-05	4.0690104166666664e-05	4.0690104166666664e-05	1.0	4.0690104166666664e-05	4.0690104166666664e-05
bxt_lso	4.0690104166666664e-05	4.0690104166666664e-05	0.006631033761160714	4.0690104166666664e-05	4.0690104166666664e-05	4.0690104166666664e-05	4.0690104166666664e-05	1.0	4.0690104166666664e-05
bxt_lso__nrlmf	4.0690104166666664e-05	4.0690104166666664e-05	4.0690104166666664e-05	0.5432582310267857	0.14152388139204547	0.22386259191176472	4.0690104166666664e-05	4.0690104166666664e-05	1.0
