	bxt_gmo	bxt_gmosa	bxt_gso	bxt_gso_1k__nrlmf	bxt_gso__nrlmf	bxt_lmo	bxt_lmo__nrlmf	bxt_lso	bxt_lso__nrlmf
bxt_gmo	1.0	0.8279490751378676	0.6338012695312499	0.48273141043526785	0.7111930847167969	0.021501813616071428	0.16820068359374998	0.8111572265625	0.15774054276315788
bxt_gmosa	0.8279490751378676	1.0	0.304453125	0.215789794921875	0.57568359375	0.000274658203125	0.13026646205357142	0.3659261067708333	0.15774054276315788
bxt_gso	0.6338012695312499	0.304453125	1.0	0.1565228630514706	0.20000348772321427	0.000274658203125	0.1565228630514706	0.215789794921875	0.1565228630514706
bxt_gso_1k__nrlmf	0.48273141043526785	0.215789794921875	0.1565228630514706	1.0	0.6525170110887096	0.000274658203125	0.3201246995192308	0.215789794921875	0.09488192471590909
bxt_gso__nrlmf	0.7111930847167969	0.57568359375	0.20000348772321427	0.6525170110887096	1.0	0.000274658203125	0.100616455078125	0.93988037109375	0.055810546875
bxt_lmo	0.021501813616071428	0.000274658203125	0.000274658203125	0.000274658203125	0.000274658203125	1.0	0.0232086181640625	0.00043945312499999996	0.00787353515625
bxt_lmo__nrlmf	0.16820068359374998	0.13026646205357142	0.1565228630514706	0.3201246995192308	0.100616455078125	0.0232086181640625	1.0	0.12270883413461539	0.9256452287946428
bxt_lso	0.8111572265625	0.3659261067708333	0.215789794921875	0.215789794921875	0.93988037109375	0.00043945312499999996	0.12270883413461539	1.0	0.030517578125
bxt_lso__nrlmf	0.15774054276315788	0.15774054276315788	0.1565228630514706	0.09488192471590909	0.055810546875	0.00787353515625	0.9256452287946428	0.030517578125	1.0
