	bxt_gmo	bxt_gmosa	bxt_gso	bxt_gso_1k__nrlmf	bxt_gso__nrlmf	bxt_lmo	bxt_lmo__nrlmf	bxt_lso	bxt_lso__nrlmf
bxt_gmo	1.0	4.225510817307692e-05	4.225510817307692e-05	8.138020833333333e-05	4.225510817307692e-05	4.225510817307692e-05	0.018603515625	4.225510817307692e-05	4.225510817307692e-05
bxt_gmosa	4.225510817307692e-05	1.0	0.00054931640625	4.225510817307692e-05	4.225510817307692e-05	4.225510817307692e-05	4.225510817307692e-05	4.225510817307692e-05	4.225510817307692e-05
bxt_gso	4.225510817307692e-05	0.00054931640625	1.0	4.225510817307692e-05	4.225510817307692e-05	4.225510817307692e-05	4.225510817307692e-05	0.004167227909482758	4.225510817307692e-05
bxt_gso_1k__nrlmf	8.138020833333333e-05	4.225510817307692e-05	4.225510817307692e-05	1.0	0.11765670776367188	0.10851657006048386	4.225510817307692e-05	4.225510817307692e-05	0.433197021484375
bxt_gso__nrlmf	4.225510817307692e-05	4.225510817307692e-05	4.225510817307692e-05	0.11765670776367188	1.0	0.42749741498161764	4.225510817307692e-05	4.225510817307692e-05	0.433197021484375
bxt_lmo	4.225510817307692e-05	4.225510817307692e-05	4.225510817307692e-05	0.10851657006048386	0.42749741498161764	1.0	4.225510817307692e-05	4.225510817307692e-05	0.35182883522727276
bxt_lmo__nrlmf	0.018603515625	4.225510817307692e-05	4.225510817307692e-05	4.225510817307692e-05	4.225510817307692e-05	4.225510817307692e-05	1.0	4.225510817307692e-05	4.225510817307692e-05
bxt_lso	4.225510817307692e-05	4.225510817307692e-05	0.004167227909482758	4.225510817307692e-05	4.225510817307692e-05	4.225510817307692e-05	4.225510817307692e-05	1.0	4.225510817307692e-05
bxt_lso__nrlmf	4.225510817307692e-05	4.225510817307692e-05	4.225510817307692e-05	0.433197021484375	0.433197021484375	0.35182883522727276	4.225510817307692e-05	4.225510817307692e-05	1.0
