	bxt_gmo	bxt_gmosa	bxt_gso	bxt_gso_1k__nrlmf	bxt_gso__nrlmf	bxt_lmo	bxt_lmo__nrlmf	bxt_lso	bxt_lso__nrlmf
bxt_gmo	1.0	6.866455078125e-05	6.866455078125e-05	6.866455078125e-05	6.866455078125e-05	6.866455078125e-05	6.866455078125e-05	6.866455078125e-05	6.866455078125e-05
bxt_gmosa	6.866455078125e-05	1.0	0.000699129971590909	0.044718424479166664	0.190869140625	0.027374267578125	0.11600047144396551	0.00011564555921052631	0.005254330842391305
bxt_gso	6.866455078125e-05	0.000699129971590909	1.0	6.866455078125e-05	6.866455078125e-05	0.860260009765625	0.0005231584821428571	0.06513323102678571	6.866455078125e-05
bxt_gso_1k__nrlmf	6.866455078125e-05	0.044718424479166664	6.866455078125e-05	1.0	0.03456467848557692	6.866455078125e-05	0.8443464006696428	6.866455078125e-05	0.22390845514112903
bxt_gso__nrlmf	6.866455078125e-05	0.190869140625	6.866455078125e-05	0.03456467848557692	1.0	6.866455078125e-05	0.362823486328125	6.866455078125e-05	0.03456467848557692
bxt_lmo	6.866455078125e-05	0.027374267578125	0.860260009765625	6.866455078125e-05	6.866455078125e-05	1.0	6.866455078125e-05	0.3800603693181818	0.00011564555921052631
bxt_lmo__nrlmf	6.866455078125e-05	0.11600047144396551	0.0005231584821428571	0.8443464006696428	0.362823486328125	6.866455078125e-05	1.0	0.000384521484375	0.45867919921875
bxt_lso	6.866455078125e-05	0.00011564555921052631	0.06513323102678571	6.866455078125e-05	6.866455078125e-05	0.3800603693181818	0.000384521484375	1.0	0.00011564555921052631
bxt_lso__nrlmf	6.866455078125e-05	0.005254330842391305	6.866455078125e-05	0.22390845514112903	0.03456467848557692	0.00011564555921052631	0.45867919921875	0.00011564555921052631	1.0
