	bxt_gmo	bxt_gmosa	bxt_gso	bxt_gso_1k__nrlmf	bxt_gso__nrlmf	bxt_lmo	bxt_lmo__nrlmf	bxt_lso	bxt_lso__nrlmf
bxt_gmo	1.0	0.047131347656249996	0.06912935697115384	0.9256452287946428	0.8279490751378676	0.23858642578125	0.0869293212890625	0.09383616727941177	0.047131347656249996
bxt_gmosa	0.047131347656249996	1.0	0.6525170110887096	0.0010986328125	0.005218505859375	0.064178466796875	0.101318359375	0.1711370294744318	0.10928505345394737
bxt_gso	0.06912935697115384	0.6525170110887096	1.0	0.00164794921875	0.005218505859375	0.16019112723214285	0.16019112723214285	0.0072509765625	0.0869293212890625
bxt_gso_1k__nrlmf	0.9256452287946428	0.0010986328125	0.00164794921875	1.0	0.5012038658405172	0.4124098557692308	0.047131347656249996	0.02508544921875	0.064178466796875
bxt_gso__nrlmf	0.8279490751378676	0.005218505859375	0.005218505859375	0.5012038658405172	1.0	0.5012038658405172	0.1826118800951087	0.047131347656249996	0.0869293212890625
bxt_lmo	0.23858642578125	0.064178466796875	0.16019112723214285	0.4124098557692308	0.5012038658405172	1.0	0.5006103515625	0.3632080078125	0.6896417791193182
bxt_lmo__nrlmf	0.0869293212890625	0.101318359375	0.16019112723214285	0.047131347656249996	0.1826118800951087	0.5006103515625	1.0	0.6896417791193182	0.93988037109375
bxt_lso	0.09383616727941177	0.1711370294744318	0.0072509765625	0.02508544921875	0.047131347656249996	0.3632080078125	0.6896417791193182	1.0	0.6525170110887096
bxt_lso__nrlmf	0.047131347656249996	0.10928505345394737	0.0869293212890625	0.064178466796875	0.0869293212890625	0.6896417791193182	0.93988037109375	0.6525170110887096	1.0
