	bxt_gmo	bxt_gmosa	bxt_gso	bxt_gso_1k__nrlmf	bxt_gso__nrlmf	bxt_lmo	bxt_lmo__nrlmf	bxt_lso	bxt_lso__nrlmf
bxt_gmo	1.0	4.0690104166666664e-05	4.0690104166666664e-05	4.0690104166666664e-05	4.0690104166666664e-05	4.0690104166666664e-05	7.847377232142856e-05	4.0690104166666664e-05	4.0690104166666664e-05
bxt_gmosa	4.0690104166666664e-05	1.0	0.004426843979779412	4.0690104166666664e-05	4.0690104166666664e-05	4.0690104166666664e-05	4.0690104166666664e-05	0.00025634765625	4.0690104166666664e-05
bxt_gso	4.0690104166666664e-05	0.004426843979779412	1.0	4.0690104166666664e-05	4.0690104166666664e-05	4.0690104166666664e-05	4.0690104166666664e-05	0.00035439768145161286	4.0690104166666664e-05
bxt_gso_1k__nrlmf	4.0690104166666664e-05	4.0690104166666664e-05	4.0690104166666664e-05	1.0	0.0006325461647727273	0.015945870535714286	4.0690104166666664e-05	4.0690104166666664e-05	4.0690104166666664e-05
bxt_gso__nrlmf	4.0690104166666664e-05	4.0690104166666664e-05	4.0690104166666664e-05	0.0006325461647727273	1.0	0.0006325461647727273	4.0690104166666664e-05	4.0690104166666664e-05	0.00025634765625
bxt_lmo	4.0690104166666664e-05	4.0690104166666664e-05	4.0690104166666664e-05	0.015945870535714286	0.0006325461647727273	1.0	4.0690104166666664e-05	4.0690104166666664e-05	0.083251953125
bxt_lmo__nrlmf	7.847377232142856e-05	4.0690104166666664e-05	4.0690104166666664e-05	4.0690104166666664e-05	4.0690104166666664e-05	4.0690104166666664e-05	1.0	4.0690104166666664e-05	4.0690104166666664e-05
bxt_lso	4.0690104166666664e-05	0.00025634765625	0.00035439768145161286	4.0690104166666664e-05	4.0690104166666664e-05	4.0690104166666664e-05	4.0690104166666664e-05	1.0	4.0690104166666664e-05
bxt_lso__nrlmf	4.0690104166666664e-05	4.0690104166666664e-05	4.0690104166666664e-05	4.0690104166666664e-05	0.00025634765625	0.083251953125	4.0690104166666664e-05	4.0690104166666664e-05	1.0
