	bxt_gmo	bxt_gmosa	bxt_gso	bxt_gso_1k__nrlmf	bxt_gso__nrlmf	bxt_lmo	bxt_lmo__nrlmf	bxt_lso	bxt_lso__nrlmf
bxt_gmo	1.0	4.39453125e-05	4.39453125e-05	4.39453125e-05	4.39453125e-05	4.39453125e-05	0.0005303744612068966	4.39453125e-05	4.39453125e-05
bxt_gmosa	4.39453125e-05	1.0	0.03973911830357143	4.39453125e-05	4.39453125e-05	4.39453125e-05	4.39453125e-05	0.03658780184659091	4.39453125e-05
bxt_gso	4.39453125e-05	0.03973911830357143	1.0	4.39453125e-05	4.39453125e-05	4.39453125e-05	4.39453125e-05	0.00707244873046875	8.451021634615384e-05
bxt_gso_1k__nrlmf	4.39453125e-05	4.39453125e-05	4.39453125e-05	1.0	0.00039236886160714287	0.705718994140625	4.39453125e-05	4.39453125e-05	0.00201416015625
bxt_gso__nrlmf	4.39453125e-05	4.39453125e-05	4.39453125e-05	0.00039236886160714287	1.0	0.004855248235887097	4.39453125e-05	4.39453125e-05	0.00020345052083333334
bxt_lmo	4.39453125e-05	4.39453125e-05	4.39453125e-05	0.705718994140625	0.004855248235887097	1.0	4.39453125e-05	4.39453125e-05	0.03973911830357143
bxt_lmo__nrlmf	0.0005303744612068966	4.39453125e-05	4.39453125e-05	4.39453125e-05	4.39453125e-05	4.39453125e-05	1.0	4.39453125e-05	4.39453125e-05
bxt_lso	4.39453125e-05	0.03658780184659091	0.00707244873046875	4.39453125e-05	4.39453125e-05	4.39453125e-05	4.39453125e-05	1.0	4.39453125e-05
bxt_lso__nrlmf	4.39453125e-05	4.39453125e-05	8.451021634615384e-05	0.00201416015625	0.00020345052083333334	0.03973911830357143	4.39453125e-05	4.39453125e-05	1.0
