	bxt_gmo	bxt_gmosa	bxt_gso	bxt_gso_1k__nrlmf	bxt_gso__nrlmf	bxt_lmo	bxt_lmo__nrlmf	bxt_lso	bxt_lso__nrlmf
bxt_gmo	1.0	6.103515625e-05	6.103515625e-05	9.553328804347826e-05	9.553328804347826e-05	6.103515625e-05	0.0218994140625	6.103515625e-05	6.103515625e-05
bxt_gmosa	6.103515625e-05	1.0	0.1373614142922794	6.103515625e-05	6.103515625e-05	6.103515625e-05	6.103515625e-05	0.0908203125	0.00042255108173076925
bxt_gso	6.103515625e-05	0.1373614142922794	1.0	9.553328804347826e-05	6.103515625e-05	9.553328804347826e-05	6.103515625e-05	0.028989730342741934	0.0028483072916666665
bxt_gso_1k__nrlmf	9.553328804347826e-05	6.103515625e-05	9.553328804347826e-05	1.0	0.01625218884698276	0.252227783203125	0.0001373291015625	6.103515625e-05	0.08315277099609375
bxt_gso__nrlmf	9.553328804347826e-05	6.103515625e-05	6.103515625e-05	0.01625218884698276	1.0	0.23780691964285713	0.0003076171875	6.103515625e-05	6.103515625e-05
bxt_lmo	6.103515625e-05	6.103515625e-05	9.553328804347826e-05	0.252227783203125	0.23780691964285713	1.0	6.103515625e-05	6.103515625e-05	0.011810302734375
bxt_lmo__nrlmf	0.0218994140625	6.103515625e-05	6.103515625e-05	0.0001373291015625	0.0003076171875	6.103515625e-05	1.0	6.103515625e-05	6.103515625e-05
bxt_lso	6.103515625e-05	0.0908203125	0.028989730342741934	6.103515625e-05	6.103515625e-05	6.103515625e-05	6.103515625e-05	1.0	9.553328804347826e-05
bxt_lso__nrlmf	6.103515625e-05	0.00042255108173076925	0.0028483072916666665	0.08315277099609375	6.103515625e-05	0.011810302734375	6.103515625e-05	9.553328804347826e-05	1.0
