	bxt_gmo	bxt_gmosa	bxt_gso	bxt_gso_1k__nrlmf	bxt_gso__nrlmf	bxt_lmo	bxt_lmo__nrlmf	bxt_lso	bxt_lso__nrlmf
bxt_gmo	1.0	0.5643503289473684	0.5700905539772727	0.66779296875	0.8955189098011364	0.89227294921875	0.979949951171875	0.5341294232536765	0.7670418875558036
bxt_gmosa	0.5643503289473684	1.0	0.66779296875	0.5341294232536765	0.46702880859374996	0.22467041015625	0.533935546875	0.8955189098011364	0.5643503289473684
bxt_gso	0.5700905539772727	0.66779296875	1.0	0.8955189098011364	0.46702880859374996	0.22467041015625	0.5341294232536765	0.66779296875	0.5700905539772727
bxt_gso_1k__nrlmf	0.66779296875	0.5341294232536765	0.8955189098011364	1.0	0.5700905539772727	0.46702880859374996	0.533935546875	0.5341294232536765	0.8299223801185345
bxt_gso__nrlmf	0.8955189098011364	0.46702880859374996	0.46702880859374996	0.5700905539772727	1.0	0.7670418875558036	0.979949951171875	0.22467041015625	0.5205522017045454
bxt_lmo	0.89227294921875	0.22467041015625	0.22467041015625	0.46702880859374996	0.7670418875558036	1.0	0.979949951171875	0.22467041015625	0.46702880859374996
bxt_lmo__nrlmf	0.979949951171875	0.533935546875	0.5341294232536765	0.533935546875	0.979949951171875	0.979949951171875	1.0	0.46702880859374996	0.7313091571514423
bxt_lso	0.5341294232536765	0.8955189098011364	0.66779296875	0.5341294232536765	0.22467041015625	0.22467041015625	0.46702880859374996	1.0	0.46702880859374996
bxt_lso__nrlmf	0.7670418875558036	0.5643503289473684	0.5700905539772727	0.8299223801185345	0.5205522017045454	0.46702880859374996	0.7313091571514423	0.46702880859374996	1.0
