	bxt_gmo	bxt_gmosa	bxt_gso	bxt_gso_1k__nrlmf	bxt_gso__nrlmf	bxt_lmo	bxt_lmo__nrlmf	bxt_lso	bxt_lso__nrlmf
bxt_gmo	1.0	0.0001373291015625	0.0001373291015625	0.9256452287946428	0.3971354166666667	0.979949951171875	0.6525170110887096	0.00021972656249999998	0.04053376850328947
bxt_gmosa	0.0001373291015625	1.0	0.8111572265625	0.0008451021634615385	0.005126953125	0.0001373291015625	0.0001373291015625	0.6338012695312499	0.0001373291015625
bxt_gso	0.0001373291015625	0.8111572265625	1.0	0.0001373291015625	0.0008451021634615385	0.0001373291015625	0.00021972656249999998	0.1248779296875	0.0001373291015625
bxt_gso_1k__nrlmf	0.9256452287946428	0.0008451021634615385	0.0001373291015625	1.0	0.072509765625	0.8691801183363971	0.8111572265625	0.031005859375	0.04279436383928571
bxt_gso__nrlmf	0.3971354166666667	0.005126953125	0.0008451021634615385	0.072509765625	1.0	0.5962437220982143	0.17962646484375	0.04279436383928571	0.002589634486607143
bxt_lmo	0.979949951171875	0.0001373291015625	0.0001373291015625	0.8691801183363971	0.5962437220982143	1.0	0.6338012695312499	0.01945226332720588	0.10236391813858696
bxt_lmo__nrlmf	0.6525170110887096	0.0001373291015625	0.00021972656249999998	0.8111572265625	0.17962646484375	0.6338012695312499	1.0	0.0141448974609375	0.134560546875
bxt_lso	0.00021972656249999998	0.6338012695312499	0.1248779296875	0.031005859375	0.04279436383928571	0.01945226332720588	0.0141448974609375	1.0	0.0004993785511363636
bxt_lso__nrlmf	0.04053376850328947	0.0001373291015625	0.0001373291015625	0.04279436383928571	0.002589634486607143	0.10236391813858696	0.134560546875	0.0004993785511363636	1.0
