	bxt_gso	bxt_sgso	bxt_sgso_us
bxt_gso	1.0	0.14385986328125	4.57763671875e-05
bxt_sgso	0.14385986328125	1.0	4.57763671875e-05
bxt_sgso_us	4.57763671875e-05	4.57763671875e-05	1.0
